Hindi,Santali
"उच्च शिक्षा के प्रमुख संस्थान एन. आई. टी. श्रीनगर, आई. आई. टी. जम्मू, आई. आई. एम. जम्मू, एन. आई. एफ. टी. श्रीनगर और आई. एच. एम. श्रीनगर हैं।","ᱞᱟᱯᱷᱟᱝ ᱥᱮᱪᱮᱫ ᱨᱮᱭᱟᱜ ᱢᱩᱬᱩᱫ ᱟᱥᱲᱟ ᱠᱚᱫᱚ ᱦᱩᱭᱩᱜ ᱠᱟᱱᱟ ᱮᱱ ᱟᱭ ᱴᱤ ᱥᱨᱤᱱᱚᱜᱚᱨ, ᱟᱭ ᱟᱭ ᱴᱤ ᱡᱚᱢᱢᱩ, ᱟᱭ ᱟᱭ ᱴᱤ ᱡᱚᱢᱢᱩ, ᱮᱱ ᱟᱭ ᱮᱯᱷ ᱴᱤ ᱥᱨᱤᱱᱚᱜᱚᱨ, ᱟᱨ ᱟᱭ ᱮᱭᱤᱪ ᱮᱢ ᱥᱨᱤᱱᱚᱜᱚᱨ ᱾"
इसकी स्थापना 50 साल से भी पहले शिक्षा में लैंगिक अंतर को कम करने में सहायता के लिए की गई थी।,ᱥᱤᱠᱷᱱᱟᱹᱛ ᱨᱮ ᱡᱟᱱᱟᱝ ᱯᱷᱟᱨᱟᱠ ᱵᱚᱱᱫᱚᱭᱛᱮ ᱜᱚᱲᱚ ᱞᱟᱹᱜᱤᱫ ᱱᱚᱶᱟ ᱫᱚ ᱕᱐ ᱥᱮᱨᱢᱟ ᱠᱷᱚᱱ ᱦᱚᱸ ᱢᱟᱲᱟᱝ ᱛᱮ ᱛᱷᱟᱯᱚᱱ ᱦᱩᱭᱞᱮᱱᱟ ᱾
"आखिरकार, अक्टूबर 2008 और मई 2009 के बीच, वहाँ कोई बाघ नहीं देखा गया।","ᱮᱱᱛᱮ, ᱢᱩᱪᱟᱹᱫ ᱨᱮ,ᱚᱠᱴᱳᱵᱚᱨ ᱒᱐᱐᱘ ᱠᱷᱚᱱ ᱢᱮᱹ ᱒᱐᱐᱙ ᱢᱩᱫᱽ ᱨᱮ ᱚᱸᱰᱮ ᱪᱮᱹᱞᱮ ᱛᱟᱨᱩᱵᱽ ᱦᱚᱸ ᱵᱟᱭ ᱧᱮᱞᱧᱟᱢ ᱟᱠᱟᱱᱟ ᱾"
"कान्हा, बांधवगढ़, पेंच, पन्ना और सतपुड़ा राष्ट्रीय उद्यानों का प्रबंधन प्रोजेक्ट टाइगर क्षेत्रों के रूप में किया जाता है।","ᱠᱟᱱᱦᱟ, ᱵᱟᱱᱫᱷᱚᱵᱽᱜᱚᱲ, ᱯᱮᱧᱪ, ᱯᱟᱱᱱᱟ ᱟᱨ ᱥᱟᱛᱯᱩᱨᱟ ᱨᱟᱥᱴᱨᱤᱭᱚ ᱩᱫᱽᱫᱟᱱ ᱠᱚᱫᱚ ᱯᱨᱚᱡᱮᱠᱴ ᱴᱟᱭᱜᱟᱨ ᱴᱚᱴᱷᱟ ᱨᱩᱯ ᱛᱮ ᱪᱟᱪᱟᱞᱟᱣᱚᱜᱼᱟ ᱾"
"क्रिकालेव और फिलिप्स के पास अगले दो दिनों के लिए हल्का काम होगा, क्योंकि वे एक व्यस्त हस्तांतरण अवधि को पूरा करने के बाद आराम करते हैं।","ᱠᱨᱤᱠᱟᱞᱮᱵᱷ ᱟᱨ ᱯᱷᱤᱞᱤᱯᱥ ᱟᱜᱟᱢ ᱵᱟᱨ ᱢᱟᱦᱟ ᱞᱟᱹᱜᱤᱫ ᱱᱟᱥᱮ ᱟᱸᱜᱤᱵᱷᱟᱨ ᱠᱤᱱ ᱯᱟᱞᱟᱣᱼᱟ, ᱚᱡᱮ ᱫᱚ ᱩᱱᱠᱤᱱ ᱢᱤᱫᱴᱟᱝ ᱡᱚᱦᱚᱲ ᱪᱟᱞᱦᱟᱛᱟᱣ ᱟᱸᱜᱤᱵᱷᱟᱨ ᱨᱮᱭᱟᱜ ᱚᱠᱛᱚ ᱢᱩᱪᱟᱹᱫ ᱛᱟᱭᱚᱢ ᱠᱤᱱ ᱡᱤᱨᱟᱹᱜᱼᱟ ᱾"
"बालेश्वर जिले में चांदीपुर एक शांत और निर्मल स्थल है, जो ज्यादातर पर्यटकों द्वारा अनछुआ है।","ᱵᱟᱞᱮᱥᱥᱚᱨ ᱦᱚᱱᱚᱛ ᱨᱮᱭᱟᱜ ᱪᱟᱸᱫᱤᱯᱩᱨ ᱢᱤᱫᱴᱟᱝ ᱱᱤᱨᱞᱟᱹ ᱟᱨ ᱥᱟᱯᱷᱟ ᱴᱷᱟᱶ, ᱡᱟᱦᱟᱸ ᱫᱚ ᱰᱷᱮᱨᱠᱟᱭᱛᱮ ᱫᱟᱲᱟᱱᱠᱚ ᱫᱟᱨᱟᱭ ᱛᱮ ᱵᱟᱝ ᱛᱩᱱᱠᱷᱤᱧᱟᱢ ᱟᱠᱟᱱᱟ ᱾"
भारतीय उपमहाद्वीप की कुछ सबसे पुरानी चट्टानें गोवा में कर्नाटक के साथ गोवा की सीमा पर मोलेम और अनमोड के बीच पाई जाती हैं।,ᱵᱷᱟᱨᱚᱛᱤᱭᱚ ᱩᱯᱚᱢᱟᱦᱟᱫᱤᱥᱚᱢ ᱨᱮᱭᱟᱜ ᱢᱟᱨᱮᱱ ᱥᱤᱞᱟᱹ ᱠᱚ ᱢᱩᱫᱽᱨᱮ ᱢᱤᱫ ᱵᱟᱨ ᱜᱳᱶᱟ ᱨᱮ ᱠᱚᱨᱱᱟᱴᱚᱠ ᱥᱟᱶᱛᱮ ᱜᱳᱣᱟ ᱥᱤᱢᱟᱹᱨᱮ ᱢᱳᱞᱮᱢ ᱟᱨ ᱟᱱᱢᱳᱫᱮᱨ ᱛᱟᱞᱟᱢᱟᱞᱟ ᱴᱚᱴᱷᱟ ᱨᱮ ᱧᱮᱞ ᱧᱟᱢᱚᱜᱼᱟ ᱾
"इसके अलावा, आपको अपनी स्थिति से संबंधित कोई भी मेडिकल रिकॉर्ड प्रस्तुत करना होगा।","ᱱᱚᱶᱟ ᱵᱮᱜᱚᱨ, ᱟᱢᱟᱜ ᱦᱟᱞᱚᱛ ᱵᱟᱠᱷᱨᱟ ᱡᱟᱦᱟᱸᱱ ᱢᱮᱰᱤᱠᱮᱞ ᱫᱚᱞᱤᱞ ᱟᱢ ᱴᱷᱮᱱ ᱛᱟᱦᱮᱸᱱ ᱠᱷᱟᱱ ᱚᱱᱟ ᱠᱚᱦᱚᱸ ᱮᱢᱚᱜ ᱦᱳᱭᱳᱜᱼᱟ ᱾"
इनमें से प्रत्येक द्वीप की अपनी बोली है।,ᱱᱚᱶᱟ ᱰᱷᱤᱵ ᱠᱚᱫᱚ ᱱᱤᱡᱮᱨᱟᱜ ᱞᱮᱠᱟᱛᱮ ᱥᱟᱱᱟᱢᱟᱜ ᱪᱟᱸᱜᱟ ᱯᱟᱹᱨᱥᱤ ᱢᱮᱱᱟᱜᱼᱟ ᱾
संयुक्ता हेगड़े एक भारतीय अभिनेत्री हैं जो मुख्य रूप से कन्नड़ और तमिल फिल्मों में काम करती हैं।,ᱥᱚᱝᱡᱩᱠᱛᱟ ᱦᱮᱜᱚᱲ ᱢᱤᱫᱦᱚᱲ ᱵᱷᱟᱨᱚᱛᱤᱭᱟᱹ ᱯᱟᱴᱷᱚᱠᱤᱭᱟᱹ ᱡᱟᱦᱟᱸᱭ ᱫᱚ ᱟᱥᱚᱞᱨᱮ ᱠᱚᱱᱱᱚᱲ ᱟᱨ ᱛᱟᱹᱢᱤᱞ ᱪᱚᱞᱚᱠᱪᱤᱛᱟᱹᱨᱮᱭ ᱠᱟᱹᱢᱤ ᱞᱮᱫᱟ ᱾
गीत गोविंदम और ऐसे अन्य भक्ति गीत कृष्ण की स्तुति में गाए जाते हैं।,ᱜᱤᱛᱜᱳᱵᱤᱱᱫᱚ ᱟᱨ ᱱᱚᱝᱠᱟᱱ ᱮᱴᱟᱜ ᱵᱷᱚᱠᱛᱤᱭᱟᱱᱟᱜ ᱥᱮᱨᱮᱧ ᱠᱨᱤᱥᱱᱚᱣᱟᱜ ᱥᱛᱩᱛᱤ ᱨᱮ ᱥᱮᱨᱮᱧ ᱟᱠᱚ᱾
"मराठा साम्राज्य, जिसने मुगल साम्राज्य को उपमहाद्वीप के अधिपति के रूप में प्रतिस्थापित किया था, अंततः 1818 में ब्रिटिश साम्राज्य द्वारा प्रतिस्थापित किया गया था।","ᱢᱟᱨᱟᱴᱷᱟ ᱥᱟᱢᱨᱟᱡᱽᱡᱚ, ᱡᱟᱦᱟᱸ ᱫᱚ ᱢᱩᱜᱷᱚᱞ ᱥᱟᱢᱨᱟᱡᱽᱡᱚ ᱡᱚᱜᱚᱢᱚᱦᱟᱰᱤᱯ ᱨᱮᱱ ᱨᱟᱡᱟ ᱞᱮᱠᱟᱛᱮ ᱛᱷᱟᱯᱚᱱ ᱞᱮᱫ ᱛᱟᱦᱮᱸᱫ ᱠᱟᱱᱟᱭ ,ᱢᱩᱪᱟᱹᱫ ᱨᱮ ᱑᱘᱑᱘ ᱥᱟᱹᱦᱤᱛ ᱨᱮ ᱵᱨᱤᱴᱤᱥ ᱥᱟᱢᱨᱟᱡᱽᱡᱚ ᱫᱟᱨᱟᱭᱛᱮ ᱛᱷᱟᱯᱚᱱ ᱫᱚᱦᱲᱟ ᱞᱮᱱᱟ ᱾"
मैहर में अलाउद्दीन खान जैसे कई गुरुकुल फले-फूले।,ᱢᱟᱭᱦᱚᱨ ᱨᱮ ᱟᱞᱟᱣᱩᱫᱽᱫᱤᱱ ᱠᱷᱟᱱ ᱞᱮᱠᱟ ᱟᱭᱢᱟ ᱜᱟᱱ ᱜᱩᱨᱩᱠᱩᱞ ᱩᱛᱱᱟᱹᱣ ᱞᱮᱱᱟ ᱾
हल्द्वानी में इंदिरा गांधी अंतर्राष्ट्रीय खेल स्टेडियम उत्तराखंड फुटबॉल टीम का घरेलू मैदान है।,ᱦᱚᱞᱚᱫᱚᱣᱟᱱᱤ ᱨᱮ ᱤᱱᱫᱤᱨᱟ ᱜᱟᱱᱫᱷᱤ ᱡᱮᱜᱮᱫ ᱠᱷᱮᱞᱳᱰ ᱥᱴᱮᱰᱤᱭᱟᱢ ᱫᱚ ᱩᱛᱛᱚᱨᱟ ᱠᱷᱚᱱᱰᱚ ᱨᱮᱭᱟᱜ ᱯᱷᱩᱴᱵᱚᱞ ᱠᱷᱮᱞ ᱫᱚᱞ ᱠᱚᱶᱟᱜ ᱚᱲᱟᱜ ᱨᱮᱭᱟᱜ ᱜᱚᱰᱟ ᱠᱟᱱᱟ ᱾
"राजा ने स्वयं एक महाकाव्य तेलुगु कविता, अमुक्तमाल्यदा की रचना की।","ᱨᱟᱡᱟ ᱟᱡᱜᱮ ᱢᱤᱫᱴᱮᱱ ᱢᱟᱦᱟ ᱚᱱᱚᱲᱦᱮᱸ ᱛᱮᱞᱮᱜᱩ ᱚᱱᱚᱲᱦᱮᱸ, ᱟᱢᱩᱠᱛᱚᱢᱟᱞᱞᱚᱫᱟ ᱚᱞ ᱞᱮᱫᱟᱭ ᱾"
"उनकी अगली रिलीज़ कैश थी, जो फिर से अजय देवगन के साथ थी।","ᱟᱭᱟᱜ ᱛᱟᱭᱚᱢ ᱫᱟᱨᱟᱢ ᱨᱟᱲᱟ ᱫᱚ ᱛᱟᱦᱮᱸᱠᱟᱱᱟ ᱠᱮᱥ, ᱚᱱᱟ ᱫᱚ ᱟᱨᱦᱚᱸ ᱚᱡᱚᱭ ᱫᱮᱵᱽ ᱜᱚᱱᱟᱜ ᱩᱞᱴᱟᱹᱨᱮ ᱾"
"शहरी केंद्रों में सामुदायिक प्रतिष्ठान मौजूद हैं जो सामाजिक कार्यक्रमों, खेल आयोजनों, संगीत समारोहों, हास्य कार्यक्रमों और अन्य गतिविधियों की व्यवस्था करते हैं।","ᱱᱟᱜᱟᱨ ᱛᱟᱞᱢᱟ ᱠᱚᱨᱮ ᱧᱮᱞᱚᱜᱼᱟ ᱥᱟᱶᱛᱟᱹᱨᱤ ᱟᱥᱲᱟ ᱠᱚ ᱥᱟᱶᱛᱟᱟᱹᱨᱤ ᱟᱠᱷᱲᱟ, ᱠᱷᱮᱞᱚᱸᱰ ᱟᱠᱷᱲᱟ, ᱥᱮᱹᱨᱮᱹᱧ ᱟᱠᱷᱲᱟ, ᱞᱟᱪᱷᱟᱲ ᱩᱫᱩᱜ ᱟᱨ ᱮᱴᱟᱜ ᱮᱴᱟᱜ ᱠᱟᱹᱢᱤᱦᱚᱨᱟ ᱨᱮᱭᱟᱜ ᱠᱚ ᱵᱚᱱᱫᱮᱡᱼᱟ ᱾"
"""मणिपुर"" शब्द दो संस्कृत शब्दों (Maá1‡i) से बना है, जिसका अर्थ है गहना और (पुर x009d _), जिसका अर्थ है भूमि/स्थान/निवास, मणिपुर का अनुवाद ""रत्न भूमि"" के रूप में किया गया है।","ᱢᱚᱱᱤᱯᱩᱨ ᱟᱹᱲᱟᱹ ᱫᱚ ᱵᱟᱨᱭᱟ ᱥᱚᱝᱥᱠᱨᱤᱛ ᱟᱹᱲᱟᱹ ᱛᱮ ᱵᱮᱱᱟᱣ ᱟᱠᱟᱱᱟ 'ᱢᱚᱱᱤ' ᱨᱮᱭᱟᱜ ᱢᱟᱱᱮ ᱨᱚᱛᱱᱚ ᱟᱨ 'ᱯᱩᱨ', ᱡᱟᱦᱟᱸ ᱨᱮᱭᱟᱜ ᱢᱟᱱᱮ ᱚᱛ ᱦᱟᱥᱟ/ᱴᱷᱟᱶ/ᱜᱤᱨᱟᱹᱵᱟᱥᱤ, ᱢᱚᱱᱤᱯᱩᱨ ᱨᱮᱱᱟᱜ ᱢᱟᱱᱮ ""ᱫᱷᱚᱱ ᱫᱩᱨᱤᱵᱽ ᱯᱮᱨᱮᱡ ᱦᱟᱥᱟ"" ᱠᱟᱱᱟ ᱾"
यह मेरे लिए सीखने और ज्ञान अर्जित करने का समय था।,ᱱᱚᱶᱟ ᱫᱚ ᱤᱧ ᱞᱟᱹᱜᱤᱫ ᱪᱮᱫᱚᱜ ᱟᱨ ᱜᱮᱭᱟᱱ ᱟᱨᱡᱟᱣ ᱨᱮᱱᱟᱜ ᱚᱠᱛᱚ ᱛᱟᱦᱮ ᱠᱟᱱᱟ ᱾
स्टेडियम का निर्देशन द्रोणाचार्य पुरस्कार विजेता महाबली सतपाल ने किया है।,ᱥᱴᱮᱰᱤᱭᱟᱢ ᱫᱚᱭ ᱪᱟᱪᱟᱞᱟᱣ ᱮᱫ ᱛᱟᱦᱮᱱ ᱫᱨᱳᱱᱟᱪᱟᱨᱡᱚ ᱥᱤᱨᱯᱟᱹ ᱦᱟᱢᱮᱴᱟᱱ ᱢᱚᱦᱟᱵᱟᱞᱤ ᱥᱚᱛᱯᱟᱞ ᱾
"पूर्वोत्तर में इस जानवर के संरक्षण और सुरक्षा के लिए, 1988 में भारतीय कृषि अनुसंधान परिषद द्वारा मिथुन पर राष्ट्रीय अनुसंधान केंद्र की स्थापना की गई थी।","ᱩᱛᱛᱚᱨᱼᱯᱩᱨᱵᱚ ᱨᱮ ᱱᱩᱭ ᱡᱤᱭᱟᱹᱞᱤ ᱨᱟᱠᱷᱟ ᱫᱚᱦᱚ ᱥᱮ ᱨᱩᱠᱷᱤᱭᱟᱹ ᱞᱟᱹᱜᱤᱫ, ᱑᱙᱘᱘ ᱥᱟᱞᱨᱮ ᱤᱱᱰᱤᱭᱟᱱ ᱠᱟᱣᱩᱱᱥᱤᱞ ᱚᱯᱷ ᱮᱜᱽᱜᱨᱤᱠᱟᱞᱪᱟᱨ ᱨᱤᱥᱟᱨᱪ ᱦᱚᱛᱮᱛᱮ ᱢᱤᱛᱷᱩᱱ ᱟᱜ ᱡᱟᱹᱛᱤᱭᱟᱹᱨᱤ ᱠᱷᱚᱸᱫᱽᱨᱚᱸᱫᱽ ᱛᱟᱞᱢᱟ ᱛᱷᱟᱯᱚᱱ ᱞᱮᱱᱟ ᱾"
उन्होंने स्टंट-आधारित रियलिटी शो फियर फैक्टरः खतरों के खिलाड़ी 6 में भी भाग लिया।,ᱩᱱᱤ ᱫᱚ ᱥᱴᱟᱱᱴᱼᱟᱱᱟᱜ ᱨᱤᱭᱮᱞᱤᱴᱤ ᱥᱳ ᱯᱷᱤᱭᱟᱨ ᱯᱷᱮᱠᱴᱟᱨᱺ ᱠᱷᱟᱛᱨᱳ ᱠᱮ ᱠᱷᱤᱞᱟᱲᱤ ᱖ ᱨᱮᱦᱚᱸ ᱦᱤᱸᱥᱮ ᱦᱟᱛᱟᱣ ᱞᱮᱫᱟ ᱾
"परंपरागत रूप से, बच्चों को उनके परिवार से जन्मदिन जैसे उपहारों सहित बहुत विशेष ध्यान दिया जाता है।","ᱢᱟᱨᱮᱱᱟᱜ ᱞᱮᱠᱟᱛᱮ, ᱜᱤᱫᱽᱨᱟᱹ ᱟᱜ ᱡᱟᱱᱟᱢ ᱢᱟᱦᱟ ᱨᱮ ᱥᱟᱸᱫᱮᱥ ᱥᱟᱶ ᱩᱱᱠᱩᱣᱟᱜ ᱜᱷᱟᱨᱚᱸᱡᱽ ᱨᱮ ᱧᱩᱢᱟᱱ ᱢᱟᱹᱱ ᱮ ᱧᱟᱢᱟ ᱾"
"भोपाल का ऐश्बाग स्टेडियम विश्व सीरीज हॉकी टीम, भोपाल बादशाह का घरेलू मैदान है।",ᱵᱷᱩᱯᱟᱞ ᱨᱮᱭᱟᱜ ᱟᱭᱥᱵᱟᱜᱽ ᱮᱥᱴᱮᱰᱤᱭᱟᱢ ᱦᱩᱭᱩᱜ ᱠᱟᱱᱟ ᱳᱣᱟᱞᱨᱰ ᱥᱤᱨᱤᱡ ᱦᱚᱠᱤ ᱜᱟᱫᱮᱞ ᱵᱷᱳᱯᱟᱞ ᱵᱟᱫᱥᱟᱦᱚ ᱠᱚᱶᱟᱜ ᱚᱲᱟᱜ ᱨᱮᱭᱟᱜ ᱴᱟᱺᱰᱤ ᱾
"ख्याल की उत्पत्ति विवादास्पद है, हालांकि यह स्वीकार किया जाता है कि यह शैली ध्रुपद पर आधारित थी और अन्य संगीत परंपराओं से प्रभावित थी।","ᱠᱷᱮᱭᱟᱞ ᱨᱮᱭᱟᱜ ᱥᱤᱨᱡᱟᱹᱣ ᱫᱚ ᱨᱟᱯᱟᱪᱟᱱᱟᱜ, ᱮᱱᱛᱮ ᱨᱮᱦᱚᱸ ᱱᱚᱶᱟ ᱥᱳᱭᱞᱤ ᱫᱚ ᱫᱷᱨᱩᱯᱫᱽ ᱟᱱᱟᱜ ᱟᱨ ᱮᱴᱟᱝ ᱥᱮᱨᱮᱧ ᱳᱭᱛᱤᱡᱽᱡᱷᱚ ᱛᱮ ᱚᱨᱥᱚᱝ ᱞᱮᱱᱟ ᱢᱮᱛᱮ ᱢᱟᱱᱚᱛ ᱟᱠᱟᱱᱟ ᱾"
मोपिन मुख्य त्योहार है जो 5 से 6 अप्रैल तक चलता है।,ᱢᱚᱯᱤᱱ ᱢᱩᱬᱩᱫ ᱯᱟᱨᱟᱵᱽ ᱠᱟᱱᱟ ᱡᱟᱦᱟᱸ ᱕ ᱠᱷᱚᱱ ᱖ ᱮᱯᱨᱤᱞ ᱦᱟᱹᱵᱤᱡ ᱪᱟᱞᱟᱜ ᱠᱟᱱᱟ ᱾
"अमेरिकी ओलंपिक आइस हॉकी रजत पदक विजेता मौली शॉस पिछले सप्ताहांत में अपने गृहनगर नेपरविले, इलिनोइस लौट आईं।",ᱡᱩᱠᱛᱚᱨᱟᱥᱴᱨᱚ ᱚᱞᱤᱢᱯᱤᱠ ᱟᱭᱤᱥ ᱦᱚᱠᱤᱨᱮ ᱨᱩᱯᱟᱹ ᱯᱚᱫᱚᱠ ᱫᱟᱲᱮᱭᱟᱱ ᱢᱚᱞᱚ ᱥᱟᱣᱩᱥ ᱪᱟᱞᱟᱣᱮᱱ ᱦᱟᱯᱛᱟ ᱤᱞᱤᱱᱚᱭ ᱨᱮᱭᱟᱜ ᱱᱮᱯᱟᱨᱵᱷᱤᱞ ᱨᱮ ᱟᱭᱟᱜ ᱥᱟᱦᱟᱨ ᱛᱮᱭ ᱨᱩᱣᱟᱹᱲ ᱟᱠᱟᱱᱟ ᱾
"यदि उनमें से कई हैं, तो उन सभी को भरने के लिए एक अनुसूची बनाएँ।",ᱱᱚᱶᱟ ᱞᱮᱠᱟᱱ ᱟᱭᱢᱟᱜᱟᱱ ᱛᱟᱦᱮᱸ ᱞᱮᱱᱠᱷᱟᱱ ᱚᱱᱟᱠᱚ ᱯᱩᱨᱟᱹᱣ ᱞᱟᱹᱜᱤᱫ ᱢᱤᱫᱴᱮᱱ ᱚᱠᱛᱚᱼᱥᱩᱪᱤ ᱵᱮᱱᱟᱣ ᱡᱚᱝ ᱢᱮ ᱾
"हालाँकि, यदि आप इसे यहाँ करना पसंद करते हैं, तो आप इस फॉर्म के साथ आगे बढ़ सकते हैं।","ᱡᱟᱭᱦᱳᱠ, ᱟᱢ ᱡᱩᱫᱤ ᱱᱚᱶᱟ ᱵᱟᱫᱟᱞᱛᱮ ᱱᱚᱰᱮ ᱱᱚᱶᱟ ᱠᱚᱨᱟᱣᱮ ᱠᱩᱥᱤᱭᱟᱜ ᱠᱟᱱᱟ, ᱮᱱᱠᱷᱟᱱ ᱟᱢ ᱱᱚᱶᱟ ᱯᱷᱚᱨᱚᱢ ᱟᱛᱮ ᱞᱟᱦᱟ ᱥᱮᱱ ᱫᱟᱲᱮᱭᱟᱜᱼᱟ ᱾"
छठी तंत्रिका कई कॉर्टिकल प्रणालियों के लिए अंतिम सामान्य मार्गों में से एक है जो सामान्य रूप से आंखों की गति को नियंत्रित करती है।,ᱛᱩᱨᱩᱭ ᱥᱩᱛᱟᱹᱢ ᱥᱤᱨᱟᱹ ᱟᱥᱳᱠᱟᱭᱛᱮ ᱢᱮᱫ ᱨᱮᱭᱟᱜ ᱥᱟᱢᱲᱟᱣ ᱱᱚᱝᱠᱟᱱ ᱟᱹᱰᱤᱜᱟᱱ ᱠᱚᱨᱴᱤᱠᱟᱞ ᱥᱤᱥᱴᱮᱢ ᱞᱟᱹᱜᱤᱫ ᱟᱥᱳᱠᱟᱭᱛᱮ ᱪᱩᱲᱟᱹ ᱰᱟᱦᱟᱨ ᱠᱚ ᱢᱩᱫᱨᱮ ᱢᱤᱫᱴᱟᱝ ᱾
कार्मेल महिला महाविद्यालय गोवा विश्वविद्यालय से संबद्ध है।,ᱠᱟᱨᱢᱮᱞ ᱠᱚᱞᱮᱡᱽ ᱯᱷᱚᱨ ᱩᱭᱢᱮᱱ ᱫᱚ ᱜᱳᱣᱟ ᱡᱮᱸᱜᱮᱫᱵᱤᱨᱫᱟᱹᱜᱟᱲ ᱨᱮ ᱥᱮᱞᱮᱫ ᱢᱮᱱᱟᱜᱼᱟ ᱾
"राज्य की आधिकारिक भाषाएँ अंग्रेजी, सिक्किम नेपाली, सिक्किम और लेप्चा हैं।","ᱯᱚᱱᱚᱛ ᱨᱮᱭᱟᱜ ᱥᱚᱨᱠᱟᱨᱤ ᱯᱟᱹᱨᱥᱤ ᱫᱚ ᱦᱳᱭᱳᱜ ᱠᱟᱱᱟ ᱤᱝᱨᱮᱡᱤ, ᱥᱤᱠᱤᱢᱤᱡᱽ ᱱᱮᱯᱟᱞᱤ, ᱥᱤᱠᱤᱢᱤᱡᱽ ᱟᱨ ᱞᱮᱯᱪᱟ ᱾"
अरुणाचल प्रदेश में स्तनधारियों और पक्षियों की विविधता भारत में सबसे अधिक है।,ᱚᱨᱩᱱᱟᱪᱚᱞ ᱯᱨᱚᱫᱮᱥ ᱨᱮ ᱵᱷᱟᱨᱚᱛ ᱨᱮᱱ ᱱᱩᱱᱩᱣᱟᱱ ᱡᱤᱭᱟᱹᱞᱤ ᱟᱨ ᱪᱮᱬᱮᱭᱟᱜ ᱡᱚᱛᱚᱠᱷᱚᱱ ᱰᱷᱮᱨ ᱵᱷᱮᱱᱮᱜᱟᱨ ᱢᱮᱱᱟᱜ ᱟᱠᱟᱫᱟ ᱾
"देशी जल पक्षियों के साथ-साथ प्रवासी जल पक्षियों और जल के किनारे रहने वाले पक्षियों के घोंसले बनाते हुए, इस अभयारण्य में सांभर, चीतल, नीलगाय और सूअर भी रहते हैं।","ᱱᱮᱥᱴᱤᱝ ᱫᱤᱥᱚᱢ ᱨᱤᱱ ᱫᱟᱜ ᱪᱮᱸᱬᱮ, ᱮᱴᱟᱜ ᱫᱤᱥᱚᱢ ᱨᱤᱱ ᱫᱟᱜ ᱪᱮᱸᱬᱮ ᱟᱨ ᱫᱟᱜ ᱪᱮᱸᱬᱮ ᱟᱦᱟᱨ ᱨᱮᱱ ᱪᱮᱸᱬᱮ ᱵᱮᱜᱚᱨ, ᱜᱟᱹᱦᱤᱨ ᱵᱤᱨ ᱥᱟᱢᱵᱟᱨ, ᱪᱤᱛᱚᱞ ᱱᱤᱞᱜᱟᱹᱭ ᱟᱨ ᱥᱩᱠᱨᱤ ᱦᱚᱸᱠᱚ ᱛᱟᱸᱦᱮᱱᱟ ᱾"
"दर्शकों को संबोधित करते हुए, स्टेशन कमांडर दिमित्री कोंड्रातयेव ने अपने बगल में तैरते गागारिन के चित्र को'बड़े पैमाने पर मानव जाति'की उपलब्धि का प्रतिनिधित्व के रूप में संदर्भित किया।","ᱫᱚᱨᱥᱚᱠ ᱠᱚ ᱢᱟᱱᱚᱛ ᱮᱢ ᱚᱠᱛᱚ , ᱥᱴᱮᱥᱚᱱ ᱠᱚᱢᱟᱱᱰᱟᱨ ᱫᱤᱢᱤᱛᱛᱨᱤ ᱠᱚᱱᱰᱨᱟᱛᱤᱭᱮᱵᱷ ᱚᱱᱟ ᱥᱳᱨ ᱨᱮ ᱰᱚᱢᱵᱚᱞ ᱟᱠᱟᱱ ᱜᱟᱜᱟᱨᱤᱱ ᱨᱮᱭᱟᱜ ᱯᱨᱚᱛᱤᱠᱤᱨᱛᱤ ᱫᱚ 'ᱢᱟᱱᱣᱟ ᱡᱟᱛᱤ ᱠᱚᱣᱟᱜ ᱢᱟᱨᱟᱝ' ᱚᱨᱡᱚᱱ ᱞᱟᱹᱜᱤᱫ ᱛᱮ ᱯᱨᱚᱛᱤᱱᱤᱫᱷᱤᱛᱛᱚ ᱞᱮᱠᱟᱛᱮ ᱥᱚᱫᱚᱨ ᱥᱟᱢᱟᱝ ᱟᱠᱟᱫᱟᱭ ᱾"
"इसके अतिरिक्त, लगभग 58 प्रतिशत बिहारी 25 वर्ष से कम आयु के हैं, जिससे बिहार किसी भी भारतीय राज्य के युवाओं का सबसे अधिक अनुपात है।","ᱮᱱᱛᱮᱨᱮᱦᱚᱸ ᱚᱱᱢᱟᱱ ᱕᱘% ᱵᱤᱦᱟᱨᱤ ᱠᱚᱣᱟᱜ ᱩᱢᱮᱨ ᱒᱕ ᱥᱮᱨᱢᱟ ᱞᱟᱛᱟᱨ ᱨᱮ , ᱡᱟᱦᱟᱸ ᱫᱚ ᱵᱷᱟᱨᱚᱛ ᱨᱮᱭᱟᱜ ᱡᱟᱦᱟᱸᱱ ᱯᱚᱱᱚᱛ ᱨᱮᱱ ᱡᱩᱭᱟᱹᱱ ᱠᱚ ᱛᱩᱞᱩᱡᱽᱛᱮ ᱵᱤᱦᱟᱨ ᱫᱚ ᱡᱚᱛᱚ ᱠᱷᱚᱱ ᱡᱟᱥᱛᱤ ᱯᱚᱲᱚᱱᱼᱮ ᱮᱢᱟ ᱾"
वह उसे बताता है कि वह उससे कितना प्यार करता है और माफी मांगता है।,ᱟᱡ ᱩᱱᱤᱭ ᱢᱮᱛᱟᱫᱮᱭᱟ ᱟᱡ ᱩᱱᱤ ᱛᱤᱱᱟᱹᱜ ᱮ ᱫᱩᱞᱟᱹᱲᱟᱭᱟ ᱢᱮᱱᱛᱮ ᱟᱨ ᱩᱱᱤ ᱴᱷᱮᱱ ᱤᱠᱟᱹᱭ ᱠᱷᱚᱡᱟ ᱾
मैं यह शपथ अपने देश के एकीकरण की भावना से लेता हूं जो सरदार वल्लभभाई पटेल की दूरदर्शिता और कार्यों से संभव हुआ।,ᱤᱧ ᱤᱧᱟᱹᱜ ᱫᱤᱥᱚᱢ ᱨᱮ ᱵᱟᱨᱟᱵᱟᱨᱤ ᱠᱟᱜ ᱪᱮᱛᱟᱱ ᱛᱮ ᱱᱤᱭᱟ ᱠᱟᱛᱷᱟ ᱮᱢ ᱤᱧ ᱦᱟᱛᱟᱣ ᱮᱫᱟ ᱡᱟᱦᱟᱸ ᱥᱚᱨᱫᱟᱨ ᱵᱚᱞᱞᱚᱵᱷ ᱵᱷᱟᱭ ᱯᱮᱴᱮᱞ ᱟᱜ ᱧᱮᱛᱮᱞ ᱟᱨ ᱠᱟᱹᱢᱤ ᱦᱚᱨᱟᱛᱮ ᱦᱩᱭ ᱫᱟᱲᱮᱞᱮᱱᱟ ᱾
गुजरात के पर्यटन में धार्मिक स्थल एक प्रमुख भूमिका निभाते हैं।,ᱜᱩᱡᱽᱨᱟᱴ ᱨᱮᱭᱟᱜ ᱯᱚᱨᱡᱚᱴᱚᱱ ᱨᱮ ᱫᱷᱚᱨᱚᱢ ᱴᱷᱟᱶ ᱢᱤᱫᱴᱟᱝ ᱢᱩᱬᱩᱫ ᱮᱱᱮᱢᱮ ᱠᱷᱮᱢᱟᱣ ᱟᱠᱟᱫᱟ ᱾
"अपने युवा दिनों में, वे गांधी और उनके आदर्शों के प्रति प्रतिबद्ध थे।","ᱟᱭᱟᱜ ᱜᱤᱫᱽᱨᱟᱹ ᱩᱢᱮᱨ ᱨᱮ, ᱩᱱᱤ ᱫᱚ ᱜᱟᱱᱫᱷᱤ ᱟᱨ ᱩᱱᱤᱭᱟᱜ ᱟᱫᱚᱨᱥᱚ ᱨᱮ ᱠᱟᱛᱷᱟ ᱫᱚᱦᱚᱭ ᱨᱤᱠᱟᱹ ᱞᱮᱫᱟ ᱾"
"मुख्य उपासक, जिन्हें परवैतिन कहा जाता है, आमतौर पर महिलाएं होती हैं।",ᱯᱨᱚᱵᱚᱭᱛᱤᱱ ᱧᱩᱛᱩᱢᱟᱱ ᱢᱩᱲᱩᱫ ᱩᱯᱟᱥᱚᱠ ᱠᱚ ᱥᱟᱫᱷᱟᱨᱚᱱᱛᱚ ᱛᱤᱨᱞᱟᱹ ᱠᱚ ᱦᱚᱭᱩᱜᱼᱟ ᱾
सदस्यता कार्ड आमतौर पर 10 दिनों के भीतर मेल किए जाते हैं।,ᱨᱟᱹᱥᱤᱭᱟᱹ ᱠᱟᱨᱰᱠᱚ ᱥᱟᱫᱷᱟᱨᱚᱱᱚᱛ ᱑᱐ ᱢᱟᱦᱟ ᱵᱷᱤᱛᱟᱹᱨ ᱨᱮ ᱢᱮᱞ ᱦᱩᱭᱩᱜᱼᱟ ᱾
"पुडुचेरी के कुछ क्षेत्र स्वयं गैर-सन्निहित परिक्षेत्रों के समामेलन हैं, जिन्हें भारत में अक्सर ""पॉकेट"" कहा जाता है।","ᱯᱚᱫᱩᱪᱮᱨᱤ ᱨᱮᱭᱟᱜ ᱢᱤᱫᱵᱟᱨ ᱴᱚᱴᱷᱟ ᱦᱟᱸᱰᱮ ᱱᱟᱰᱮ ᱪᱷᱤᱴ ᱢᱚᱦᱚᱞ ᱨᱮᱭᱟᱜ ᱢᱤᱫ ᱫᱚ, ᱵᱷᱟᱨᱚᱛ ᱡᱟᱦᱟᱸ ᱫᱚ ""ᱯᱚᱠᱮᱴ' ᱢᱮᱱᱛᱮᱠᱚ ᱢᱮᱛᱟᱜᱼᱟ ᱾"
सुहासिनी एक अभिनेत्री हैं और उन्होंने फिल्म निर्देशक मणिरत्नम से शादी की है।,ᱥᱩᱦᱟᱥᱤᱱᱤ ᱫᱚ ᱢᱤᱫ ᱦᱚᱲ ᱯᱟᱴᱷᱚᱠᱤᱭᱟᱹ ᱟᱨ ᱪᱚᱞᱚᱛ ᱪᱤᱛᱟᱹᱨ ᱥᱟᱯᱲᱟᱣᱤᱡ ᱢᱚᱱᱤ ᱨᱚᱛᱱᱚᱢᱮ ᱵᱟᱯᱞᱟ ᱞᱮᱫᱮ ᱛᱟᱦᱮᱸᱫ ᱾
इनमें उल्लिखित रागों का प्रदर्शन करते समय उपयोग किए जाने वाले सोल्फेज के अंश होते हैं।,ᱚᱞ ᱟᱠᱟᱱ ᱨᱟᱜ ᱠᱚ ᱢᱩᱪᱟᱹᱫ ᱚᱠᱛᱮ ᱵᱮᱣᱦᱟᱨ ᱞᱟᱹᱜᱤᱫ ᱱᱚᱣᱟ ᱠᱚᱨᱮ ᱥᱚᱞᱯᱷᱮᱡ ᱨᱮᱭᱟᱜ ᱠᱩᱴᱨᱟᱹ ᱛᱟᱸᱦᱮᱱᱟ ᱾
ये ज्यादातर चीन-तिब्बती भाषा परिवार से संबंधित हैं।,ᱱᱚᱶᱟ ᱠᱚᱫᱚ ᱡᱟᱹᱥᱛᱤ ᱠᱟᱭᱛᱮ ᱪᱤᱱᱼᱛᱤᱵᱵᱚᱛ ᱯᱟᱹᱨᱥᱤ ᱜᱷᱟᱨᱚᱧᱡᱽ ᱨᱮ ᱥᱮᱞᱮᱫ ᱢᱮᱱᱟᱜᱼᱟ ᱾
करवा चौथ त्योहार से जुड़ी कई किंवदंतियां हैं।,ᱠᱟᱨᱳᱣᱟ ᱪᱚᱣᱛᱷᱚ ᱯᱚᱨᱚᱵᱽ ᱥᱟᱶᱛᱮ ᱨᱩᱯᱠᱟᱛᱷᱟ ᱢᱮᱱᱟᱜᱼᱟ ᱾
"विवाह समारोह के पहले भाग के समापन पर, दुल्हन को उपहार देने की प्रथा है।","ᱵᱟᱯᱞᱟ ᱚᱲᱟᱜ ᱨᱮ ᱯᱳᱭᱞᱳ ᱦᱚᱨᱟ ᱢᱩᱪᱟᱹᱫ ᱛᱟᱭᱚᱢ, ᱱᱟᱶᱟ ᱵᱟᱦᱩᱣᱟᱜ ᱛᱤ ᱨᱮ ᱥᱟᱸᱫᱮᱥ ᱪᱟᱞ ᱨᱮᱭᱟᱜ ᱟᱹᱨᱤ ᱪᱚᱞ ᱢᱮᱱᱟᱜᱼᱟ ᱾"
"उदाहरण के लिए, एक समुदाय जो कभी एक मिशन था और उनके पास एक पहाड़ की चोटी पर एक बड़ा क्रॉस था जो उनके लिए एक ऐतिहासिक मार्कर है।","ᱫᱟᱹᱭᱠᱟᱹ ᱥᱟᱞᱟᱜ , ᱢᱤᱫᱴᱟᱝ ᱜᱟᱛᱟᱜ ᱡᱟᱸᱦᱟ ᱢᱤᱫ ᱚᱠᱛᱚ ᱢᱤᱫᱴᱟᱝ ᱢᱤᱥᱚᱱ ᱛᱟᱦᱮᱸ ᱠᱟᱱᱟ ᱟᱨ ᱡᱟᱦᱟᱱ ᱵᱩᱨᱩ ᱪᱮᱛᱟᱱ ᱨᱮ ᱩᱱᱠᱩᱣᱟᱜ ᱢᱤᱫᱴᱟᱝ ᱢᱟᱨᱟᱝ ᱠᱩᱨᱩᱥ ᱛᱟᱦᱮᱸ ᱠᱟᱱᱟ ᱡᱟᱸᱦᱟ ᱫᱚ ᱩᱱᱠᱩ ᱴᱷᱮᱱ ᱟᱹᱰᱤ ᱡᱟᱥᱛᱤ ᱠᱟᱭᱛᱮ ᱱᱟᱜᱟᱢ ᱟᱱᱟᱜ ᱪᱤᱱᱦᱟᱹ ᱠᱟᱱᱟ ᱾"
"चटजो नदी, रामकृष्ण मिशन परिसर, सेंट जॉर्ज कैथोलिक चर्च और आसपास के गाँव जैसे कुछ ही पर्यटक स्थल हैं जो देवमाली में सबसे अच्छे आकर्षण हैं।","ᱪᱟᱴᱡᱳ ᱜᱟᱰᱟ, ᱨᱟᱢᱠᱨᱤᱥᱱᱚ ᱢᱤᱥᱚᱱ ᱠᱮᱢᱯᱟᱥ, ᱥᱮᱱᱴ ᱡᱚᱨᱡᱽ ᱠᱮᱛᱷᱚᱞᱤᱠ ᱪᱟᱨᱪ ᱟᱨ ᱟᱰᱮᱯᱟᱥᱮ ᱨᱮᱭᱟᱜ ᱟᱛᱳ ᱠᱚ ᱞᱮᱠᱟᱱ ᱛᱤᱱᱟᱹᱜ ᱜᱟᱱ ᱧᱮᱞᱡᱚᱝ ᱴᱷᱟᱶ ᱢᱮᱱᱟᱜᱼᱟ ᱫᱮᱣᱢᱟᱞᱤ ᱨᱮᱭᱟᱜ ᱥᱚᱨᱮᱥ ᱚᱱᱚᱨ ᱾"
फिर आपको अपने जीवनवृत्त और अपनी योग्यता के आधार पर कई पदों पर आवेदन भेजना चाहिए जो आपको लगता है कि आपके लिए उपयुक्त होंगे।,ᱚᱱᱟᱛᱟᱭᱚᱢ ᱟᱢᱟᱜ ᱡᱤᱭᱚᱱᱪᱩᱨᱤᱛ ᱟᱨ ᱟᱢᱟᱜ ᱡᱳᱜᱢᱟᱱ ᱪᱮᱛᱟᱱ ᱴᱮᱸᱦᱟᱴ ᱠᱟᱛᱮ ᱟᱢᱟᱜ ᱞᱟᱹᱜᱤᱫ ᱥᱚᱨᱮᱥ ᱢᱮᱱᱛᱮᱢ ᱢᱚᱱᱮᱭᱟ ᱮᱢᱚᱱ ᱵᱮᱥ ᱛᱤᱱᱟᱹᱜ ᱯᱚᱫ ᱨᱮᱭ ᱟᱨᱫᱟᱥ ᱥᱟᱠᱟᱢ ᱠᱳᱞ ᱢᱮ ᱾
"उन्होंने हाथ से काते हुए कपड़े भी पहने जिन्हें बोलचाल की भाषा में ""खादी"" कहा जाता था, जैसा कि गांधी ने वकालत की थी।",ᱩᱱᱤ ᱜᱟᱱᱫᱷᱤᱡᱤ ᱫᱟᱨᱟᱭᱛᱮ ᱵᱮᱱᱟᱣᱟᱜ 'ᱠᱷᱟᱫᱤ' ᱧᱩᱛᱩᱢᱛᱮ ᱩᱨᱩᱢᱚᱜ ᱛᱤᱛᱮ ᱛᱟᱠᱚᱭ ᱜᱮᱸᱫᱟᱜ ᱠᱤᱪᱨᱤᱡ ᱦᱚᱭ ᱦᱚᱨᱚᱜᱽ ᱛᱟᱦᱮᱱ ᱾
रीनू मैथ्यूज एक भारतीय अभिनेत्री हैं जिन्होंने मलयालम फिल्मों में अभिनय किया है।,ᱨᱮᱱᱩ ᱢᱮᱛᱷᱤᱣᱩᱥ ᱫᱚ ᱠᱟᱱᱟᱭ ᱵᱷᱟᱨᱚᱛ ᱨᱮᱱ ᱢᱤᱫ ᱯᱟᱴᱷᱚᱠᱤᱭᱟᱹ ᱡᱟᱦᱟᱸᱭ ᱫᱚ ᱢᱟᱞᱟᱭᱚᱞᱚᱢ ᱪᱚᱞᱚᱛ ᱪᱤᱛᱟᱹᱨ ᱨᱮ ᱚᱵᱷᱤᱱᱚᱭ ᱟᱠᱟᱫᱟᱭ ᱾
रे कलकत्ता के प्रति अपने लगाव और शांतिनिकेतन में बौद्धिक जीवन के प्रति कम सम्मान के कारण जाने के लिए अनिच्छुक थे।,ᱠᱚᱞᱠᱟᱛᱟ ᱥᱟᱶ ᱟᱡᱟᱜ ᱡᱚᱯᱚᱲᱟᱣ ᱟᱨ ᱥᱟᱱᱛᱤᱱᱤᱠᱮᱛᱚᱱ ᱨᱮ ᱵᱩᱫᱽᱫᱷᱤᱡᱤᱵᱤ ᱡᱤᱣᱚᱱ ᱥᱟᱶ ᱠᱚᱢ ᱢᱟᱱᱚᱛ ᱨᱮᱱᱟᱜ ᱚᱡᱮᱛᱮ ᱥᱚᱹᱛᱛᱚᱡᱤᱛ ᱪᱟᱞᱟᱣ ᱞᱟᱹᱜᱤᱫ ᱛᱮ ᱨᱟᱹᱡᱤ ᱵᱟᱝᱮ ᱛᱟᱦᱮᱸᱠᱟᱱᱟ ᱾
राज्य में हिंदू बहुसंख्यक हैं और राज्य के सभी जिलों में प्रमुख धर्म हैं।,ᱦᱤᱱᱫᱩ ᱠᱚᱫᱚ ᱯᱚᱱᱚᱛ ᱨᱮ ᱥᱟᱸᱜᱮᱼᱮᱞᱟᱱ ᱟᱨ ᱯᱚᱱᱚᱛ ᱨᱮᱭᱟᱜ ᱥᱟᱱᱟᱢ ᱦᱚᱱᱚᱛ ᱨᱮᱜᱮ ᱫᱟᱲᱮᱭᱟᱱ ᱫᱷᱚᱨᱚᱢ ᱾
"वर्षों से, मुगलों के बीच आंतरिक विवाद होने लगे, जो कई बार उनका ध्यान भटकाने लगे।","ᱥᱮᱨᱢᱟ ᱛᱟᱭᱚᱢ ᱥᱮᱨᱢᱟ ᱫᱷᱟᱹᱵᱤᱡ, ᱢᱩᱜᱷᱚᱞ ᱠᱚ ᱢᱩᱫᱨᱮ ᱵᱷᱤᱛᱨᱤ ᱵᱤᱨᱩᱫᱷ ᱪᱟᱞᱟᱜ ᱡᱟᱦᱟᱸ ᱩᱱᱠᱩ ᱜᱷᱟᱱᱮ ᱜᱷᱟᱱᱮ ᱟᱹᱰᱤ ᱟᱸᱴᱮ ᱟᱹᱲᱤᱥ ᱠᱚᱣᱟᱭ ᱾"
उन्होंने फुकरे श्रृंखला में जफर की प्रेमिका नीतू सिंह के रूप में लोकप्रियता हासिल की।,ᱩᱱᱤ ᱫᱚ ᱯᱷᱩᱠᱨᱮ ᱥᱤᱨᱤᱡᱽ ᱨᱮ ᱡᱟᱯᱷᱚᱨ ᱨᱮᱱ ᱜᱟᱛᱮᱠᱩᱲᱤ ᱱᱤᱛᱩ ᱥᱤᱝᱦᱚ ᱞᱮᱠᱟᱛᱮᱭ ᱧᱩᱢ ᱩᱨᱩᱢ ᱞᱮᱱᱟ ᱾
प्रत्येक जनजाति की एक या अधिक बोलियाँ होती हैं जो दूसरों के लिए समझ से बाहर होती हैं।,"ᱥᱟᱱᱟᱢ ᱩᱯᱚᱡᱟᱹᱛᱤᱭᱟᱜ ᱢᱤᱫ ᱵᱟᱝᱠᱷᱟᱱ ᱟᱭᱢᱟ ᱪᱟᱸᱜᱟ ᱯᱟᱹᱨᱥᱤ ᱢᱮᱱᱟᱜᱼᱟ, ᱡᱟᱸᱦᱟ ᱮᱴᱟᱜ ᱠᱚ ᱴᱷᱮᱱ ᱟᱡᱷᱟᱴ ᱜᱮᱭᱟ ᱾"
वह आपको अदालत के मुकदमे में बयान देने और/या गवाही देने के लिए भी तैयार करेगा।,ᱛᱤᱨᱞᱟᱹ ᱥᱮ ᱠᱚᱲᱟ ᱮᱴᱚᱨᱱᱤ ᱟᱢ ᱡᱚᱵᱟᱱ ᱠᱟᱛᱷᱟ ᱠᱚ ᱟᱨ/ ᱥᱮ ᱠᱟᱹᱪᱷᱟᱹᱨᱤ ᱨᱮᱭᱟᱜ ᱵᱤᱪᱟᱹᱨ ᱨᱮ ᱥᱟᱹᱠᱷᱤ ᱮᱢ ᱞᱟᱹᱜᱤᱫ ᱛᱮᱭᱟᱨ ᱢᱮᱭᱟᱭ ᱾
उन्हें परियोजना के शैक्षिक पहलुओं से परिचित कराया गया और तकनीकी पहलुओं और समुदाय-निर्माण के प्रयासों में बहुत सहायता की गई।,"ᱯᱚᱱᱛᱷᱟ ᱨᱮᱭᱟᱜ ᱥᱮᱪᱮᱫ ᱟᱱ ᱱᱟᱠᱷᱟᱠᱚ ᱥᱟᱞᱟᱜ ᱩᱱᱤ ᱩᱯᱨᱩᱢ ᱦᱳᱭ ᱞᱮᱱ ᱛᱟᱭᱟ, ᱟᱨ ᱯᱚᱨᱚᱡᱩᱠᱛᱤ ᱠᱷᱚᱱ ᱟᱨ ᱜᱩᱴ ᱵᱮᱱᱟᱣ ᱨᱮ ᱟᱹᱰᱤ ᱨᱤᱠᱤᱨ ᱛᱮ ᱩᱱᱤ ᱟᱹᱰᱤ ᱞᱮᱠᱟᱛᱮ ᱜᱚᱲᱚ ᱞᱮᱱᱟᱭ ᱾"
मध्य प्रदेश प्रशासनिक उद्देश्यों के लिए 52 जिलों में विभाजित है।,ᱯᱨᱚᱥᱟᱥᱚᱱᱤᱠ ᱠᱷᱟᱛᱤᱨᱛᱮ ᱢᱚᱫᱽᱫᱷᱚᱯᱨᱚᱫᱮᱥ ᱫᱚ ᱕᱒ ᱜᱚᱴᱟᱝ ᱦᱚᱱᱚᱛ ᱨᱮ ᱦᱟᱹᱴᱤᱧ ᱟᱠᱟᱱᱟ ᱾
"सरकार, स्थानीय और अंतर्राष्ट्रीय संगठनों द्वारा कार्यक्रम उपचार की इस पारंपरिक प्रणाली को विकसित करने और पुनर्जीवित करने के लिए काम कर रहे हैं।","ᱥᱚᱠᱟᱨ, ᱴᱚᱴᱷᱟᱨᱮᱱ ᱟᱨ ᱡᱮᱜᱮᱫ ᱡᱟᱠᱟᱫ ᱜᱟᱶᱛᱟ ᱠᱚ ᱠᱟᱹᱢᱤ ᱦᱚᱨᱟ ᱠᱚ ᱱᱚᱶᱟ ᱥᱮᱨᱣᱟ ᱟᱱᱟᱜ ᱥᱩᱫᱷᱨᱟᱹᱣ ᱟᱨ ᱩᱛᱱᱟᱹᱣ ᱥᱟᱶᱛᱮ ᱫᱚᱲᱦᱟᱡᱤᱭᱟᱹᱲ ᱞᱟᱹᱜᱤᱫ ᱮ ᱠᱟᱹᱢᱤ ᱠᱟᱱᱟ ᱾"
रूपकुंड की यात्रा बुग्याल के घास के मैदानों से होकर गुजरती है।,ᱨᱩᱯᱠᱩᱱᱰᱩ ᱫᱷᱟᱹᱵᱤᱡ ᱴᱨᱮᱠ ᱫᱚ ᱵᱩᱜᱤᱭᱟᱞ ᱛᱟᱥᱟᱫ ᱢᱮᱞᱟᱱ ᱛᱟᱞᱟᱛᱮ ᱪᱟᱞᱟᱣ ᱟᱠᱟᱱᱟ ᱾
"साथ ही, एक पुनर्गठन अधिनियम भी पारित किया गया, जो राज्य को दो केंद्र शासित प्रदेशों, जम्मू और कश्मीर और लद्दाख में पुनर्गठित करेगा।","ᱤᱱᱟᱹ ᱚᱠᱛᱚ ᱨᱮᱜᱮ ᱢᱤᱫᱴᱟᱝ ᱫᱚᱲᱦᱟ ᱵᱮᱱᱟᱣ ᱟᱭᱤᱱ ᱯᱟᱥ ᱞᱮᱱᱟ, ᱡᱟᱸᱦᱟ ᱫᱚ ᱡᱚᱢᱢᱩᱼᱠᱟᱥᱢᱤᱨ ᱟᱨ ᱞᱟᱫᱟᱠᱷ, ᱱᱚᱶᱟ ᱵᱟᱨᱭᱟ ᱫᱤᱥᱚᱢ ᱥᱚᱨᱠᱟᱨᱟᱜ ᱥᱟᱥᱚᱱ ᱴᱷᱟᱶ ᱨᱮᱭ ᱵᱮᱱᱟᱶ ᱨᱩᱣᱟᱹᱲᱟ ᱾"
"पल्लवों ने दक्षिण भारत के कुछ हिस्सों पर शासन किया, जिसकी राजधानी कांचीपुरम थी।",ᱯᱚᱞᱞᱚᱵᱽ ᱠᱚᱫᱚ ᱫᱩᱠᱠᱷᱤᱱ ᱵᱷᱟᱨᱚᱛ ᱨᱮᱭᱟᱜ ᱠᱤᱪᱷᱩ ᱦᱤᱸᱥ ᱠᱚ ᱥᱟᱥᱚᱱ ᱞᱮᱫᱟ ᱟᱨ ᱠᱟᱧᱪᱤᱯᱩᱨᱚᱢ ᱨᱮ ᱟᱠᱚᱣᱟᱜ ᱨᱟᱡᱽᱜᱟᱲ ᱛᱟᱦᱮᱸᱠᱟᱱᱟ ᱾
"यदि आपको लगता है कि थॉमस कानून को ट्रैक करने में आपकी मदद कर सकता है, तो थॉमस साइट पर जाकर शुरू करें।","ᱟᱢ ᱡᱩᱫᱤᱢ ᱢᱚᱱᱮᱭᱟᱢ ᱛᱷᱚᱢᱟᱥ ᱟᱢ ᱟᱹᱱ ᱯᱟᱸᱡᱟᱭ ᱨᱮ ᱜᱚᱲᱚ ᱫᱟᱲᱮᱭᱟᱢᱟ, ᱮᱸᱰᱮᱠᱷᱟᱱ ᱛᱷᱚᱢᱟᱥ ᱥᱟᱭᱤᱴᱨᱮ ᱪᱟᱞᱟᱣ ᱠᱟᱛᱮ ᱠᱟᱹᱢᱤ ᱮᱛᱚᱦᱚᱵ ᱢᱮ ᱾"
"मेघालय के लोकसभा में दो प्रतिनिधि हैं, जिनमें से एक शिलांग और एक तुरा से है।","ᱢᱮᱜᱷᱟᱞᱚᱭ ᱨᱮᱭᱟᱜ ᱞᱳᱠᱥᱚᱵᱷᱟ ᱨᱮ ᱵᱟᱨᱦᱚᱲ ᱢᱟᱬᱛᱮ ᱢᱮᱱᱟᱜ ᱠᱤᱱᱟ, ᱥᱤᱞᱚᱝ ᱟᱨ ᱛᱩᱨᱟᱹ ᱠᱷᱚᱱ ᱢᱤᱫᱦᱚᱲ ᱠᱟᱛᱮ ᱾"
"अंडमान द्वीप समूह में लगभग 400-450 स्वदेशी अंडमानी, जरावा और सेंटिनली, विशेष रूप से, दृढ़ स्वतंत्रता बनाए रखते हैं और संपर्क के अधिकांश प्रयासों को अस्वीकार करते हैं।","ᱟᱱᱫᱟᱢᱟᱱ ᱫᱤᱯᱯᱩᱧᱡᱽ ᱨᱮ ᱯᱮᱨᱟᱭ ᱔᱐᱐ᱼ᱔᱕᱐ ᱦᱚᱲ ᱟᱱᱫᱟᱢᱟᱱᱤ ᱟᱹᱫᱤᱵᱟᱹᱥᱤ, ᱠᱷᱟᱥ ᱠᱟᱭᱛᱮ ᱡᱟᱨᱣᱟ ᱟᱨ ᱥᱮᱱᱴᱤᱱᱮᱞᱤᱡᱽ ᱢᱮᱱᱟᱜ ᱠᱚ ᱜᱮᱭᱟᱹ ᱡᱟᱸᱦᱟᱭ ᱠᱚ ᱟᱠᱳᱣᱟᱜ ᱯᱷᱩᱱᱩᱨᱜᱟᱹᱞ ᱠᱚ ᱡᱤᱭᱟᱹᱲ ᱫᱚᱦᱚ ᱟᱠᱟᱫᱟ ᱟᱨ ᱡᱳᱜᱟᱡᱳᱜᱽ ᱨᱮᱭᱟᱜ ᱟᱹᱰᱤ ᱜᱟᱱ ᱯᱚᱨᱚᱪᱮᱥᱴᱟ ᱠᱚ ᱮᱸᱰᱮᱞ ᱟᱠᱟᱫᱟ ᱾"
कल्चर्स को अक्सर नहीं लिया जाता है या उनकी आवश्यकता नहीं होती है क्योंकि अधिकांश मामले या तो समय के साथ या विशिष्ट एंटीबायोटिक दवाओं के साथ ठीक हो जाते हैं।,ᱫᱤᱱᱟᱹᱢ ᱫᱚ ᱵᱤᱰᱟᱶ ᱵᱟᱝ ᱦᱩᱭᱩᱜ ᱠᱟᱱᱟ ᱥᱮ ᱚᱱᱟ ᱨᱮᱱᱟᱜ ᱞᱟᱹᱠᱛᱤ ᱵᱟᱝ ᱦᱩᱭᱩᱜ ᱟ ᱪᱮᱫᱟᱜ ᱥᱮ ᱟᱹᱰᱤᱜᱟᱱ ᱢᱟᱢᱞᱟ ᱚᱠᱛᱚ ᱨᱮ ᱥᱮ ᱮᱢᱱᱤ ᱮᱱᱴᱤᱵᱟᱭᱳᱴᱤᱠ ᱨᱟᱱ ᱥᱟᱞᱟᱜ ᱛᱚᱨᱟᱣ ᱦᱩᱭᱩᱜ ᱠᱟᱱᱟ᱾
गोरखा साम्राज्य ने कई राज्यों पर विजय प्राप्त की और 1768 में नेपाल में सत्ता में आया।,ᱜᱳᱨᱠᱷᱟ ᱯᱚᱱᱚᱛ ᱟᱭᱢᱟ ᱯᱚᱱᱚᱛ ᱮ ᱡᱤᱛᱟᱹᱣ ᱞᱮᱫᱟ ᱟᱨ ᱑᱗᱖᱘ ᱥᱟᱹᱦᱤᱛ ᱨᱮ ᱱᱮᱯᱟᱞ ᱨᱮ ᱠᱷᱚᱢᱚᱛᱟ ᱨᱮᱭ ᱦᱮᱡ ᱞᱮᱱᱟ ᱾
"त्रिपुरा भारत में भौगोलिक रूप से अलग-थलग स्थान पर स्थित है, क्योंकि केवल एक प्रमुख राजमार्ग, राष्ट्रीय राजमार्ग 8, इसे देश के बाकी हिस्सों से जोड़ता है।","ᱛᱨᱤᱯᱩᱨᱟ ᱫᱚ ᱵᱷᱟᱨᱚᱛ ᱨᱮᱭᱟᱜ ᱚᱛᱱᱚᱜ ᱟᱱᱟᱜ ᱞᱮᱠᱟᱛᱮ ᱵᱷᱮᱜᱟᱨ ᱟᱱ ᱴᱷᱟᱶ ᱨᱮ ᱢᱮᱱᱟᱜᱼᱟ, ᱪᱮᱫᱟᱜ ᱥᱮ ᱱᱚᱶᱟ ᱫᱚ ᱢᱤᱫᱴᱟᱝ ᱢᱩᱬᱩᱫ ᱰᱟᱦᱟᱨ, ᱡᱟᱹᱛᱤᱭᱟᱹᱨᱤ ᱰᱟᱦᱟᱨ ᱘, ᱱᱚᱶᱟ ᱫᱚ ᱫᱤᱥᱚᱢ ᱨᱮᱭᱟᱜ ᱮᱴᱟᱜ ᱦᱤᱸᱥ ᱥᱟᱞᱟᱜᱼᱮ ᱥᱮᱞᱮᱫ ᱟᱠᱟᱫᱟ ᱾"
"आखिरकार, संविधान में 26वें संशोधन द्वारा उनकी सरकार इन पूर्व शासकों की मान्यता को रद्द करने और 1971 में उन्हें दिए गए प्रिवी पर्स को समाप्त करने में सफल रही।","ᱢᱩᱪᱟᱹᱫ ᱨᱮ, ᱟᱡᱨᱮᱱ ᱥᱚᱨᱠᱟᱨ ᱥᱚᱝᱵᱤᱫᱷᱟᱱ ᱨᱮᱭᱟᱜ ᱒᱖ ᱟᱱᱟᱜ ᱥᱩᱫᱷᱨᱟᱹᱣ ᱛᱟᱞᱟᱛᱮ ᱱᱩᱠᱩ ᱢᱟᱨᱮᱱ ᱥᱟᱥᱚᱱᱤᱭᱟᱹ ᱠᱚᱣᱟᱜ ᱥᱤᱠᱠᱨᱤᱛᱤ ᱵᱟᱛᱷᱤᱞ ᱞᱟᱹᱜᱤᱫ ᱟᱨ ᱑᱙᱗᱑ ᱥᱟᱦᱤᱛ ᱨᱮ ᱩᱱᱠᱠᱩᱠᱚ ᱮᱢᱞᱮᱫ ᱯᱨᱤᱵᱷᱤ ᱯᱟᱨᱥ ᱢᱩᱪᱟᱹᱫ ᱫᱟᱲᱮᱹᱭᱟᱜ ᱛᱟᱦᱮᱫ ᱾"
"इमादुद्दीन शाह एक भारतीय अभिनेता, संगीतकार और गीतकार हैं।","ᱤᱢᱟᱫᱩᱫᱽᱫᱤᱱ ᱥᱟᱦᱚ ᱦᱚᱭᱩᱜ ᱠᱟᱱᱟᱭ ᱢᱤᱫᱴᱟᱝ ᱵᱷᱟᱨᱚᱛᱤᱭᱚ ᱚᱵᱷᱤᱱᱮᱛᱟ, ᱨᱟᱦᱟ ᱵᱟᱰᱳᱦᱤ ᱟᱨ ᱥᱮᱨᱮᱧ ᱵᱟᱰᱳᱦᱤ ᱾"
बुल्गारिया में बाल दिवस 1 जून को मनाया जाता है।,ᱵᱩᱞᱜᱮᱨᱤᱭᱟ ᱨᱮ ᱑ ᱡᱩᱱ ᱥᱤᱥᱩ ᱜᱤᱫᱽᱨᱟ ᱢᱟᱦᱟ ᱯᱟᱞᱟᱣ ᱦᱩᱭᱱᱟ ᱾
दक्षिण पूर्व एशिया में प्रवेश करने के बाद बौद्ध धर्म का पतन हो रहा था।,ᱫᱷᱚᱠᱠᱤᱱᱼ ᱯᱩᱨᱵᱚ ᱮᱥᱤᱭᱟ ᱨᱮ ᱵᱚᱞᱚ ᱠᱷᱚᱱᱟᱜ ᱵᱳᱫᱽᱫᱷᱚ ᱫᱷᱚᱨᱢᱚ ᱱᱟᱥᱟᱣ ᱞᱮᱱᱟ ᱾
"12वाँ जिला, पूर्वी पश्चिम खासी हिल्स, 2021 में बनाया गया था।","ᱢᱤᱫᱴᱟᱝ ᱑᱒ ᱟᱱᱟᱜ ᱦᱚᱱᱚᱛ, ᱯᱩᱨᱩᱵᱽ ᱯᱚᱪᱷᱤᱢ ᱠᱷᱟᱥᱤ ᱵᱩᱨᱩ, ᱒᱐᱒᱑ ᱥᱟᱞ ᱨᱮᱠᱚ ᱵᱮᱱᱟᱣ ᱞᱮᱜᱼᱟ᱾"
यह क्षेत्र बॉम्बे उच्च न्यायालय के अधिकार क्षेत्र में आता है।,ᱱᱚᱶᱟ ᱴᱚᱴᱷᱟ ᱫᱚ ᱵᱳᱢᱵᱮ ᱦᱟᱭᱠᱳᱨᱴ ᱨᱮᱭᱟᱜ ᱦᱚᱠ ᱟᱣᱛᱟᱨᱮ ᱯᱟᱲᱟᱜᱼᱟ ᱾
"केरल में दर्जनों समाचार पत्र नौ प्रमुख भाषाओं में प्रकाशित होते हैं, लेकिन मुख्य रूप से मलयालम और अंग्रेजी में।","ᱠᱮᱨᱚᱞ ᱨᱮ ᱟᱨᱮ ᱜᱚᱴᱟᱝ ᱢᱩᱲᱩᱫ ᱯᱟᱹᱨᱥᱤ, ᱢᱮᱱᱠᱷᱟᱱ ᱢᱩᱲᱩᱫ ᱫᱚ ᱢᱟᱞᱟᱭᱟᱞᱚᱢ ᱟᱨ ᱤᱝᱨᱮᱡᱤ ᱛᱮ ᱠᱤᱪᱷᱩ ᱰᱚᱡᱚᱱ ᱠᱷᱚᱵᱚᱨ ᱠᱟᱜᱚᱡᱽ ᱩᱪᱷᱟᱹᱱᱚᱜᱼᱟ ᱾"
प्रत्येक जिले के पुलिस प्रशासन के लिए एक पुलिस अधीक्षक जिम्मेदार होता है।,ᱡᱷᱚᱛᱚ ᱦᱚᱱᱚᱛ ᱨᱮ ᱯᱩᱞᱤᱥ ᱯᱨᱚᱥᱟᱥᱚᱱ ᱟᱜ ᱟᱹᱜᱤᱵᱷᱟᱨ ᱨᱮ ᱢᱮᱱᱟᱭᱼᱟ ᱢᱤᱫᱦᱚᱲ ᱯᱩᱞᱤᱥ ᱥᱩᱯᱟᱨ ᱾
"तमिलनाडु 130,058 वर्ग किलोमीटर के क्षेत्र में फैला हुआ है और भारत का दसवां सबसे बड़ा राज्य है।","ᱛᱟᱢᱤᱞᱱᱟᱲᱩ ᱑᱓᱐,᱐᱕᱘ ᱠᱤᱢᱤ ᱴᱚᱴᱷᱟᱨᱮ ᱯᱟᱥᱱᱟᱣᱼᱟ ᱟᱨ ᱱᱚᱶᱟ ᱵᱷᱨᱚᱛ ᱨᱮᱭᱟᱜ ᱜᱮᱞ ᱟᱱᱟᱝ ᱞᱟᱹᱴᱩ ᱯᱚᱱᱚᱛ ᱠᱟᱱᱟ ᱾"
अजातशत्रु ने पाटलिपुत्र शहर की स्थापना की जो बाद में मगध की राजधानी बनी।,ᱚᱡᱟᱛᱥᱚᱛᱨᱩ ᱯᱟᱴᱞᱤᱯᱩᱛᱛᱚᱨᱚ ᱱᱟᱜᱟᱨ ᱮ ᱛᱷᱟᱯᱚᱱ ᱞᱮᱫᱟᱭ ᱾ ᱡᱟᱦᱟᱸ ᱛᱟᱭᱚᱢ ᱛᱮ ᱢᱚᱜᱚᱫᱷ ᱨᱮᱭᱟᱜ ᱨᱟᱡᱽᱱᱟᱜᱟᱨ ᱦᱳᱭ ᱞᱮᱱᱟ ᱾
"छह साल के रिश्ते के बाद, यह जोड़ा दिसंबर 2014 में सौहार्दपूर्ण तरीके से अलग हो गया।","ᱛᱩᱨᱩᱭ ᱥᱮᱨᱢᱟ ᱥᱟᱹᱜᱟᱹᱭᱟᱱ ᱛᱟᱭᱚᱢ, ᱡᱩᱨᱤᱯᱟᱹᱨᱤ ᱒᱐᱑᱔ ᱥᱟᱹᱦᱤᱛ ᱨᱮᱭᱟᱜ ᱰᱤᱥᱮᱢᱵᱚᱨ ᱨᱮ ᱜᱟᱛᱮ ᱞᱮᱠᱟᱛᱮ ᱠᱤᱱ ᱵᱷᱮᱨᱟᱨ ᱮᱱᱟᱠᱤᱱ ᱾"
सिलचर असम का दूसरा सबसे अधिक आबादी वाला शहर है और व्यापार का एक महत्वपूर्ण केंद्र है।,ᱥᱤᱞᱟᱪᱚᱨ ᱟᱥᱟᱢ ᱨᱮᱭᱟᱜ ᱫᱚᱥᱟᱨ ᱡᱚᱛᱚᱠᱷᱚᱱ ᱥᱟᱸᱜᱮ ᱦᱚᱲᱟᱱ ᱥᱟᱦᱟᱨ ᱟᱨ ᱵᱮᱯᱟᱨ ᱨᱮᱭᱟᱜ ᱢᱤᱫᱴᱟᱝ ᱞᱟᱹᱠᱛᱤᱭᱟᱱ ᱛᱟᱞᱢᱟ ᱾
ऑस्ट्रेलियाई मैथ्यू मिचम ने पुरुषों की 10 मीटर डाइविंग में 537.95 के अंतिम स्कोर के साथ स्वर्ण पदक जीता।,ᱠᱚᱲᱟ ᱠᱚᱣᱟᱜ ᱑᱐ ᱢᱤᱴᱟᱨ ᱰᱟᱭᱵᱷᱤᱝ ᱨᱮ ᱚᱥᱴᱨᱮᱞᱤᱭᱟᱱ ᱢᱮᱛᱷᱤᱭᱩ ᱢᱤᱪᱮᱢ ᱕᱓᱗ᱹ᱙᱕ ᱨᱮ ᱞᱟᱯᱷᱟᱝ ᱥᱠᱳᱨ ᱠᱟᱛᱮ ᱥᱚᱱᱟᱭ ᱤᱫᱤ ᱠᱮᱫᱟ ᱾
इसका निर्माण लगभग 250 साल पहले किशनगढ़ शाही परिवार ने किया था।,ᱱᱚᱶᱟ ᱫᱚ ᱡᱟᱹᱱᱤᱡᱽ ᱒᱕᱐ ᱥᱮᱨᱢᱟ ᱢᱟᱲᱟᱝ ᱠᱤᱥᱟᱱᱜᱚᱲ ᱨᱟᱡᱽ ᱜᱷᱟᱨᱚᱸᱡᱽ ᱫᱟᱨᱟᱭᱛᱮ ᱵᱮᱱᱟᱣ ᱦᱩᱭ ᱞᱮᱱᱟ ᱾
"शहरी केंद्रों में गुवाहाटी शामिल है, जो दुनिया के 100 सबसे तेजी से बढ़ते शहरों में से एक है।",ᱱᱟᱜᱟᱨ ᱛᱟᱞᱢᱟ ᱠᱚ ᱢᱩᱫᱽᱨᱮ ᱜᱩᱣᱟᱦᱟᱹᱴᱤ ᱫᱚ ᱦᱩᱭᱩᱜ ᱠᱟᱱᱟ ᱡᱮᱜᱮᱫ ᱨᱮᱭᱟᱜ ᱑᱐᱐ ᱜᱚᱴᱟᱝ ᱟᱹᱰᱤ ᱩᱥᱟᱹᱨᱟ ᱵᱟᱹᱰᱚᱜ ᱠᱟᱱ ᱥᱟᱦᱟᱨ ᱠᱚ ᱢᱩᱫᱽ ᱨᱮ ᱢᱤᱫᱴᱟᱝ ᱾
लद्दाख के लोगों के लिए अमची चिकित्सा के बौद्धिक संपदा अधिकारों को संरक्षित करने के प्रयास जारी हैं।,ᱞᱟᱫᱟᱠᱷ ᱨᱤᱱ ᱦᱚᱲ ᱠᱚ ᱞᱟᱹᱜᱤᱫ ᱚᱢᱪᱤ ᱨᱟᱱ ᱨᱮᱱᱟᱜ ᱵᱳᱫᱫᱷᱤᱠ ᱫᱩᱨᱤᱵ ᱟᱹᱭᱫᱟᱹᱨᱤ ᱠᱚ ᱨᱟᱠᱷᱟ ᱫᱚᱦᱚ ᱞᱟᱹᱜᱤᱫ ᱮ ᱨᱤᱠᱟᱹᱭ ᱪᱟᱞᱟᱶ ᱮᱫᱟ ᱾
"इसी तरह दक्षिण पूर्व एशिया में, केंटोंगन स्लिट ड्रम का उपयोग इसी उद्देश्य के लिए किया जाता है।","ᱱᱚᱝᱠᱟ ᱞᱮᱠᱟᱜᱮ ᱫᱚᱠᱠᱷᱤᱱ ᱯᱩᱨᱩᱵ ᱮᱥᱤᱭᱟᱨᱮ , ᱠᱮᱱᱛᱟᱝᱜᱟᱱ ᱥᱞᱤᱴ ᱰᱨᱟᱢ ᱫᱚ ᱱᱚᱣᱟ ᱞᱟᱹᱜᱤᱫ ᱜᱮᱠᱚ ᱵᱮᱣᱦᱟᱨᱟ ᱾"
"7वें निजाम भारत से रियासत हैदराबाद राज्य की स्वतंत्रता को बनाए रखना चाहते थे, लेकिन इस क्षेत्र के लोगों ने भारतीय संघ में शामिल होने के लिए एक आंदोलन शुरू किया।",ᱮᱭᱟᱭᱟᱱ ᱱᱤᱡᱟᱢ ᱵᱷᱟᱨᱛ ᱨᱮᱭᱟᱜ ᱱᱟᱯᱟᱭ ᱩᱛᱟᱹᱨ ᱦᱟᱭᱫᱨᱟᱵᱟᱫ ᱯᱚᱱᱚᱛ ᱨᱮᱭᱟᱜ ᱯᱷᱩᱨᱜᱟᱹᱞ ᱥᱟᱵ ᱫᱚᱦᱚᱭ ᱠᱷᱚᱡ ᱞᱮᱫᱟᱭ ᱢᱮᱱᱠᱷᱟᱱ ᱱᱚᱶᱟ ᱴᱚᱴᱷᱟᱨᱮᱱ ᱦᱚᱲᱠᱚ ᱫᱚ ᱵᱷᱟᱨᱚᱛ ᱥᱚᱨᱠᱟᱨ ᱨᱮ ᱥᱮᱞᱮᱫ ᱞᱟᱹᱜᱤᱫ ᱟᱸᱫᱳᱲᱮ ᱮᱦᱚᱵ ᱞᱮᱫᱟ ᱾
दक्षिण छत्तीसगढ़ के बस्तर और दंतेवाड़ा सबसे अशिक्षित जिले हैं और सभी जिलों में स्कूल छोड़ने का अनुपात सबसे अधिक है।,ᱫᱚᱠᱷᱤᱱ ᱪᱷᱚᱛᱛᱤᱨᱤᱥᱜᱚᱲ ᱨᱮᱭᱟᱜ ᱵᱚᱥᱛᱟ ᱟᱨ ᱫᱟᱱᱛᱮᱣᱟᱲᱟ ᱫᱚ ᱦᱩᱭᱩᱜ ᱠᱟᱱᱟ ᱡᱷᱚᱛᱚ ᱠᱷᱚᱱ ᱢᱩᱨᱩᱠ ᱦᱚᱱᱚᱛ ᱟᱨ ᱥᱟᱱᱟᱢ ᱦᱚᱱᱚᱛ ᱠᱚ ᱢᱩᱫᱨᱮ ᱵᱤᱫᱽᱫᱟᱹᱜᱟᱲ ᱵᱟᱹᱜᱤᱭᱟᱜ ᱨᱮᱭᱟᱜ ᱦᱟᱨ ᱡᱷᱚᱛᱚ ᱠᱷᱚᱱ ᱡᱟᱹᱥᱛᱤ ᱱᱚᱶᱟ ᱵᱟᱨ ᱦᱚᱱᱚᱛ ᱨᱮ ᱾
"सीमावर्ती राज्य पश्चिम में केरल, उत्तर-पश्चिम में कर्नाटक और उत्तर में आंध्र प्रदेश हैं।","ᱥᱤᱢᱟᱹ ᱟᱹᱲᱮ ᱯᱚᱱᱚᱛ ᱠᱚᱫᱚ ᱦᱩᱭᱩᱜ ᱠᱟᱱᱟ ᱯᱚᱪᱤᱢᱨᱮ ᱠᱮᱨᱟᱞᱟ, ᱩᱛᱛᱚᱨᱼᱯᱚᱪᱤᱢᱨᱮ ᱠᱚᱨᱱᱟᱴᱚᱠ ᱟᱨ ᱩᱛᱛᱚᱨ ᱨᱮ ᱚᱱᱫᱷᱨᱚ ᱯᱨᱚᱫᱮᱥ ᱾"
"द हिंदू राज्य में सबसे अधिक पढ़ा जाने वाला अंग्रेजी भाषा का समाचार पत्र है, जिसके बाद द न्यू इंडियन एक्सप्रेस है।","ᱫᱟ ᱦᱤᱱᱫᱩ ᱫᱚ ᱠᱟᱱᱟ ᱯᱚᱱᱚᱛ ᱨᱮᱭᱟᱜ ᱡᱷᱚᱛᱚ ᱠᱷᱚᱱ ᱵᱟᱹᱲᱛᱤ ᱯᱟᱲᱦᱟᱣ ᱟᱱ ᱠᱷᱚᱵᱚᱨ ᱥᱟᱠᱟᱢ , ᱱᱤᱭᱟᱹ ᱛᱟᱭᱱᱚᱢ ᱫᱚ ᱠᱟᱱᱟ ᱫᱟ ᱤᱱᱰᱤᱭᱟᱱ ᱮᱠᱥᱯᱨᱮᱥ ᱾"
बोस्नियाई फुटबॉल महासंघ (एन. एस. बी. आई. एच.) ने फीफा की तीन सदस्यीय अध्यक्षता को एक अध्यक्ष में बदलने की मांग को खारिज कर दिया था।,ᱱᱚᱶᱟ ᱵᱟᱨᱚᱱ ᱫᱚ ᱵᱚᱥᱱᱤᱭᱟᱱ ᱯᱷᱩᱴᱵᱚᱞ ᱯᱷᱮᱰᱟᱨᱮᱥᱚᱱ (ᱮᱱ ᱮᱥ ᱵᱤ ᱟᱭ ᱮᱭᱤᱪ) ᱯᱷᱤᱯᱷᱟ ᱨᱮᱱ ᱯᱮ ᱨᱟᱹᱥᱤᱭᱟᱹ ᱟᱜ ᱥᱚᱵᱷᱟ ᱜᱚᱢᱠᱮ ᱛᱟᱞᱟᱛᱮ ᱢᱤᱫ ᱫᱤᱥᱚᱢ ᱜᱚᱢᱠᱮ ᱵᱚᱫᱚᱞ ᱫᱟᱹᱵᱤ ᱥᱟᱦᱟ ᱛᱟᱭᱚᱢ ᱦᱤᱡᱩᱜᱼᱟ ᱾
"इसे नेपाल, म्यांमार, कंबोडिया और अन्य देशों में साजिबू नोंगमा पनबा चेराओबा के रूप में भी मनाया जाता है, जहां सिंगापुर और मलेशिया जैसे बहुत सारे हिंदू हैं।","ᱱᱚᱶᱟ ᱫᱚ ᱱᱮᱯᱟᱞ, ᱢᱟᱭᱟᱱᱢᱟᱨ, ᱠᱚᱢᱵᱳᱰᱤᱭᱟ ᱟᱨ ᱮᱴᱟᱜ ᱫᱤᱥᱚᱢ ᱡᱟᱦᱟᱸᱨᱮ ᱥᱤᱝᱜᱟᱯᱩᱨ ᱟᱨ ᱢᱟᱞᱚᱭᱮᱥᱤᱭᱟ ᱞᱮᱠᱟ ᱟᱭᱢᱟ ᱦᱤᱱᱫᱩ ᱢᱮᱱᱟᱜ ᱠᱚᱣᱟ ᱚᱸᱰᱮ ᱥᱟᱪᱤᱵᱩ ᱱᱳᱝᱢᱟ ᱯᱟᱱᱵᱟ ᱪᱮᱨᱟᱣᱵᱟ ᱞᱮᱠᱟᱛᱮᱠᱚ ᱯᱟᱞᱟᱣᱟ ᱾"
"इन नियमों के तहत, यदि कोई व्यक्ति नीचे चला जाता है और 30 सेकंड की गिनती के बाद जारी नहीं रख सकता है, तो लड़ाई खत्म हो गई थी।","ᱱᱚᱶᱟ ᱱᱮᱭᱟᱢ ᱨᱮᱭᱟᱜ ᱟᱶᱛᱟ ᱨᱮ, ᱡᱩᱫᱤ ᱢᱤᱫᱦᱚᱲ ᱟᱲᱜᱳᱱᱟᱭ ᱟᱨ ᱓᱐ ᱴᱤᱲᱤᱡ ᱞᱮᱠᱷᱟ ᱛᱟᱭᱱᱚᱢ ᱵᱟᱝᱼᱮ ᱪᱟᱞᱟᱣ ᱫᱟᱲᱮᱭᱟᱜᱼᱟ ᱩᱱᱫᱚ ᱞᱟᱹᱲᱦᱟᱹᱭ ᱢᱩᱪᱟᱹᱫ ᱞᱮᱱ ᱛᱟᱦᱮᱸᱫ ᱾"
"उन्हें 1949 में महबूब खान की'अंदाज़'के साथ एक अभिनेता के रूप में अपनी सफल भूमिका मिली, जिसमें उन्होंने राज कपूर और नरगिस के साथ अभिनय किया।","ᱩᱱᱤ ᱫᱚ ᱑᱙᱔᱙ ᱥᱟᱹᱦᱤᱛ ᱨᱮ ᱢᱮᱦᱚᱵᱩᱵᱽ ᱠᱷᱟᱱ ᱟᱜ 'ᱟᱱᱫᱟᱡᱽ' ᱛᱟᱞᱟᱛᱮ ᱢᱤᱫᱦᱚᱲ ᱯᱟᱴᱷᱚᱠ ᱞᱮᱠᱟᱛᱮ ᱟᱭᱟᱜ ᱡᱩᱜᱽᱡᱤᱭᱟᱹᱲ ᱚᱱᱩᱯᱩᱨᱩᱢ ᱦᱟᱢᱮᱴ ᱞᱮᱫᱟᱭ, ᱡᱟᱸᱦᱟ ᱨᱮ ᱩᱱᱤ ᱫᱚ ᱨᱟᱡᱽ ᱠᱟᱯᱩᱨ ᱟᱨ ᱱᱟᱨᱜᱤᱥ ᱥᱟᱶᱛᱮ ᱚᱵᱷᱤᱱᱚᱭ ᱞᱮᱫᱟᱭ ᱾"
क्षेत्र के भीतर कानून प्रवर्तन की जिम्मेदारी दादरा और नगर हवेली और दमन और दीव पुलिस की है।,ᱱᱤᱭᱟᱹ ᱴᱚᱴᱷᱟ ᱢᱩᱫᱽᱨᱮ ᱟᱹᱱ ᱞᱟᱹᱜᱩᱨᱮᱭᱟᱜ ᱵᱷᱟᱹᱨᱤᱭᱟᱹ ᱫᱚ ᱫᱟᱫᱽᱨᱟ ᱟᱨ ᱱᱚᱜᱚᱨ ᱦᱟᱵᱷᱮᱞᱤ ᱟᱨ ᱫᱚᱢᱚᱱ ᱟ ᱫᱤᱭᱩ ᱨᱮᱱ ᱯᱩᱞᱤᱥᱟᱜ ᱾
आकाश वाणी का टेलीविजन प्रीमियर ज़ी टीवी पर हुआ था।,ᱟᱠᱟᱥ ᱵᱟᱱᱤ ᱴᱮᱞᱤᱵᱷᱤᱥᱚᱱ ᱯᱨᱤᱢᱤᱭᱟᱨ ᱛᱟᱦᱮᱸᱠᱟᱱᱟ ᱡᱤ ᱴᱤᱵᱷᱤ ᱨᱮ ᱾
"हालाँकि, कई पुरुष भी इस त्योहार को मनाते हैं क्योंकि छठ एक लिंग-विशिष्ट त्योहार नहीं है।","ᱡᱟᱦᱟᱸᱭᱮᱱᱜᱮ, ᱪᱷᱚᱴ ᱡᱟᱦᱟᱸᱱ ᱡᱟᱱᱟᱝ ᱴᱟᱣᱠᱟᱹ ᱯᱚᱨᱚᱵᱽ ᱵᱟᱝ ᱦᱩᱭ ᱟᱠᱟᱱ ᱚᱡᱮᱛᱮ ᱟᱭᱢᱟ ᱠᱚᱲᱟᱦᱚᱲ ᱦᱚᱸ ᱱᱚᱣᱟ ᱯᱚᱨᱚᱵ ᱫᱚᱠᱚ ᱯᱟᱞᱟᱣᱟ ᱾"
"मुख्य खाद्य फसल धान की खेती ज्यादातर अंडमान द्वीप समूह में की जाती है, जबकि नारियल और सुपारी निकोबार द्वीप समूह की नकदी फसलें हैं।","ᱢᱩᱲᱩᱫ ᱟᱨᱡᱟᱣ ᱦᱳᱲᱳ ᱫᱚ ᱵᱟᱲᱛᱤᱠᱟᱭᱛᱮ ᱟᱱᱫᱟᱢᱟᱱ ᱰᱷᱤᱯ ᱠᱚᱨᱮ ᱪᱟᱥ ᱦᱳᱭᱳᱜᱼᱟ, ᱟᱨ ᱢᱤᱫ ᱯᱟᱦᱟᱴᱟ ᱫᱚ ᱱᱟᱨᱠᱮᱹᱞ ᱟᱨ ᱥᱩᱯᱟᱹᱨᱤ ᱱᱤᱠᱳᱵᱚᱨ ᱰᱷᱤᱯ ᱨᱮᱭᱟᱜ ᱠᱟᱣᱰᱤᱭᱟᱱ ᱟᱨᱡᱟᱣ ᱡᱚ ᱠᱟᱱᱟ ᱾"
"मिस्टर जोन्स ने लड़की से 30 मिनट तक बात की, उसे क्रूस उतारने के लिए मनाने की कोशिश की।","ᱢᱤᱥᱴᱟᱨ ᱡᱳᱱᱥ ᱓᱐ ᱴᱤᱲᱤᱡ ᱫᱷᱟᱹᱵᱤᱡ ᱠᱩᱲᱤ ᱥᱟᱶ ᱠᱟᱛᱷᱟᱭ ᱨᱚᱲ ᱠᱮᱫᱟ, ᱩᱱᱤ ᱠᱨᱩᱥ ᱫᱚ ᱨᱟᱲᱟ ᱜᱤᱰᱤᱭ ᱨᱟᱹᱡᱤ ᱩᱪᱩᱭᱮ ᱠᱩᱨᱩᱢᱩᱴᱩ ᱠᱮᱫᱟ ᱾"
राज्य में 13 नगर निगम और 132 नगरपालिकाएँ हैं।,ᱯᱚᱱᱚᱛ ᱨᱮ ᱑᱓ ᱜᱚᱴᱟᱝ ᱯᱳᱣᱨᱚᱱᱤᱜᱚᱢ ᱟᱨ ᱑᱓᱒ ᱜᱚᱴᱟᱝ ᱯᱳᱣᱨᱚᱥᱚᱵᱷᱟ ᱢᱮᱱᱟᱜᱼᱟ᱾
चट्टान का एक नमूना गोवा विश्वविद्यालय में प्रदर्शित किया गया है।,ᱫᱷᱤᱨᱤ ᱨᱮᱭᱟᱜ ᱢᱤᱫᱴᱟᱝ ᱪᱤᱱᱦᱟᱹ ᱜᱳᱣᱟ ᱡᱮᱜᱮᱫ ᱵᱤᱨᱫᱟᱹᱜᱟᱲᱨᱮ ᱩᱫᱩᱜ ᱥᱚᱫᱚᱨ ᱦᱩᱭ ᱟᱠᱟᱱᱟ ᱾
"मुगल राजवंश के पतन और ब्रिटिश शाही शासन के उदय के बीच की अवधि में, पोलो मुख्य भूमि भारत से लगभग गायब हो गया।","ᱢᱩᱜᱷᱚᱞ ᱨᱟᱡᱽᱜᱷᱟᱨᱚᱧᱡ ᱠᱚᱶᱟᱜ ᱱᱟᱥᱟᱣ ᱟᱨ ᱵᱨᱤᱴᱤᱥ ᱥᱟᱢᱨᱟᱡᱽ ᱥᱟᱥᱚᱱ ᱨᱮᱭᱟᱜ ᱨᱟᱠᱟᱵ ᱚᱠᱛᱮ ᱨᱮ, ᱯᱳᱞᱳ ᱢᱩᱬᱩᱫ ᱚᱛᱮᱫ ᱠᱷᱚᱱ ᱯᱨᱟᱭ ᱟᱸᱜᱮᱱ ᱩᱛᱟᱹᱨ ᱞᱮᱱᱟ ᱾"
"सिम्हा ने अपने दोस्तों के साथ 1972 में ""नटरंग"" नामक एक नाटक समूह शुरू किया।","ᱥᱤᱝᱦᱚ, ᱟᱡᱨᱮᱱ ᱜᱟᱛᱮᱠᱚ ᱥᱟᱶ ᱑᱙᱗᱒ ᱥᱟᱹᱦᱤᱛ ᱨᱮ 'ᱱᱚᱴ ᱨᱚᱝᱜᱚ' ᱧᱩᱛᱩᱢᱟᱱ ᱢᱤᱫᱴᱟᱝ ᱜᱟᱭᱟᱱ ᱫᱚᱞᱮ ᱮᱛᱚᱦᱚᱵ ᱞᱮᱫᱟ ᱾"
"कुछ कहानियों में, कहानियाँ आपस में जुड़ी हुई हैं, जिनमें से एक दूसरे के लिए एक फ्रेम कहानी के रूप में काम करती है।","ᱢᱤᱫ ᱵᱟᱨ ᱨᱚᱲ ᱛᱟᱞᱟᱨᱮ, ᱠᱟᱦᱱᱤᱠᱚ ᱢᱤᱫᱴᱟᱝ ᱥᱟᱶ ᱢᱤᱫᱴᱟᱝ ᱡᱚᱯᱲᱟᱣ ᱛᱟᱦᱮᱸᱱᱟ, ᱢᱤᱫᱴᱟᱝ ᱥᱟᱶ ᱟᱨ ᱢᱤᱫᱴᱟᱝ ᱞᱟᱹᱜᱤᱫ ᱯᱷᱨᱮᱢ ᱠᱟᱦᱱᱤ ᱞᱮᱠᱟᱭ ᱠᱟᱹᱢᱤᱭᱟ ᱾"
केंद्र सरकार प्रशासक को उसके कर्तव्यों में सहायता करने के लिए सलाहकार नियुक्त कर सकती है।,ᱛᱟᱞᱢᱟ ᱥᱚᱨᱠᱟᱨ ᱥᱟᱥᱱᱤᱭᱟᱹ ᱞᱮᱠᱟᱛᱮ ᱩᱱᱤᱭᱟ ᱟᱸᱜᱤᱵᱷᱟᱨ ᱨᱮ ᱜᱚᱲᱚ ᱥᱚᱯᱚᱦᱚᱫ ᱞᱟᱹᱜᱤᱫᱛᱮ ᱢᱤᱫ ᱦᱚᱲ ᱥᱟᱞᱦᱟ ᱮᱢᱚᱜ ᱤᱡ ᱠᱚ ᱵᱟᱪᱷᱱᱟᱣ ᱫᱟᱲᱮᱭᱟᱭᱟ ᱾
यदि आपके पास अधिक समय है तो आप बाद में कभी भी वापस चक्कर लगा सकते हैं।,ᱟᱢ ᱴᱷᱮᱱ ᱟᱨᱦᱚᱸ ᱚᱠᱛᱚ ᱛᱟᱸᱦᱮᱱ ᱠᱷᱟᱱ ᱟᱢ ᱫᱚ ᱥᱟᱨᱟ ᱜᱷᱟᱹᱲᱤᱢ ᱨᱩᱣᱟᱹᱲ ᱫᱟᱲᱮᱹᱭᱟᱜᱼᱟ ᱾
मिजोरम की अधिकांश आबादी में कई जातीय जनजातियाँ हैं जो या तो सांस्कृतिक या भाषाई रूप से जुड़ी हुई हैं।,ᱢᱤᱡᱳᱨᱟᱢ ᱨᱮᱱ ᱦᱚᱲᱞᱮᱠᱷᱟ ᱨᱮᱭᱟᱜ ᱵᱤᱨᱟᱹᱴ ᱥᱟᱸᱜᱮ ᱞᱮᱠᱷᱟ ᱦᱟᱹᱴᱤᱧ ᱢᱮᱱᱟᱜ ᱟᱠᱟᱫᱟ ᱟᱭᱢᱟ ᱡᱟᱹᱛᱤᱭᱟᱱ ᱪᱟᱸᱜᱟᱡᱟᱹᱛᱤ ᱡᱟᱦᱟᱸᱭᱠᱚ ᱦᱩᱭᱩᱜᱼᱟ ᱫᱚ ᱞᱟᱠᱪᱟᱨ ᱞᱮᱠᱟᱛᱮ ᱥᱮ ᱯᱟᱹᱨᱥᱤ ᱞᱮᱠᱟᱛᱮ ᱠᱚ ᱥᱮᱞᱮᱫ ᱟᱠᱟᱱᱟ ᱾
उल्लेखनीय एथलीट रवि दहिया का जन्म सोनीपत जिले के नाहरी गाँव में हुआ था।,"ᱧᱩᱢᱟᱱ ᱠᱷᱮᱞᱚᱸᱰ ᱜᱟᱹᱠᱷᱩᱲᱤᱭᱟᱹ, ᱨᱚᱵᱤ ᱫᱟᱦᱤᱭᱟ, ᱥᱳᱱᱤᱯᱟᱛ ᱯᱚᱱᱚᱛ ᱨᱮᱭᱟᱜ ᱱᱟᱦᱚᱨᱤ ᱟᱹᱛᱩ ᱨᱮᱭ ᱡᱟᱱᱟᱢ ᱞᱮᱱᱟ ᱾"
"शुरू में, राष्ट्रीय मीडिया के सदस्य रोजर्स के यौन अभिविन्यास के बारे में अच्छी तरह से जानते थे, और यह व्यापक रूप से बताया गया था कि रोजर्स शादीशुदा नहीं थे और उनके कोई बच्चे नहीं थे।","ᱮᱛᱚᱦᱚᱱ ᱞᱮᱠᱟᱛᱮ, ᱡᱮᱜᱮᱛ ᱞᱮᱠᱟᱛᱮ ᱨᱟᱹᱥᱤᱭᱟᱹ ᱨᱚᱡᱟᱥ ᱨᱮᱭᱟᱜ ᱢᱤᱞᱚᱱ ᱱᱟᱯᱟᱭ ᱛᱮ ᱛᱟᱦᱮᱜ ᱠᱟᱱᱟᱭ, ᱟᱨ ᱨᱚᱡᱟᱥ ᱟᱜ ᱵᱟᱯᱞᱟ ᱵᱟᱝ ᱦᱩᱭ ᱠᱷᱟᱛᱤᱨ ᱟᱨ ᱜᱤᱫᱽᱨᱟᱹ ᱵᱟᱝ ᱛᱟᱸᱦᱮᱱ ᱠᱷᱟᱸᱛᱤᱨ ᱠᱷᱚᱵᱚᱨ ᱫᱚ ᱜᱚᱴᱟ ᱥᱮᱛ ᱯᱟᱥᱱᱟᱣ ᱞᱮᱱᱟ ᱾"
"प्रमुख मलयालम पत्रिकाओं में मातृभूमि अझचप्पथिप्पु, वनिता, इंडिया टुडे मलयालम, मध्यमम वीकली, गृहलक्ष्मी, धनम, चित्रभूमि और भाषापोषिनी शामिल हैं।","ᱢᱩᱬᱩᱫ ᱢᱟᱞᱟᱭᱟᱞᱚᱢ ᱥᱟᱢᱚᱭᱤᱠ ᱯᱟᱛᱷᱟᱢ ᱠᱚ ᱢᱩᱫᱽᱨᱮ ᱢᱮᱱᱟᱜᱼᱟ ᱢᱟᱛᱨᱤ ᱵᱷᱩᱢᱤ ᱟᱨᱞᱪᱚᱯᱫᱤᱯᱚᱯᱩ ᱵᱷᱚᱱᱤᱛᱷᱟ , ᱤᱱᱰᱤᱭᱟ ᱴᱩᱰᱮ ᱢᱟᱞᱚᱭᱟᱞᱚᱢ, ᱢᱚᱫᱫᱷᱚᱢᱚᱢᱚ ᱩᱭᱠᱞᱤ, ᱜᱨᱤᱦᱚᱞᱚᱠᱠᱷᱤ, ᱫᱷᱟᱱᱚᱢ, ᱪᱤᱛᱨᱚᱵᱷᱩᱢᱤ ᱟᱨ ᱵᱷᱟᱥᱟ ᱯᱳᱥᱤᱱᱤ ᱾"
"पठार के पश्चिमी भाग में कम ऊंचाई वाले गारो पहाड़ी क्षेत्र शामिल हैं, जो वर्ष के अधिकांश समय उच्च तापमान का अनुभव करते हैं।","ᱢᱟᱞᱵᱷᱩᱢᱤ ᱯᱚᱪᱷᱤᱢ ᱯᱟᱦᱟᱴᱟ ᱨᱮ, ᱜᱟᱨᱳ ᱯᱚᱨᱯᱚᱛᱟ ᱴᱚᱴᱷᱟ ᱨᱮ ᱞᱟᱛᱟᱨ ᱪᱮᱛᱟᱱ ᱥᱚᱦᱚᱸ, ᱥᱮᱨᱢᱟ ᱨᱮᱭᱟᱜ ᱟᱭᱢᱟᱜᱟᱱ ᱚᱠᱛᱚ ᱨᱮ ᱩᱥᱩᱞ ᱞᱚᱞᱚᱥᱚᱝ ᱧᱮᱞ ᱧᱟᱢᱚᱜᱼᱟ ᱾"
हालाँकि हाल ही में मार्च 2013 में मेघालय उच्च न्यायालय को गुवाहाटी उच्च न्यायालय से अलग कर दिया गया था और अब राज्य का अपना उच्च न्यायालय है।,"ᱢᱮᱱᱠᱷᱟᱱ ᱱᱮᱦᱟᱹᱞᱤ ᱒᱐᱑᱓ ᱥᱟᱹᱦᱤᱛ ᱨᱮᱭᱟᱜ ᱢᱟᱨᱪ ᱪᱟᱸᱫᱚ ᱨᱮ, ᱢᱮᱜᱷᱟᱞᱚᱭ ᱦᱟᱭᱠᱳᱨᱴ ᱨᱮ ᱜᱳᱶᱦᱟᱹᱴᱤ ᱦᱟᱭᱠᱳᱴ ᱠᱷᱚᱱ ᱵᱷᱮᱜᱟᱨ ᱞᱮᱫᱮᱭᱟᱠᱚ ᱟᱨ ᱱᱤᱛᱚᱜ ᱦᱚᱱᱚᱛ ᱨᱮᱭᱟᱜ ᱤᱧᱟᱜ ᱦᱟᱭᱠᱳᱴ ᱢᱮᱱᱟᱜᱼᱟ ᱾"
विकिन्यूज़ ने भी दावे पर गहराई से नज़र डाली और आगे की जाँच की।,ᱣᱤᱠᱤᱱᱤᱭᱩᱡᱽ ᱫᱟᱹᱵᱤ ᱫᱚ ᱟᱨᱦᱚᱸ ᱜᱟᱹᱦᱤᱨᱥᱟᱹᱦᱤᱡᱽ ᱧᱮᱞ ᱟᱠᱟᱫᱟ ᱟᱨᱮ ᱠᱷᱚᱸᱡ ᱟᱠᱟᱫᱟ ᱾
"क्योंकि, जैसा कि शंकर ने समझाया, बजाए जाने वाले सभी संगीत का 90 प्रतिशत तात्कालिक था।","ᱚᱡᱮ, ᱥᱚᱝᱠᱚᱨ ᱡᱟᱸᱦᱟ ᱞᱮᱠᱟᱭ ᱵᱤᱪᱷᱱᱟᱹᱣ ᱟᱠᱟᱫᱟ, ᱨᱩ ᱨᱮᱭᱟᱜ ᱥᱟᱱᱟᱢ ᱥᱮᱨᱮᱧ ᱨᱮ ᱙᱐ ᱥᱟᱭ ᱠᱟᱲᱟ ᱤᱢᱯᱨᱳᱵᱷᱟᱭᱤᱡ ᱠᱚᱨᱟᱶ ᱦᱳᱭ ᱞᱮᱱᱟ ᱾"
राज्य में कुल 12 शहर हैं।,ᱯᱚᱱᱚᱛ ᱨᱮ ᱜᱩᱴ ᱑᱒ ᱜᱚᱴᱟᱝ ᱥᱟᱦᱟᱨ ᱢᱮᱱᱟᱜᱼᱟ ᱾
"लेखा परीक्षक एक रिपोर्ट प्रस्तुत करेगा, जिसे कंपनी हाउस में दाखिल किया जाना चाहिए।","ᱧᱮᱞᱥᱟᱢᱴᱟᱣᱤᱡ ᱢᱤᱫᱴᱮᱱ ᱨᱮᱛᱮᱫ ᱵᱮᱱᱟᱣ ᱟᱭ, ᱡᱟᱦᱟᱸ ᱠᱳᱢᱯᱟᱱᱤ ᱚᱲᱟᱜ ᱨᱮ ᱥᱟᱢᱟᱝ ᱦᱩᱭᱩᱜᱼᱟ ᱾"
"इसके बाद उन्होंने अपने आसपास जमा हुए लगभग 500,000 समर्थकों का धर्म परिवर्तन किया।","ᱚᱱᱟ ᱛᱟᱭᱚᱢ ᱩᱱᱤ ᱫᱚ ᱟᱡ ᱥᱩᱨᱼᱥᱩᱯᱩᱨ ᱡᱟᱣᱨᱟ ᱟᱠᱟᱱ ᱢᱚᱴᱟᱢᱚᱴᱤ ᱕᱐᱐,᱐᱐᱐ ᱥᱚᱢᱚᱨᱛᱷᱚᱠ ᱠᱚ ᱵᱚᱫᱚᱞ ᱞᱟᱹᱜᱤᱫ ᱠᱚ ᱞᱟᱦᱟ ᱥᱮᱱ ᱞᱮᱱᱟ᱾"
हाल ही में मधुर भंडारकर की फिल्म हीरोइन में एक फिल्म स्टार के रूप में उनकी दोस्ताना उपस्थिति थी।,ᱩᱱᱤᱫᱚ ᱱᱤᱭᱟᱹ ᱜᱷᱟᱹᱲᱤ ᱢᱚᱫᱷᱩᱨ ᱵᱷᱟᱱᱫᱟᱨ ᱨᱮ ᱯᱟᱴᱚᱠᱤᱭᱟ ᱪᱚᱞᱚᱛ ᱪᱤᱛᱟᱹᱨ ᱨᱮ ᱢᱤᱫᱦᱚᱲ ᱪᱚᱞᱚᱛ ᱪᱤᱛᱟᱹᱨ ᱞᱮᱠᱟᱛᱮ ᱢᱤᱫᱴᱟᱝ ᱵᱷᱟᱞᱮᱭᱟᱱᱟᱜ ᱥᱮᱞᱮᱫ ᱠᱚᱨᱟᱣ ᱞᱮᱫᱟᱭ ᱾
त्योहार के अन्य नाम रथ जात्रा या रथ उत्सव हैं।,ᱯᱟᱨᱟᱵᱽ ᱨᱮᱭᱟᱜ ᱮᱴᱟᱜ ᱧᱩᱛᱩᱢ ᱨᱚᱛᱷ ᱡᱟᱛᱨᱟ ᱥᱮ ᱨᱚᱛᱷ ᱩᱛᱥᱚᱵᱽ ᱠᱟᱱᱟ ᱾
"जब खेल शुरू होता है, तो प्रत्येक अन्य सदस्य केवल बगल में/क्षैतिज रूप से आगे बढ़ सकते हैं।","ᱜᱮᱢ ᱮᱦᱚᱵᱚᱜ ᱛᱟᱭᱚᱢ, ᱮᱴᱟᱜ ᱠᱷᱮᱞᱳᱸᱰᱤᱭᱟᱹ ᱠᱚᱫᱚ ᱥᱟᱱᱟᱢ ᱜᱮ ᱮᱠᱷᱮᱱ ᱢᱤᱫ ᱥᱮᱫ ᱚᱪᱚᱜ/ ᱥᱚᱢᱟᱱ ᱛᱮ ᱥᱚᱨᱟᱣᱚᱜᱼᱟ ᱾"
"आपको निश्चित ब्याज का भुगतान मिलता है, आमतौर पर प्रति वर्ष दो बार जब तक कि बांड की अवधि समाप्त नहीं हो जाती।",ᱵᱚᱱᱰ ᱨᱮᱭᱟᱜ ᱢᱮᱭᱟᱫ ᱢᱩᱪᱟᱹᱫ ᱫᱷᱟᱹᱵᱤᱡ ᱛᱮ ᱥᱟᱫᱷᱟᱨᱚᱱ ᱞᱮᱠᱟᱛᱮ ᱥᱮᱨᱢᱟᱨᱮ ᱵᱟᱨᱫᱷᱟᱣ ᱥᱩᱫ ᱛᱮ ᱟᱢ ᱴᱟᱠᱟᱢ ᱧᱟᱢᱟ ᱾
मोबाइल कनेक्शन लैंडलाइन कनेक्शन से काफी अधिक हैं।,ᱢᱳᱵᱟᱭᱤᱞ ᱛᱮ ᱡᱚᱲᱟᱣ ᱨᱮᱭᱟᱜ ᱞᱮᱠᱷᱟ ᱞᱮᱱᱰᱞᱟᱭᱤᱱ ᱡᱚᱲᱟᱣ ᱠᱷᱚᱱ ᱟᱭᱢᱟ ᱰᱷᱮᱨᱟ ᱾
ए. टी. पी. चेन्नई ओपन प्रतियोगिता प्रत्येक जनवरी में चेन्नई में आयोजित की जाती है।,ᱮᱴᱤᱯᱤ ᱪᱮᱱᱱᱟᱭ ᱳᱯᱮᱱ ᱦᱮᱯᱲᱟᱣ ᱫᱚ ᱪᱮᱱᱱᱟᱭ ᱨᱮ ᱡᱚᱛᱚ ᱡᱟᱱᱩᱣᱟᱹᱨᱤ ᱨᱮᱜᱮ ᱦᱩᱭᱩᱜᱼᱟ ᱾
उनके परिवार ने मौत का कारण कैंसर बताया।,ᱩᱱᱤ ᱨᱮᱱ ᱜᱷᱟᱨᱚᱸᱡᱽ ᱯᱟᱦᱴᱟ ᱠᱷᱚᱱ ᱜᱚᱡ ᱨᱮᱭᱟᱜ ᱚᱡᱮ ᱫᱚ ᱠᱚᱨᱠᱚᱴ ᱟᱡᱟᱨ ᱢᱮᱱᱛᱮ ᱠᱚ ᱪᱷᱟᱹᱴᱭᱟᱹᱨ ᱞᱮᱫᱟ ᱾
"हाशिए पर पड़े समूहों में, अनुसूचित जनजाति रैंकिंग में सबसे नीचे हैं, जो राज्य में सामाजिक विकास की कमी पर जोर देते हैं।","ᱯᱚᱱᱚᱛ ᱨᱮ ᱥᱟᱶᱛᱟ ᱨᱮᱭᱟᱜ ᱩᱛᱷᱱᱟᱹᱣ ᱚᱵᱷᱟᱵᱽ ᱠᱟᱴᱩᱵᱛᱮ ᱩᱫᱩᱜ ᱠᱟᱛᱮᱫ, ᱛᱟᱭᱚᱢ ᱟᱠᱟᱱ ᱜᱟᱛᱟᱠ ᱠᱚ ᱢᱩᱫᱽᱨᱮ, ᱮᱥ ᱴᱤ ᱠᱚᱫᱚ ᱛᱷᱟᱨ ᱨᱮᱭᱟᱜ ᱞᱟᱛᱟᱨ ᱥᱮᱫ ᱢᱮᱱᱟᱜ ᱠᱚᱣᱟ ᱾"
"पाँच देवता-शिव, विष्णु, दुर्गा, सूर्य और गणेश की पूजा एक ही गर्भगृह या गर्भगृह में एक देवता के रूप में की जाती है।","ᱢᱚᱲᱮ ᱜᱚᱴᱟᱝ ᱵᱚᱸᱜᱟ ᱵᱩᱨᱩᱼ ᱥᱤᱵᱽ, ᱫᱩᱨᱜᱟ, ᱥᱩᱨᱡᱚ ᱟᱨ ᱜᱚᱱᱮᱥ ᱚᱸᱰᱮ ᱢᱤᱢᱤᱫ ᱠᱩᱠᱷᱤᱨᱮ ᱢᱤᱫᱴᱟᱝ ᱵᱚᱸᱜᱟ ᱞᱮᱠᱟᱛᱮ ᱯᱩᱡᱟᱹ ᱦᱩᱭᱩᱜᱼᱟ ᱾"
"जब बॉन्ड की अवधि समाप्त हो जाती है, तो बॉन्ड जारीकर्ता आपको मूलधन वापस करता है।","ᱵᱚᱱᱰ ᱨᱮᱭᱟᱜ ᱢᱮᱭᱟᱫᱽ ᱪᱟᱵᱟ ᱞᱮᱱᱠᱷᱟᱱ, ᱵᱚᱱᱰ ᱮᱢᱚᱜᱤᱡ ᱟᱢᱟᱜ ᱟᱥᱚᱞᱮ ᱨᱩᱣᱟᱹᱲ ᱟᱢᱟ ᱾"
"राष्ट्रीय चंबल अभयारण्य का प्रबंधन घडियाल और मगर, नदी डॉल्फिन, चिकनी परत वाले ऊदबिलाव और कई कछुओं की प्रजातियों के संरक्षण के लिए किया जाता है।","ᱡᱟᱹᱛᱤᱭᱟᱹᱨᱤ ᱪᱚᱢᱵᱚᱞ ᱜᱟᱹᱦᱤᱨᱵᱤᱨ ᱜᱷᱚᱲᱤᱭᱟᱞ ᱟᱨ ᱢᱚᱠᱚᱨ , ᱱᱟᱹᱭ ᱨᱮᱱ ᱰᱚᱞᱯᱷᱤᱱ, ᱞᱮᱸᱡᱮᱨ ᱦᱚᱲᱢᱚᱣᱟᱱ ᱳᱴᱟᱨ ᱟᱨ ᱠᱤᱪᱷᱩᱜᱟᱱ ᱦᱚᱨᱚ ᱞᱮᱠᱟᱱ ᱠᱚ ᱡᱚᱜᱟᱣ ᱡᱚᱛᱚᱱ ᱞᱟᱹᱜᱤᱫ ᱪᱟᱪᱞᱟᱣᱚᱜᱼᱟ ᱾"
इस खेल का आविष्कार स्वीडन में 1960 के दशक के अंत में किया गया था।,ᱠᱷᱮᱹᱞ ᱫᱚ ᱑᱙᱖᱐ ᱜᱮᱞᱟᱝ ᱨᱮᱭᱟᱜ ᱢᱩᱪᱟᱹᱫ ᱥᱮᱫ ᱥᱩᱭᱰᱮᱱ ᱨᱮ ᱮᱛᱚᱦᱚᱵ ᱞᱮᱱᱟ ᱾
विश्व फ्लोरबॉल चैंपियनशिप एक वार्षिक कार्यक्रम है जहाँ दुनिया भर की टीमें विश्व चैंपियनशिप जीतने के लिए एक टूर्नामेंट में खेलने के लिए इकट्ठा होती हैं।,ᱡᱮᱜᱮᱫ ᱯᱷᱞᱳᱨᱵᱚᱞ ᱪᱮᱢᱯᱤᱭᱚᱱᱥᱤᱯ ᱦᱳᱭᱚᱜ ᱠᱟᱱᱟ ᱢᱤᱫᱴᱟᱝ ᱥᱮᱨᱢᱟ ᱯᱩᱨᱟᱹᱣ ᱤᱵᱷᱮᱱᱴ ᱡᱟᱦᱟᱸ ᱨᱮ ᱡᱮᱜᱮᱫ ᱡᱟᱠᱟᱛ ᱫᱚᱞᱠᱚ ᱡᱮᱜᱮᱫ ᱪᱮᱢᱯᱤᱭᱟᱱᱥᱤᱯ ᱡᱤᱛᱠᱟᱹᱨ ᱞᱟᱹᱜᱤᱫ ᱢᱤᱫᱴᱟᱝ ᱴᱩᱨᱱᱟᱢᱮᱱᱴ ᱨᱮ ᱠᱷᱮᱹᱞᱳᱰ ᱞᱟᱹᱜᱤᱫ ᱠᱚ ᱢᱤᱫᱚᱜᱼᱟ ᱾
विधानसभा के सदस्यों ने औपचारिक रूप से देश की सेवा में रहने की शपथ ली।,ᱥᱚᱝᱥᱚᱫ ᱨᱟᱹᱥᱤᱭᱟᱹ ᱟᱠᱷᱲᱟ ᱩᱰᱷᱟᱶ ᱛᱟᱞᱟᱛᱮ ᱫᱤᱥᱚᱢ ᱥᱮᱵᱟ ᱨᱮᱱᱟᱜ ᱠᱤᱨᱭᱟᱹ ᱠᱚ ᱦᱟᱛᱟᱶᱼᱟ ᱾
तीरथगढ़ झरना क्षेत्र और राष्ट्रीय उद्यान के पश्चिमी भाग में कांगेर नदी और कोलाब नदी के किनारे चट्टानें मौजूद हैं।,ᱛᱤᱨᱛᱷᱚᱜᱚᱲ ᱫᱟᱜ ᱫᱩᱱᱩᱞ ᱴᱚᱴᱷᱟ ᱟᱨ ᱠᱟᱝᱜᱮᱨ ᱱᱟᱹᱭ ᱟᱨ ᱠᱳᱞᱟᱵ ᱱᱟᱹᱭ ᱟᱲᱤ ᱡᱟᱹᱛᱭᱟᱹᱨᱤ ᱜᱟᱰᱟ ᱨᱮᱱᱟᱜ ᱯᱚᱪᱷᱤᱢ ᱦᱤᱸᱥ ᱨᱮ ᱪᱩᱲᱟᱹ ᱠᱚ ᱢᱮᱱᱟᱜᱼᱟ ᱾
हवाई मार्ग राज्य को दिल्ली और चंडीगढ़ से जोड़ते हैं।,ᱥᱮᱨᱢᱟ ᱰᱟᱦᱟᱨ ᱠᱚ ᱯᱚᱱᱚᱛ ᱫᱚ ᱫᱤᱞᱞᱤ ᱟᱨ ᱪᱚᱱᱰᱤᱜᱚᱲ ᱥᱟᱶ ᱥᱮᱞᱮᱫᱟᱭ ᱾
"बिनि उनाव बिथाङा ब्लकबस्टर सावथुन मैंने प्यार किया आव सलमान खाननि बिमानि महरै फाव खालामदोंमोन आरो उनाव साजनआव, जाय बक्स अफिसआव मोनसे सुपारहिट जाफुंसारनायमोन।",ᱱᱚᱶᱟ ᱯᱚᱨᱮ ᱩᱱᱤᱫᱚ ᱵᱞᱚᱠ ᱵᱟᱥᱴᱟᱨ ᱪᱤᱛᱟᱹᱨ ᱢᱮᱭᱱᱮ ᱯᱮᱭᱟᱨ ᱠᱤᱭᱟ ᱨᱮ ᱥᱚᱞᱢᱚᱱ ᱠᱷᱟᱱ ᱟᱜ ᱟᱭᱳᱣᱟᱜ ᱪᱩᱨᱤᱛ ᱨᱮ ᱟᱨ ᱤᱱᱟᱹ ᱯᱚᱨᱮ ᱥᱟᱡᱚᱱ ᱨᱮᱦᱚᱸ ᱚᱵᱷᱤᱱᱚᱭᱮ ᱠᱚᱨᱟᱣ ᱞᱮᱫᱟ ᱡᱟᱦᱟᱸ ᱫᱚ ᱵᱚᱠᱥ ᱚᱯᱷᱤᱥ ᱨᱮ ᱥᱩᱯᱟᱨᱦᱤᱴ ᱞᱮᱱ ᱛᱟᱦᱮᱸᱫ ᱾
"जिस दिन से गाँधी की मृत्यु हुई, उन्होंने जूते पहनना बंद कर दिया और उन्हें फिर कभी नहीं पहना।",ᱜᱟᱱᱫᱷᱤ ᱜᱚᱡ ᱛᱟᱭᱚᱢ ᱫᱤᱱ ᱠᱷᱚᱱ ᱩᱱᱤᱫᱚ ᱯᱟᱱᱟᱦᱤ ᱦᱚᱨᱚᱜ ᱵᱟᱹᱜᱤ ᱠᱮᱫᱟᱭ ᱟᱨ ᱛᱤᱥ ᱨᱮᱦᱚᱸ ᱟᱫᱚ ᱯᱟᱱᱟᱦᱤ ᱵᱟᱝᱮ ᱦᱚᱨᱚᱜ ᱟᱠᱟᱫᱟ ᱾
35 वर्षीय किम बुधवार दोपहर 12 बजे रोग नदी से आधा मील दूर पाया गया।,ᱥᱟᱹᱜᱩᱱ ᱢᱟᱦᱟ ᱛᱤᱠᱤᱱ ᱑᱒ ᱴᱟᱲᱟᱝ ᱥᱮᱫ ᱓᱕ ᱥᱮᱨᱢᱟ ᱩᱢᱮᱨᱟᱱ ᱠᱤᱢ ᱫᱚ ᱨᱳᱜ ᱱᱟᱹᱭ ᱠᱷᱚᱱ ᱟᱫᱷᱟ ᱢᱟᱭᱤᱞ ᱥᱟᱹᱜᱤᱧ ᱨᱮᱭ ᱧᱟᱢ ᱞᱮᱱᱟ ᱾
ज़ांस्कर सर्दियों में जम जाता है और प्रसिद्ध चादर ट्रेक इस शानदार जमी हुई नदी पर होता है।,ᱡᱟᱱᱥᱠᱟᱨ ᱨᱟᱵᱟᱝ ᱫᱤᱱ ᱨᱮ ᱨᱮᱭᱟᱲᱚᱜᱼᱟ ᱟᱨ ᱧᱩᱛᱩᱢᱟᱱ ᱪᱟᱫᱚᱨ ᱴᱨᱮᱹᱠ ᱱᱚᱶᱟ ᱱᱟᱯᱟᱭ ᱨᱟᱵᱟᱝ ᱱᱟᱹᱭ ᱪᱮᱛᱟᱱᱨᱮ ᱦᱳᱭᱳᱜᱼᱟ ᱾
गुजरात ने सबसे अधिक दशक की कृषि विकास दर 10.97% दर्ज की।,ᱜᱩᱡᱨᱟᱴ ᱜᱮᱞ ᱥᱮᱨᱢᱟ ᱨᱮᱭᱟᱜ ᱡᱚᱛᱚᱠᱷᱚᱱ ᱑᱐ᱹ᱙᱗ ᱪᱟᱥ ᱵᱟᱹᱲᱛᱤ ᱨᱮᱭᱟᱜ ᱦᱟᱨ ᱮ ᱨᱮᱠᱚᱨᱰ ᱞᱮᱫᱟ ᱾
"ब्रिटिश ईस्ट इंडिया कंपनी द्वारा अधीनता, उपनिवेशीकरण और कर लगाने के परिणामस्वरूप स्थानीय लोगों ने स्वतःस्फूर्त प्रतिरोध किया।",ᱵᱨᱤᱴᱤᱥ ᱤᱥᱴ ᱤᱱᱰᱤᱭᱟ ᱠᱳᱯᱟᱱᱤ ᱦᱚᱛᱮᱛᱮ ᱮᱴᱟᱜ ᱦᱚᱲᱟᱜ ᱛᱟᱹᱨᱤ ᱩᱯᱚᱱᱤᱵᱮᱥ ᱮᱥᱛᱟᱯᱚᱱ ᱟᱨ ᱠᱚᱨ ᱟᱨᱳᱯ ᱴᱚᱴᱷᱟ ᱦᱚᱲᱞᱮᱠᱷᱟ ᱠᱷᱚᱱ ᱥᱚᱛᱚᱥᱚᱯᱷᱩᱨᱛᱚ ᱯᱨᱚᱛᱤᱨᱳᱫ ᱞᱟᱹᱜᱤᱫ ᱡᱟᱱᱟᱢ ᱞᱮᱱᱟ ᱾
रामायण और महाभारत में भी इस क्षेत्र का उल्लेख है।,ᱨᱟᱢᱟᱭᱚᱱ ᱟᱨ ᱢᱚᱦᱟᱵᱷᱟᱨᱚᱛ ᱨᱮᱦᱚᱸ ᱱᱚᱣᱟ ᱴᱚᱴᱷᱟ ᱫᱚ ᱚᱞ ᱢᱮᱱᱟᱜᱼᱟ ᱾
1990 में ओलंपिक आंदोलन द्वारा इसे खेल के लिए अंतर्राष्ट्रीय शासी निकाय के रूप में मान्यता दी गई थी।,ᱱᱚᱶᱟ ᱫᱚ ᱑᱙᱙᱐ ᱥᱟᱞ ᱨᱮ ᱚᱞᱤᱢᱯᱤᱠ ᱢᱩᱵᱷᱢᱮᱱᱴ ᱫᱟᱨᱟᱭᱛᱮ ᱠᱷᱮᱞ ᱞᱟᱹᱜᱤᱫ ᱡᱮᱜᱮᱫ ᱡᱟᱠᱟᱛ ᱧᱮᱞ ᱥᱟᱢᱴᱟᱣ ᱜᱟᱶᱛᱟ ᱞᱮᱠᱟᱛᱮ ᱢᱟᱱᱟᱣ ᱦᱩᱭᱞᱮᱱᱟ ᱾
इसका कारण ग्रामीण क्षेत्रों में अत्यधिक गरीबी है।,ᱟᱹᱛᱩ ᱚᱲᱟᱜ ᱨᱮᱱᱟᱜ ᱟᱹᱰᱤ ᱛᱮᱫ ᱨᱮᱸᱜᱮᱡ ᱦᱟᱞᱚᱛ ᱱᱚᱶᱟ ᱨᱮᱱᱟᱜ ᱚᱡᱮ ᱾
अवारी दार्जिलिंग और कलकत्ता के अवारी-मदन परिवार के सदस्य हैं।,ᱟᱵᱷᱚᱨᱤ ᱫᱚ ᱫᱟᱨᱡᱤᱞᱤᱝ ᱟᱨ ᱠᱳᱞᱠᱟᱛᱟ ᱨᱮᱱ ᱟᱵᱷᱚᱨᱤᱼᱢᱚᱫᱚᱱ ᱜᱷᱟᱨᱚᱸᱡᱽ ᱨᱮᱱ ᱨᱟᱹᱥᱤᱭᱟᱹ ᱾
"वृषध्वज और उनके उत्तराधिकारी-पुत्र भी मर चुके थे, और उनके पोते, धर्मध्वज और कुशध्वज अब लक्ष्मी की कृपा प्राप्त करने के लिए उनकी पूजा कर रहे थे।","ᱵᱨᱤᱥᱫᱷᱚᱡᱽ ᱟᱨ ᱩᱱᱤᱨᱮᱱ ᱵᱤᱨᱟᱹᱫᱟᱹᱞᱤ ᱦᱚᱯᱚᱱ ᱦᱚᱸᱭ ᱜᱚᱡ ᱟᱠᱟᱱᱟ ᱟᱨ ᱩᱱᱤ ᱨᱮᱱ ᱜᱚᱲᱚᱢ ᱠᱚᱲᱟ ᱠᱤᱱ, ᱫᱷᱚᱨᱢᱚᱫᱷᱚᱡᱽ ᱟᱨ ᱠᱩᱥᱫᱷᱚᱡᱽ ᱱᱤᱛᱚᱜ ᱞᱚᱠᱷᱤ ᱧᱟᱢ ᱟᱸᱥᱛᱮ ᱩᱱᱤᱭᱟᱜ ᱯᱩᱡᱟᱹ ᱠᱤᱱ ᱠᱚᱨᱟᱣᱟ᱾"
"श्रीलंकाई बौद्ध भिक्षु हम्मालावा सद्धतिस्सा के साथ बैठक के बाद, अम्बेडकर ने 14 अक्टूबर 1956 को नागपुर में अपने और अपने समर्थकों के लिए एक औपचारिक सार्वजनिक समारोह का आयोजन किया।","ᱥᱨᱤᱞᱚᱝᱠᱟᱨᱮᱱ ᱵᱳᱫᱽᱫᱷᱚ ᱠᱚᱠᱚᱭ ᱡᱩᱜᱤ ᱦᱟᱢᱢᱟᱞᱟᱣᱟ ᱥᱟᱫᱽᱫᱟᱛᱤᱥᱟᱨ ᱥᱟᱶᱛᱮ ᱧᱟᱯᱟᱢ ᱛᱟᱭᱚᱢ, ᱟᱢᱵᱮᱫᱽᱠᱚᱨ ᱑᱔ ᱚᱠᱴᱚᱵᱚᱨ ᱑᱙᱕᱖ ᱨᱮ ᱱᱟᱜᱽᱯᱩᱨ ᱨᱮ ᱟᱡᱟᱜ ᱟᱨ ᱟᱡᱨᱮᱱ ᱥᱚᱢᱚᱨᱛᱷᱚᱠ ᱠᱚ ᱞᱟᱹᱜᱤᱫ ᱢᱤᱫᱴᱟᱝ ᱡᱚᱢᱮᱞᱟᱭ ᱟᱠᱷᱲᱟᱭ ᱥᱟᱯᱲᱟᱣ ᱞᱮᱫᱟ ᱾"
मणिपुर का उल्लेख ऐतिहासिक ग्रंथों में कांगलीपाक या मीतेइलिपाक के रूप में किया गया है।,ᱢᱚᱱᱤᱯᱩᱨ ᱫᱚ ᱱᱟᱜᱟᱢᱤᱭᱟᱹ ᱯᱩᱛᱷᱤᱨᱮ ᱠᱟᱝᱞᱮᱭᱯᱟᱠ ᱵᱟᱝᱠᱷᱟᱱ ᱢᱤᱴᱮᱭᱞᱤᱯᱟᱠ ᱞᱮᱠᱟᱛᱮ ᱚᱞ ᱢᱮᱱᱟᱜ ᱟᱠᱟᱫᱟ ᱾
"द्वितीय विश्व युद्ध के दौरान, द्वीप व्यावहारिक रूप से जापानी नियंत्रण में थे, केवल नाममात्र के लिए सुभाष चंद्र बोस के अर्जी हुकुमते आजाद हिंद के अधिकार में थे।","ᱫᱚᱥᱟᱨ ᱡᱮᱜᱮᱫ ᱞᱟᱹᱲᱦᱟᱹᱭ ᱚᱠᱛᱮ, ᱰᱷᱤᱯ ᱠᱚᱫᱚ ᱡᱟᱯᱟᱱᱤ ᱥᱟᱢᱵᱲᱟᱣ ᱨᱮ ᱛᱟᱦᱮᱸᱠᱟᱱᱟ, ᱮᱠᱷᱮᱱ ᱧᱩᱛᱩᱢ ᱞᱮᱠᱟ ᱥᱩᱵᱷᱟᱥ ᱪᱚᱱᱫᱚᱨᱚ ᱵᱚᱥᱩ ᱟᱜ ᱟᱨᱡᱤ ᱦᱚᱠᱩᱢ ᱛᱮ ᱟᱡᱟᱫᱽ ᱦᱤᱱᱫᱽ ᱜᱚᱵᱚᱞ ᱨᱮ ᱛᱟᱦᱮᱸᱠᱟᱱᱟ ᱾"
"लक्षद्वीप की प्रमुख भाषाएँ मलयालम, जेसेरी (द्वीप भाषा) और महल हैं।","ᱞᱟᱠᱠᱷᱟ ᱰᱷᱤᱯ ᱨᱮᱭᱟᱜ ᱢᱩᱬᱩᱫ ᱯᱟᱹᱨᱥᱤ ᱫᱚ ᱠᱟᱱᱟ ᱢᱟᱞᱟᱭᱚᱞᱟᱢ, ᱡᱮᱥᱤᱨᱤ (ᱰᱷᱤᱯ ᱯᱟᱹᱨᱥᱤ) ᱟᱨ ᱢᱟᱦᱚᱞ ᱾"
कृष्ण नृत्य और नादुभंगी नृत्य की पोशाक भगवान कृष्ण की पोशाक के अनुरूप पीले और नीले रंग की होती है।,ᱪᱟᱸᱫᱳ ᱵᱚᱸᱜᱟ ᱠᱨᱤᱥᱱᱚᱣᱟᱜ ᱦᱚᱨᱚᱜ ᱵᱟᱸᱫᱮ ᱥᱟᱶ ᱥᱚᱢᱟᱱ ᱫᱚᱦᱚ ᱠᱟᱛᱮ ᱠᱨᱤᱥᱱᱚ ᱮᱱᱮᱡ ᱟᱨ ᱱᱟᱫᱩᱵᱷᱚᱝᱜᱤ ᱮᱱᱮᱡ ᱨᱮᱭᱟᱜ ᱦᱚᱨᱚᱜᱼᱵᱟᱸᱫᱮ ᱥᱟᱥᱟᱝ ᱟᱨ ᱞᱤᱞ ᱦᱳᱭᱳᱜᱼᱟ ᱾
लेकिन यह स्पष्ट है कि राष्ट्रीय औसत की तुलना में छत्तीसगढ़ में हमेशा महिला-पुरुष अनुपात बेहतर रहा है।,ᱢᱮᱱᱠᱷᱟᱱ ᱱᱚᱶᱟ ᱫᱚ ᱯᱩᱥᱴᱟᱣ ᱞᱮᱱᱟ ᱡᱮ ᱡᱟᱹᱛᱤᱭᱟᱹᱨᱤ ᱡᱩᱲᱩ ᱛᱩᱞᱩᱡ ᱨᱮ ᱪᱷᱚᱛᱛᱤᱥᱜᱚᱲ ᱨᱮ ᱥᱟᱨᱟᱠᱷᱚᱱ ᱛᱤᱨᱞᱟᱹ ᱠᱚᱲᱟ ᱨᱮᱭᱟᱜ ᱯᱚᱲᱚᱱ ᱫᱚ ᱵᱷᱟᱜᱮ ᱛᱟᱦᱮᱸ ᱠᱟᱱᱟ ᱾
"भारतीय मीडिया में बाढ़ को ""हिमालयी सुनामी"" के रूप में संदर्भित किया गया था।",ᱱᱚᱶᱟ ᱵᱟᱱᱫᱚ ᱵᱷᱟᱨᱚᱛ ᱨᱮᱭᱟᱜ ᱜᱚᱱᱚᱢᱟᱫᱽᱫᱷᱚᱢ ᱨᱮ 'ᱦᱤᱢᱟᱞᱚᱭᱟᱱ ᱥᱩᱱᱟᱹᱢᱤ' ᱦᱤᱥᱟᱹᱵᱽᱛᱮ ᱠᱚ ᱚᱞᱥᱚᱫᱚᱨ ᱞᱮᱫᱟ ᱾
कई संगठन और आश्रय एक प्रारंभिक हृदयकृमि परीक्षण करेंगे जब एक नया जानवर उनकी सुविधा में आएगा।,ᱡᱚᱠᱷᱮᱡ ᱢᱤᱫᱴᱟᱝ ᱱᱟᱶᱟ ᱡᱤᱭᱟᱹᱞᱤ ᱟᱠᱚᱣᱟᱜ ᱛᱟᱞᱢᱟᱨᱮ ᱦᱤᱡᱩᱜᱼᱟᱭ ᱩᱱᱫᱚ ᱟᱹᱭᱢᱟ ᱥᱮᱢᱞᱮᱫ ᱟᱨ ᱟᱥᱨᱟᱭ ᱛᱟᱞᱢᱟ ᱢᱤᱫᱴᱟᱝ ᱮᱛᱚᱦᱚᱵ ᱦᱟᱨᱴᱳᱣᱟᱨᱢ ᱵᱤᱰᱟᱹᱣᱟ ᱾
तमिलनाडु खेल विकास प्राधिकरण (एस. डी. ए. टी.) नुंगमबक्कम टेनिस स्टेडियम का मालिक है जो चेन्नई ओपन और डेविस कप प्ले-ऑफ टूर्नामेंट की मेजबानी करता है।,ᱪᱮᱱᱱᱟᱭ ᱳᱯᱮᱱ ᱟᱨ ᱰᱮᱵᱷᱤᱥ ᱠᱟᱯ ᱯᱞᱮᱼᱚᱯᱷ ᱴᱩᱨᱱᱟᱢᱮᱱᱴ ᱠᱚᱨᱮᱱ ᱥᱟᱯᱲᱟᱣᱭᱤᱡ ᱱᱩᱝᱜᱚᱢᱵᱚᱠᱠᱚᱢ ᱴᱮᱱᱤᱥ ᱥᱴᱮᱰᱤᱭᱟᱢ ᱛᱟᱢᱤᱞᱱᱟᱲᱩ ᱠᱷᱮᱞ ᱩᱛᱱᱟᱹᱣ ᱠᱚᱨᱛᱤᱯᱚᱠᱠᱷᱚ ( ᱮᱥᱰᱤᱴᱤ)ᱼ ᱨᱮᱱ ᱢᱟᱞᱤᱠᱟᱱᱟᱫᱷᱤᱱ ᱾
यह मिरिक उपखंड का मुख्यालय है।,ᱱᱚᱟᱶ ᱫᱚ ᱢᱤᱨᱤᱠ ᱢᱚᱦᱚᱠᱩᱢᱟ ᱨᱮᱭᱟᱜ ᱥᱚᱫᱚᱨ ᱫᱚᱯᱛᱚᱨ ᱾
"हाल ही में स्थापित काजीरंगा राष्ट्रीय आर्किड और जैव विविधता उद्यान में भारत में पाई जाने वाली अनुमानित 1,314 आर्किड प्रजातियों में से 500 से अधिक प्रजातियां पाई जाती हैं।","ᱦᱟᱹᱞᱤ ᱨᱮ ᱛᱷᱟᱹᱯᱤᱛ ᱞᱮᱱ ᱠᱟᱡᱤ ᱨᱟᱝᱜᱟ ᱨᱟᱥᱴᱨᱤᱭᱚ ᱚᱨᱠᱤᱰ ᱟᱨ ᱡᱤᱶᱤ ᱵᱳᱭᱪᱤᱛᱟᱹᱨ ᱯᱟᱨᱠ ᱨᱮ ᱵᱷᱟᱨᱚᱛ ᱨᱮ ᱧᱟᱢ ᱞᱮᱱ ᱟᱹᱭᱩᱢᱟᱹᱱ ᱑,᱓᱑᱔ ᱚᱨᱠᱤᱰ ᱮᱴᱟᱜᱡᱟᱹᱛ ᱠᱷᱚᱱ ᱦᱚᱸ ᱕᱐᱐ ᱠᱷᱚᱱ ᱰᱷᱮᱨ ᱚᱰᱮᱸ ᱢᱮᱱᱟᱜ ᱛᱮᱭ ᱜᱚᱨᱚᱵ ᱟᱠᱟᱱᱟ ᱾"
पंजाब प्रांत के दिल्ली प्रभाग ने हरियाणा के बड़े हिस्से का गठन किया।,ᱯᱟᱧᱡᱟᱵᱽ ᱯᱚᱱᱚᱛ ᱨᱮᱭᱟᱜ ᱫᱤᱞᱞᱤ ᱛᱷᱚᱱᱚᱛ ᱦᱚᱨᱤᱭᱟᱱᱟ ᱨᱮᱭᱟᱜ ᱥᱟᱸᱜᱮ ᱦᱟᱹᱴᱤᱧᱮ ᱛᱮᱭᱟᱨ ᱞᱮᱫᱟ ᱾
"सिख धर्म के दसवें और अंतिम गुरु, गुरु गोबिंद सिंह का जन्म 1666 में पटना में हुआ था।","ᱥᱤᱠᱷ ᱫᱷᱚᱨᱚᱢ ᱨᱮᱱ ᱜᱮᱞᱟᱱ ᱟᱨ ᱢᱩᱪᱟᱹᱫ ᱜᱩᱨᱩ, ᱜᱩᱨᱩ ᱜᱳᱵᱤᱱᱫᱚ ᱥᱤᱝᱦᱚ, ᱑᱖᱖᱖ ᱥᱟᱹᱦᱤᱛ ᱨᱮ ᱯᱟᱴᱱᱟ ᱨᱮᱭ ᱡᱟᱱᱟᱢ ᱞᱮᱱᱟ ᱾"
अल्वाराडो अंक सबसे प्रसिद्ध अंक प्रणाली है।,ᱟᱞᱵᱷᱟᱨᱟᱰᱳ ᱥᱠᱳᱨ ᱫᱚ ᱡᱚᱛᱚ ᱠᱷᱚᱱ ᱧᱩᱛᱩᱢᱟᱱ ᱥᱠᱳᱨᱤᱝ ᱵᱚᱱᱫᱷᱮᱡᱽ ᱾
असम ऑर्किड प्रजातियों में उल्लेखनीय रूप से समृद्ध है और फॉक्सटेल ऑर्किड असम का राज्य फूल है।,ᱚᱥᱚᱢ ᱚᱨᱠᱤᱰ ᱯᱨᱚᱡᱟᱛᱤ ᱚᱥᱟᱸᱵᱷᱮᱲ ᱨᱩᱯ ᱛᱮ ᱯᱮᱨᱮᱡ ᱟᱨ ᱯᱷᱠᱥᱴᱮᱹᱞ ᱚᱨᱠᱤᱰ ᱟᱥᱟᱢ ᱨᱮᱭᱟᱜ ᱡᱟᱹᱛᱤᱭᱟᱹᱨᱤ ᱵᱟᱦᱟ ᱠᱟᱱᱟ᱾
नागालैंड के स्कूल राज्य और केंद्र सरकार या किसी निजी संगठन द्वारा चलाए जाते हैं।,ᱱᱟᱜᱟᱞᱮᱸᱱᱰ ᱨᱮᱭᱟᱜ ᱵᱤᱨᱫᱟᱹᱜᱟᱲ ᱠᱚ ᱯᱚᱱᱚᱛ ᱟᱨ ᱛᱟᱞᱢᱟ ᱥᱚᱨᱠᱟᱨ ᱵᱟᱝᱠᱷᱟᱱ ᱡᱟᱦᱟᱱ ᱵᱮᱥᱚᱨᱠᱟᱹᱨᱤ ᱥᱮᱢᱞᱮᱫ ᱠᱚ ᱫᱟᱨᱟᱭᱛᱮ ᱥᱟᱹᱦᱤᱡᱩᱦᱤᱜᱼᱟ ᱾
"इस कारण से, नकली $100 को जितना संभव हो उतना कम छुएँ।",ᱱᱚᱶᱟ ᱚᱡᱮᱛᱮ ᱡᱟᱞ ᱑᱐᱐ ᱰᱚᱞᱟᱨ ᱫᱚ ᱡᱟᱸᱦᱟ ᱛᱤᱱᱟᱹᱜ ᱠᱚᱢ ᱡᱚᱴᱮᱫ ᱢᱮ ᱾
"देश की व्यायामशालाओं में पाए जाने वाले शुक्राणुओं की विविधता 64 प्रजातियों की है, जिनमें से तमिलनाडु में चार स्वदेशी प्रजातियां हैं और लगभग 60 प्रजातियों को पेश किया गया है।","ᱫᱤᱥᱚᱢ ᱨᱮ ᱡᱤᱢᱱᱳᱥᱯᱨᱟᱢ ᱵᱷᱮᱱᱮᱜᱟᱨ ᱫᱚ ᱦᱳᱭᱳᱜ ᱠᱟᱱᱟᱠᱚ ᱖᱔ ᱜᱚᱴᱟᱝ ᱡᱤᱵᱽ ᱡᱤᱭᱟᱹᱞᱤ, ᱡᱟᱦᱟᱸᱭ ᱠᱚ ᱢᱩᱫᱽ ᱨᱮ ᱛᱟᱢᱤᱞᱱᱟᱲᱩ ᱨᱮ ᱯᱳᱱᱭᱟ ᱫᱤᱥᱚᱢ ᱨᱮᱱ ᱜᱮ ᱡᱤᱭᱟᱹᱞᱤ ᱟᱨ ᱞᱟᱹᱭ ᱜᱟᱱᱚᱜᱼᱟ ᱖᱐ ᱜᱚᱴᱟᱝ ᱜᱮ ᱟᱹᱨᱩ ᱯᱷᱮᱨᱟᱣ ᱟᱱ ᱡᱤᱭᱟᱹᱞᱤ ᱢᱮᱱᱟᱜ ᱠᱚᱶᱟ ᱾"
उनके प्रदर्शन ने उन्हें 60वें फिल्मफेयर अवार्ड्स साउथ में सर्वश्रेष्ठ सहायक अभिनेत्री श्रेणी में पुरस्कार के लिए अपना पहला नामांकन दिलाया।,ᱩᱱᱤᱭᱟᱜ ᱚᱵᱷᱤᱱᱚᱭ ᱖᱐ ᱟᱱᱟᱜ ᱯᱷᱤᱞᱤᱢ ᱯᱷᱮᱭᱟᱨ ᱮᱣᱟᱨᱰᱥ ᱧᱩᱢᱢᱟᱱ ᱡᱚᱜ ᱚᱵᱷᱤᱱᱚᱭ ᱛᱷᱚᱱᱚᱛ ᱨᱮ ᱥᱤᱨᱯᱟᱹ ᱞᱟᱹᱜᱤᱫ ᱮᱦᱚᱵ ᱵᱟᱪᱷᱟᱶ ᱞᱮᱫᱟᱭ ᱾
"वह तमिल, मलयालम और तेलुगु भाषा की फिल्मों में भी दिखाई दीं।","ᱩᱱᱤ ᱫᱚ ᱛᱟᱢᱤᱞ, ᱢᱟᱞᱟᱭᱟᱞᱟ ᱟᱨ ᱛᱮᱞᱜᱩ ᱯᱟᱹᱨᱥᱤ ᱨᱮᱭᱟᱜ ᱪᱚᱞᱚᱛᱪᱤᱛᱟᱹᱨ ᱨᱮᱦᱚᱸᱭ ᱯᱟᱴ ᱟᱠᱟᱫᱟ ᱾"
तुलिहाल हवाई अड्डे का नाम बदलकर बीर टिकेंद्रजीत हवाई अड्डा कर दिया गया है।,ᱛᱩᱞᱤᱦᱟᱞ ᱩᱰᱟᱹᱱ ᱟᱰᱟ ᱨᱮᱭᱟᱜ ᱧᱩᱛᱩᱢ ᱵᱚᱫᱚᱞ ᱠᱟᱛᱮ ᱵᱤᱨ ᱴᱤᱠᱮᱱᱫᱨᱚᱡᱤᱛ ᱩᱰᱟᱹᱱ ᱟᱰᱟ ᱫᱚᱦᱚ ᱦᱩᱭ ᱟᱠᱟᱱᱟ᱾
राज्य में पनबिजली और ताप विद्युत परियोजनाएं राज्य की बिजली आवश्यकताओं को पूरा करती हैं।,ᱯᱚᱱᱚᱛ ᱨᱮᱭᱟᱜ ᱫᱟᱜ ᱛᱮ ᱵᱮᱱᱟᱜ ᱵᱤᱡᱞᱤ ᱵᱤᱨᱤᱫ ᱟᱨ ᱵᱷᱟᱵ ᱛᱮ ᱵᱮᱱᱟᱜ ᱵᱤᱡᱞᱤ ᱵᱤᱨᱤᱫ ᱯᱟᱱᱛᱷᱟ ᱠᱚ ᱯᱚᱱᱚᱛ ᱨᱮᱭᱟᱜ ᱵᱤᱡᱞᱤ ᱨᱮᱭᱟᱜ ᱞᱟᱹᱠᱛᱤᱭ ᱢᱮᱴᱟᱣᱼᱟ ᱾
"यह 9 मार्च 2012 को जारी किया गया था, जिसे आम तौर पर नकारात्मक समीक्षा मिली थी।","ᱱᱚᱶᱟ ᱫᱚ ᱒᱐᱑᱒ ᱨᱮᱭᱟᱜ ᱙ ᱢᱟᱨᱪ ᱨᱮ ᱥᱚᱫᱚᱨ ᱦᱩᱭᱞᱮᱱᱟ, ᱥᱟᱫᱷᱟᱨᱚᱱᱛᱚ ᱵᱟᱝᱼᱟᱱ ᱟᱹᱨᱤᱵᱟᱺᱫᱤᱭ ᱧᱟᱢᱞᱮᱫᱟ ᱾"
राज्य के पश्चिमी भाग में कायथा संस्कृति और मालवा संस्कृति से संबंधित ताम्रपाषाण स्थलों की खोज की गई है।,ᱯᱚᱱᱚᱛ ᱨᱮᱭᱟᱜ ᱯᱚᱪᱷᱤᱢ ᱴᱷᱚᱴᱷᱟ ᱨᱮ ᱠᱟᱭᱛᱷᱟ ᱞᱟᱠᱪᱟᱨ ᱟᱨ ᱢᱟᱞᱳᱣᱟ ᱞᱟᱠᱪᱟᱨ ᱨᱮ ᱢᱮᱱᱟᱜ ᱪᱮᱞᱠᱳᱞᱤᱛᱷᱤᱠ ᱥᱛᱷᱚᱞ ᱥᱤᱨᱡᱟᱹᱣ ᱟᱠᱟᱱᱟ ᱾
रॉक क्लाइम्बिंग प्रतियोगिताओं का उद्देश्य या तो कम से कम प्रयासों में मार्ग को पूरा करना या तेजी से कठिन मार्ग पर सबसे दूर के बिंदु तक पहुंचना है।,ᱨᱚᱠ ᱠᱞᱟᱭᱵᱤᱝ ᱦᱮᱯᱨᱟᱶ ᱨᱮᱭᱟᱜ ᱡᱚᱥᱫᱚ ᱠᱟᱱᱟ ᱡᱷᱚᱛᱚ ᱠᱷᱚᱱ ᱞᱟᱛᱟᱨ ᱨᱮᱭᱟᱜ ᱨᱩᱴ ᱯᱩᱨᱟᱹᱣ ᱟᱨ ᱡᱷᱚᱛᱚ ᱠᱷᱚᱱᱟᱜ ᱠᱮᱴᱮᱡ ᱨᱩᱴ ᱨᱮᱭᱟᱜ ᱥᱟᱹᱜᱤᱧ ᱯᱚᱭᱮᱱᱴ ᱟᱨᱡᱟᱶ ᱾
राज्य की जलवायु शुष्क उप-आर्द्र से लेकर अर्ध-शुष्क तक है।,ᱯᱚᱱᱚᱛᱨᱮ ᱦᱚᱭᱫᱟᱜ ᱱᱟᱥᱮᱹ ᱨᱚᱦᱚᱲ ᱚᱞᱟᱦᱮᱫ ᱠᱷᱚᱱ ᱟᱛᱨᱟ ᱨᱚᱦᱚᱲ ᱛᱟᱞᱟᱛᱮ ᱟᱨᱩᱯᱷᱮᱨᱟᱣᱚᱜᱼᱟ ᱾
जोगीमारा गुफाओं में प्राचीन ब्राह्मी शिलालेख और भारत में ज्ञात सबसे पुरानी पेंटिंग है।,ᱡᱳᱜᱤᱢᱟᱨᱟ ᱜᱷᱚᱸᱜᱚᱨ ᱨᱮ ᱥᱮᱫᱟᱭ ᱵᱨᱟᱢᱦᱤ ᱫᱷᱤᱨᱤ ᱟᱠᱷᱚᱨ ᱟᱨ ᱵᱷᱟᱨᱚᱛᱨᱮ ᱩᱯᱨᱩᱢᱟᱱ ᱥᱮᱫᱟᱭᱩᱛᱟᱹᱨ ᱪᱤᱛᱟᱹᱨ ᱠᱟᱹᱢᱤ ᱢᱮᱱᱟᱜᱼᱟ ᱾
"राज्य में संस्कृति और परंपरा के संरक्षण के उद्देश्य से अतिरिक्त आधिकारिक भाषाओं में गुरुंग, लिम्बू, मगर, मुखिया, नेवार, राय, शेरपा और तमांग शामिल हैं।","ᱯᱚᱱᱚᱛ ᱨᱮᱭᱟᱜ ᱞᱟᱠᱪᱟᱨ ᱟᱨ ᱥᱮᱨᱣᱟ ᱡᱚᱜᱟᱣ ᱨᱮᱭᱟᱜ ᱡᱚᱥ ᱠᱷᱟᱹᱛᱤᱨ ᱜᱩᱨᱩᱝ, ᱞᱤᱢᱵᱩ, ᱢᱟᱜᱟᱨ, ᱢᱩᱠᱷᱤᱭᱟᱹ, ᱱᱮᱣᱟᱨ, ᱨᱟᱭ, ᱥᱮᱨᱯᱟ, ᱟᱨ ᱛᱟᱢᱟᱝ ᱟᱰᱤ ᱡᱟᱥᱛᱤ ᱥᱚᱨᱠᱟᱨᱤ ᱯᱟᱹᱨᱥᱤ ᱨᱮ ᱥᱮᱞᱮᱫ ᱢᱮᱱᱟᱜᱼᱟ ᱾"
"इनमें नॉर्थ ईस्ट टुडे, जी प्लस, नॉर्थईस्ट नाउ, टाइम 8 आदि उल्लेखनीय हैं।","ᱱᱚᱶᱟ ᱢᱩᱫᱽᱨᱮ ᱧᱩᱢᱟᱱᱟᱜ ᱦᱩᱭᱩᱜ ᱠᱟᱱᱟ ᱱᱚᱨᱛᱷ ᱤᱥᱴ ᱴᱩᱰᱮ, ᱡᱤ ᱯᱞᱟᱥ, ᱱᱚᱨᱛᱷᱼᱤᱥᱴ ᱱᱟᱣ, ᱴᱟᱭᱤᱢ ᱘ ᱮᱢᱟᱱᱟᱜ ᱾"
सिदी सैय्यद मस्जिद और जामा मस्जिद गुजराती मुसलमानों के लिए पवित्र मस्जिदें हैं।,ᱥᱤᱫᱤ ᱥᱟᱭᱮᱫ ᱢᱚᱥᱡᱤᱫ ᱟᱨ ᱡᱟᱢᱟ ᱢᱚᱥᱡᱤᱫ ᱜᱩᱡᱨᱟᱛᱤ ᱫᱚ ᱢᱩᱥᱞᱟᱹ ᱠᱚᱣᱟᱜ ᱫᱷᱚᱨᱚᱢ ᱴᱷᱟᱶ ᱢᱚᱥᱡᱤᱫ ᱠᱟᱱᱟ ᱾
तंजावुर गुड़िया टेराकोटा सामग्री से बना एक प्रकार का पारंपरिक भारतीय बॉबलहेड या रोली-पॉली खिलौना है।,ᱛᱟᱧᱡᱟᱵᱷᱩᱨ ᱯᱩᱛᱞᱟᱹ ᱫᱚ ᱢᱤᱫ ᱞᱮᱠᱟᱱ ᱥᱮᱨᱣᱟ ᱟᱱ ᱵᱷᱟᱨᱚᱛᱤᱭᱚ ᱵᱟᱵᱚᱞᱦᱮᱰ ᱥᱮ ᱨᱚᱞᱤ ᱯᱚᱞᱤ ᱠᱷᱤᱞᱳᱱᱟ ᱨᱟᱯᱟᱜ ᱦᱟᱥᱟ ᱛᱮ ᱵᱮᱱᱟᱣ ᱾
राज्य में कई नई बिजली परियोजनाएं आ रही हैं जिनसे राज्य में अतिरिक्त बिजली क्षमता उत्पन्न होने की उम्मीद है।,ᱯᱚᱱᱚᱛ ᱨᱮ ᱵᱮᱥ ᱛᱤᱱᱟᱹᱜ ᱱᱟᱶᱟ ᱵᱤᱡᱞᱤ ᱯᱟᱱᱛᱷᱟ ᱦᱤᱡᱩᱜ ᱠᱟᱱᱟ ᱡᱟᱸᱦᱟ ᱰᱷᱮᱨ ᱵᱤᱡᱞᱤ ᱫᱟᱲᱮ ᱵᱮᱱᱟᱶ ᱦᱩᱭᱩᱜᱼᱟ ᱢᱮᱱᱛᱮ ᱟᱥᱟ ᱦᱩᱭᱩᱜ ᱠᱟᱱᱟ ᱾
"इसके बाद, अपने वित्तीय दस्तावेजों को देखें और अपने किसी भी निश्चित खर्च को दर्ज करें, या जो आवश्यक हैं और महीने-दर-महीने ज्यादा नहीं बदलते हैं।","ᱱᱤᱭᱟᱹ ᱛᱟᱭᱚᱢ, ᱠᱟᱹᱣᱰᱤ ᱱᱩᱛᱷᱤ ᱠᱚ ᱧᱮᱞᱢᱮ ᱟᱨ ᱟᱢᱟᱜ ᱴᱷᱟᱹᱣᱠᱟᱹ ᱜᱚᱴᱟ ᱠᱷᱚᱨᱚᱪ ᱚᱞᱠᱟᱜᱼᱢᱮ,ᱥᱮ ᱡᱟᱦᱟᱸᱠᱚ ᱟᱹᱰᱤ ᱡᱟᱹᱨᱩᱲᱟ ᱟᱨ ᱚᱱᱟᱠᱚᱫᱚ ᱪᱟᱸᱫᱳ ᱪᱟᱸᱫᱳ ᱡᱟᱹᱥᱛᱤ ᱵᱟᱝ ᱵᱚᱫᱚᱞᱚᱜᱼᱟ ᱾"
सारण जिले में गंगा नदी के उत्तरी तट पर स्थित चिरंद में नवपाषाण काल से पुरातात्विक रिकॉर्ड है।,"ᱜᱚᱝᱜᱟ ᱱᱟᱹᱭ ᱨᱮᱭᱟᱜ ᱩᱛᱛᱚᱨ ᱫᱷᱟᱨᱮ ᱨᱮ, ᱥᱟᱨᱟᱱ ᱦᱚᱱᱚᱛ ᱨᱮᱭᱟᱜ ᱪᱤᱨᱚᱱᱫᱚᱨᱮ ᱱᱟᱶᱟᱫᱷᱤᱨᱤ ᱡᱩᱜᱽ ᱨᱮᱭᱟᱜ ᱢᱤᱫᱴᱟᱝ ᱞᱟᱼᱩᱰᱩᱠ ᱞᱤᱯᱤ ᱢᱮᱱᱟᱜ ᱟᱠᱟᱫᱟ ᱾"
"पूर्वोत्तर में भारत के दूसरे सबसे बड़े हवाई अड्डे के रूप में, यह पूर्वोत्तर राज्यों के लिए एक प्रमुख रसद केंद्र के रूप में कार्य करता है।","ᱩᱛᱛᱟᱹᱨᱼᱯᱩᱨᱩᱵᱽ ᱵᱷᱟᱨᱚᱛ ᱨᱮᱭᱟᱜ ᱫᱚᱥᱟᱨ ᱞᱟᱹᱴᱩ ᱩᱛᱟᱹᱨ ᱩᱰᱟᱹᱱ ᱟᱰᱟ ᱞᱮᱠᱟᱛᱮ, ᱱᱤᱭᱟᱹ ᱫᱚ ᱩᱛᱛᱟᱹᱨᱼᱯᱩᱨᱩᱵᱽ ᱯᱚᱱᱚᱛ ᱠᱚ ᱞᱟᱹᱜᱤᱫ ᱢᱤᱫᱴᱮᱱ ᱢᱩᱲᱩᱫ ᱠᱟᱹᱭᱛᱩᱠ ᱛᱟᱞᱢᱟ ᱞᱮᱠᱟᱛᱮᱭ ᱠᱟᱹᱢᱤᱭᱟ ᱾"
यह वह कदम है जो औपचारिक रूप से मुकदमे की शुरुआत करता है।,ᱱᱚᱶᱟ ᱫᱚ ᱚᱱᱟ ᱯᱟᱣᱲᱤ ᱡᱟᱦᱟᱸ ᱫᱚ ᱟᱠᱷᱲᱟ ᱞᱮᱠᱟᱛᱮ ᱢᱟᱢᱞᱟ ᱮᱛᱚᱦᱚᱵᱚᱜᱼᱟ ᱾
"दोस्ती के अलावा, अजीत ने राजेंद्र कुमार को सलाह देने और उन्हें दूसरे प्रमुख नायक के बजाय ""प्रमुख खलनायक"" बनने में मदद करने का श्रेय भी दिया।","ᱜᱟᱛᱮ ᱪᱷᱟᱰᱟ ᱦᱚᱸ, ᱚᱡᱤᱛ ᱫᱚ ᱨᱟᱡᱮᱱᱫᱽᱨᱚ ᱠᱩᱢᱟᱨ ᱮᱱᱮᱢᱮ ᱮᱢᱟᱫᱮᱭᱟ ᱫᱚᱥᱟᱨ ᱢᱩᱲᱩᱫ ᱱᱟᱭᱚᱠᱟᱜ ᱵᱚᱫᱚᱞᱛᱮ ᱢᱤᱫᱴᱟᱝ ""ᱢᱩᱲᱩᱫ ᱵᱷᱤᱞᱮᱱ"" ᱦᱩᱭᱩᱜ ᱨᱮᱭᱟᱜ ᱫᱤᱥᱦᱩᱫᱤᱥ ᱟᱨ ᱜᱚᱲᱚ ᱟᱭ ᱞᱟᱹᱜᱤᱫ ᱾"
"हिमाचल में कांगड़ा, कुल्लू और शिमला जिलों में तीन घरेलू हवाई अड्डे हैं।","ᱠᱟᱝᱲᱟ, ᱠᱩᱞᱞᱩ ᱟᱨ ᱥᱤᱢᱞᱟᱹ ᱦᱚᱱᱚᱛ ᱨᱮ ᱦᱤᱢᱟᱪᱚᱞ ᱨᱮᱭᱟᱜ ᱯᱮᱭᱟ ᱟᱯᱱᱟᱨ ᱫᱤᱥᱚᱢ ᱨᱮᱭᱟᱜ ᱩᱰᱟᱹᱱ ᱟᱰᱟ ᱢᱮᱱᱟᱜᱼᱟ ᱾"
"नागा व्यंजनों में स्थानीय रूप से उगाई जाने वाली जड़ी-बूटियों, भूतिया मिर्च, अदरक और लहसुन का बहुत उपयोग किया जाता है।","ᱱᱟᱜᱟ ᱡᱚᱢᱟᱜᱼᱨᱮ ᱟᱭᱢᱟ ᱛᱷᱟᱹᱱᱤᱛ ᱞᱮᱠᱟᱱᱛᱮ ᱨᱟᱠᱟᱵᱚᱺ ᱨᱟᱱ ᱫᱟᱨᱮᱠᱚ, ᱵᱷᱩᱛ ᱢᱟᱨᱤᱪ, ᱟᱫᱦᱮ ᱟᱨ ᱨᱟᱹᱥᱩᱱ ᱵᱮᱶᱦᱟᱨᱚᱜ ᱠᱟᱱᱟ ᱾"
"गुवाहाटी को ""पूर्वोत्तर भारत का प्रवेश द्वार"" भी कहा जाता है।",ᱜᱩᱣᱟᱦᱟᱴᱤᱫᱚ ᱩᱛᱛᱚᱨᱼᱯᱩᱨᱩᱵᱽ ᱵᱷᱟᱨᱚᱛ ᱨᱮᱭᱟᱜ ᱵᱚᱞᱚᱱ ᱫᱩᱣᱟᱹᱨ ᱞᱮᱠᱟᱛᱮᱦᱚᱸ ᱥᱚᱫᱚᱨ ᱦᱳᱭᱳᱜᱼᱟ ᱾
काटकर रखी हुई शाखाएँ बाड़ लगाने की सामग्री के रूप में अच्छी होती हैं।,ᱜᱮᱫ ᱟᱜ ᱯᱷᱮᱸᱜᱽᱲᱟ ᱠᱚ ᱮᱴᱮᱫ ᱞᱮᱠᱟᱛᱮ ᱵᱷᱟᱜᱮᱹᱭᱟ ᱾
यह मील का पत्थर विकिपीडिया के संक्षिप्त इतिहास में एक महत्वपूर्ण बिंदु है।,ᱱᱚᱶᱟ ᱢᱟᱭᱤᱤᱞ ᱯᱷᱚᱞᱚᱠ ᱩᱭᱠᱤᱯᱤᱰᱤᱭᱟ ᱦᱩᱰᱤᱧ ᱱᱟᱜᱟᱢ ᱨᱮ ᱢᱤᱫᱴᱟᱝ ᱮᱱᱮᱢᱟᱱᱟᱜ ᱜᱷᱚᱴᱚᱱᱟᱭ ᱪᱤᱱᱦᱟᱹᱣᱼᱟ ᱾
नई दिल्ली में नगरपालिका सेवाएं नई दिल्ली नगर परिषद द्वारा प्रदान की जाती हैं।,ᱱᱟᱶᱟ ᱫᱤᱞᱞᱤ ᱨᱮ ᱯᱳᱣᱨᱚ ᱡᱚᱛᱱᱟᱣ ᱠᱚᱫᱚ ᱱᱟᱶᱟ ᱫᱤᱞᱞᱤ ᱯᱳᱣᱨᱚ ᱯᱚᱨᱤᱥᱚᱫ ᱫᱟᱨᱟᱭ ᱛᱮ ᱮᱢᱚᱜᱚᱜᱼᱟ ᱾
"फिल्म में सिन्हा ने पिया की भूमिका निभाई है, जो एक मासूम महिला है जो परिस्थितियों का शिकार हो जाती है।","ᱪᱚᱞᱚᱛ ᱪᱤᱛᱟᱹᱨ ᱨᱮ, ᱥᱤᱱᱦᱟ ᱯᱤᱭᱟ ᱪᱩᱨᱤᱛ ᱨᱮᱭ ᱯᱟᱴ ᱞᱮᱫᱟ, ᱢᱤᱫᱦᱚᱲ ᱢᱟᱹᱦᱤᱨ ᱛᱤᱨᱞᱟᱹ ᱡᱟᱦᱟᱸᱭ ᱦᱟᱞᱚᱛ ᱨᱮᱭ ᱯᱟᱲᱟᱣ ᱞᱮᱱᱟ ᱾"
हाल के वर्षों में राजनीतिक स्थिरता में वृद्धि हुई है।,ᱱᱮᱵᱮᱴᱟᱨ ᱥᱮᱨᱢᱟᱠᱚ ᱨᱮ ᱨᱟᱡᱽᱟᱹᱨᱤ ᱥᱛᱷᱤᱛᱤᱥᱤᱞᱛᱟ ᱵᱟᱹᱲᱛᱤ ᱟᱠᱟᱱᱟ ᱾
"लद्दाख भारत का सबसे ऊँचा पठार है, जिसका अधिकांश भाग 9,800 फीट से अधिक है।","ᱞᱟᱫᱟᱠᱷ ᱦᱩᱭᱩᱜ ᱠᱟᱱᱟ ᱵᱷᱟᱨᱚᱛ ᱨᱮᱱᱟᱜ ᱞᱟᱯᱷᱟᱝ ᱩᱛᱟᱹᱨ ᱢᱟᱞᱵᱷᱩᱢᱤ, ᱡᱟᱦᱟᱸ ᱫᱚ ᱰᱷᱮᱨ ᱦᱤᱸᱥᱜᱮ ᱙᱘᱐᱐ ᱯᱷᱩᱴ ᱠᱷᱚᱱᱦᱚᱸ ᱰᱷᱮᱨ ᱜᱮᱭᱟ ᱾"
उन्होंने 800 से अधिक फिल्मों में अभिनय किया है।,ᱩᱱᱤ ᱫᱚ ᱘᱐᱐ ᱠᱷᱚᱱ ᱦᱚᱸ ᱡᱟᱹᱥᱛᱤ ᱪᱚᱞᱚᱛ ᱪᱤᱛᱟᱹᱨ ᱨᱮ ᱯᱟᱴᱷ ᱟᱠᱟᱫᱟᱭ ᱾
"छापों का नेतृत्व डोलोइस करते हैं, जो छापे के स्तर पर कार्यकारी और औपचारिक कार्यों को करने के लिए जिम्मेदार होते हैं।","ᱨᱮᱭᱤᱰ ᱨᱮᱱ ᱟᱹᱭᱩᱨᱤᱡ ᱫᱚ ᱰᱞᱳᱭᱤᱥ, ᱡᱟᱦᱟᱭ ᱠᱚ ᱨᱮᱭᱤᱰ ᱛᱷᱟᱨ ᱨᱮ ᱠᱟᱹᱢᱤ ᱧᱮᱞᱟᱱᱟᱜ ᱟᱨ ᱟᱠᱷᱲᱟ ᱠᱟᱹᱢᱤ ᱦᱚᱨᱟ ᱠᱟᱹᱢᱤ ᱯᱩᱨᱟᱹᱣ ᱞᱟᱹᱜᱤᱫ ᱫᱟᱹᱭᱤ ᱾"
दक्षिणी प्रवेश द्वार पर एक शिलालेख में लिखा है कि यह सातकर्णी द्वितीय के शाही वास्तुकार आनंद का काम था।,ᱫᱟᱹᱠᱠᱷᱤᱱ ᱵᱚᱞᱚᱱ ᱫᱩᱣᱟᱹᱨ ᱨᱮᱱᱟᱜ ᱥᱤᱞᱟᱞᱤᱯᱤ ᱨᱮ ᱨᱮᱠᱚᱨᱰ ᱠᱚᱨᱟᱣ ᱢᱮᱱᱟᱜᱼᱟ ᱡᱮ ᱱᱚᱶᱟ ᱫᱚ ᱫᱚᱥᱟᱨ ᱥᱟᱛᱠᱚᱨᱱᱤ ᱟᱜ ᱨᱟᱡᱳᱪᱤᱛᱚ ᱠᱩᱸᱫᱟᱹᱣ ᱨᱟᱹᱥᱠᱟᱹ ᱟᱱᱟᱜ ᱠᱟᱹᱢᱤ ᱾
ये अधिकारी प्रत्येक जिले में ग्राम परिषदों के साथ काम करते हैं।,ᱱᱩᱠᱩ ᱠᱟᱹᱢᱤ ᱢᱩᱠᱷᱤᱭᱟᱹ ᱠᱚ ᱥᱟᱱᱟᱢ ᱦᱚᱱᱚᱛ ᱨᱮᱱᱟᱜ ᱟᱛᱩ ᱯᱚᱨᱤᱥᱚᱫᱽ ᱥᱟᱶᱛᱮ ᱠᱚ ᱠᱟᱹᱢᱤᱭᱟ ᱾
उस समय के अभ्यासियों ने कई नई रचनाओं का निर्माण किया।,ᱚᱱᱟ ᱚᱠᱛᱮ ᱨᱮᱱ ᱪᱟᱨᱪᱟᱣᱠᱚ ᱠᱤᱪᱷᱩ ᱜᱟᱱ ᱱᱟᱣᱟᱱ ᱦᱚᱨᱟ ᱠᱚ ᱵᱮᱱᱟᱣ ᱞᱮᱫᱟ ᱾
हर साल 1 नवंबर को राज्य ने कुट उत्सव के लिए अवकाश घोषित किया।,ᱡᱟᱶ ᱥᱮᱨᱢᱟ ᱨᱮᱭᱟᱜ ᱑ ᱱᱚᱵᱷᱮᱢᱵᱚᱨ ᱠᱩᱴ ᱯᱟᱞᱟᱣ ᱞᱟᱹᱜᱤᱫ ᱪᱷᱩᱴᱤᱭ ᱩᱪᱷᱟᱹᱱ ᱟᱠᱟᱫᱟ ᱯᱚᱱᱚᱛ ᱾
इस क्षेत्र में साहसिक पर्यटन में हाल ही में विकास ऋषिकेश में व्हाइटवाटर राफ्टिंग रहा है।,ᱨᱤᱥᱤᱠᱮᱥ ᱦᱳᱭᱟᱤᱴᱳᱣᱟᱴᱟᱨ ᱨᱟᱯᱷᱴᱤᱝ ᱴᱚᱴᱷᱟᱨᱮ ᱨᱟᱥᱹᱠᱟᱹ ᱟᱱ ᱥᱟᱸᱜᱷᱟᱨ ᱨᱮ ᱢᱤᱫᱴᱟᱝ ᱱᱟᱦᱟᱜᱟᱠ ᱮ ᱡᱚᱲᱟᱣ ᱞᱮᱫᱟ ᱾
बद्रीनाथ के पास वसुधारा जलप्रपात बर्फ से ढके पहाड़ों की पृष्ठभूमि में 122 मीटर की ऊंचाई वाला एक झरना है।,ᱵᱚᱫᱽᱨᱤᱱᱟᱛᱷ ᱴᱷᱮᱱ ᱵᱚᱥᱩᱫᱷᱟᱨᱟ ᱦᱩᱫᱦᱩᱫᱤ ᱦᱩᱭᱩᱜ ᱠᱟᱱᱟ ᱤᱛᱤᱧ ᱫᱟᱜᱽᱛᱮ ᱯᱚᱴᱚᱢ ᱵᱩᱨᱩ ᱨᱮᱱᱟᱜ ᱚᱱᱚᱝᱨᱮ ᱢᱮᱱᱟᱜ ᱢᱤᱫ ᱑᱒᱒ ᱢᱤᱴᱟᱨ ᱩᱥᱩᱞᱟᱱ ᱢᱤᱫᱟᱱ ᱦᱩᱫᱦᱩᱫᱤ ᱾
"प्रमुख शब्दों के अपने अलग लेख पृष्ठ हैं, जबकि छोटे शब्दों को यहाँ परिभाषित/वर्णित किया गया है।","ᱢᱩᱬᱩᱫ ᱦᱩᱫᱟᱹ ᱠᱚᱨᱮᱭᱟᱜ ᱟᱯᱱᱟᱨᱟᱜ ᱵᱷᱤᱱᱟᱹ ᱚᱱᱚᱞ ᱥᱟᱦᱚᱴᱟ ᱢᱮᱱᱟᱜ ᱟᱠᱟᱫᱟ, ᱡᱟᱦᱟᱨᱮ ᱢᱩᱬᱩᱫ ᱦᱩᱫᱟᱹᱠᱚ ᱱᱚᱰᱮ ᱯᱟᱹᱱᱟᱹᱨᱥᱤ/ᱵᱚᱨᱱᱚᱱ ᱦᱩᱭ ᱟᱠᱟᱱᱟ ᱾"
बारासिंघा मध्य प्रदेशक राज्य पशु अछि आ दुधराज राज्य पक्षी अछि।,ᱢᱟᱨᱟᱝ ᱠᱩᱞ ᱮ ᱦᱳᱭᱳᱜ ᱠᱟᱱᱟ ᱯᱚᱱᱚᱛ ᱨᱮᱱ ᱡᱤᱭᱟᱹᱞᱤ ᱟᱨ ᱫᱩᱫᱷᱨᱟᱡᱽ ᱫᱚ ᱦᱳᱭᱳᱜ ᱠᱟᱱᱟᱭ ᱢᱚᱫᱽᱫᱷᱚᱯᱨᱚᱫᱮᱥ ᱨᱮᱱ ᱫᱤᱥᱚᱢ ᱪᱮᱸᱬᱮ ᱾
केन-घरियाल और सोन-घरियाल अभयारण्यों का प्रबंधन घरियाल और मगर के संरक्षण के लिए किया जाता है।,ᱠᱮᱱᱼᱜᱷᱚᱲᱤᱭᱟᱞ ᱟᱨ ᱥᱳᱱᱼᱜᱷᱚᱲᱤᱭᱟᱞ ᱚᱵᱷᱚᱭᱟᱨᱚᱱᱱᱚ ᱜᱷᱚᱲᱤᱭᱟᱞ ᱟᱨ ᱛᱟᱭᱟᱝ ᱨᱟᱠᱷᱟᱫᱚᱦᱚ ᱞᱟᱹᱜᱤᱫ ᱪᱟᱪᱟᱞᱟᱣ ᱦᱩᱭᱩᱜᱼᱟ ᱾
"राज्य में नागा लोगों की संख्या लगभग 18 लाख है, जो आबादी का 90 प्रतिशत से अधिक है।","ᱯᱚᱱᱚᱛ ᱨᱮ ᱱᱟᱜᱟ ᱦᱚᱲᱜᱩᱴ ᱠᱚᱣᱟᱜ ᱞᱮᱠᱷᱟ ᱚᱱᱢᱟᱱ ᱑ ᱞᱟᱠᱷ ᱘᱐ ᱦᱟᱡᱟᱨ , ᱡᱟᱦᱟᱸ ᱫᱚ ᱦᱚᱲ ᱞᱮᱠᱷᱟ ᱨᱮᱭᱟᱜ ᱙᱐% ᱠᱷᱚᱱ ᱦᱚᱸ ᱰᱷᱮᱨ ᱾"
"कोरबा, छत्तीसगढ़ में गेवरा, दीपका, कुसमुंडा खुली ढलाई वाली कोयला खदानें भारत की सबसे बड़ी और भारत की उपग्रह छवियों में दिखाई देने वाली सबसे बड़ी मानव निर्मित संरचना हैं।","ᱪᱷᱚᱛᱛᱤᱥᱜᱚᱲ ᱨᱮᱭᱟᱜ ᱠᱳᱨᱵᱟᱭ ᱜᱮᱵᱷᱨᱟ, ᱰᱤᱯᱠᱟ, ᱠᱩᱥᱢᱩᱱᱰᱟ ᱠᱷᱩᱞᱟᱹ ᱰᱷᱟᱹᱞᱟᱭ ᱨᱮᱭᱟᱜ ᱠᱷᱟᱫᱟᱱ ᱠᱚᱫᱚ ᱵᱷᱟᱨᱚᱛ ᱨᱮᱭᱟᱜ ᱢᱟᱨᱟᱝ ᱟᱨ ᱵᱷᱟᱨᱚᱛ ᱨᱮᱭᱟᱜ ᱥᱮᱴᱮᱞᱟᱭᱤᱴ ᱪᱤᱛᱟᱹᱨ ᱠᱚᱨᱮ ᱧᱮᱧᱮᱞᱟᱱ ᱢᱟᱲᱟᱝ ᱢᱟᱱᱶᱟᱼᱟᱜ ᱢᱟᱨᱟᱝ ᱫᱟᱲᱢᱟᱠᱟᱨ ᱾"
कृष्ण के पसंदीदा माने जाने वाले व्यंजन बहुत सावधानी से तैयार किए जाते हैं।,ᱠᱨᱤᱥᱱᱚ ᱡᱟᱸᱦᱟᱭ ᱠᱩᱥᱤᱭᱟᱜ ᱡᱚᱢ ᱠᱚ ᱢᱚᱱᱮᱭᱟᱱ ᱚᱱᱟ ᱟᱹᱰᱤ ᱡᱚᱛᱚᱱ ᱛᱮ ᱵᱮᱱᱟᱶ ᱦᱳᱭᱚᱜᱼᱟ ᱾
इनमें फारसी कविता की कुछ पंक्तियाँ होती हैं जिनमें नरम शब्दांश या बोल एक धुन पर सेट होते हैं।,ᱱᱚᱣᱟ ᱠᱚ ᱫᱚ ᱢᱤᱫ ᱨᱟᱦᱟᱛᱮ ᱵᱟᱪᱷᱟᱣ ᱟᱠᱟᱫ ᱨᱟᱣᱟᱞ ᱥᱤᱞᱮᱵᱚᱞ ᱥᱮ ᱵᱳᱞ ᱥᱟᱶᱛᱮ ᱯᱷᱟᱨᱥᱤ ᱚᱱᱚᱬᱦᱮᱸ ᱨᱮᱱᱟᱜ ᱠᱤᱪᱷᱤ ᱛᱷᱟᱨ ᱛᱮ ᱵᱮᱱᱟᱣ ᱟᱠᱟᱱᱟ ᱾
"एयरटेल ब्रॉडबैंड, एक्ट ब्रॉडबैंड, बीएसएनएल, हैथवे और कुछ अन्य तमिलनाडु के कई शहरों और ग्रामीण क्षेत्रों में हाई-स्पीड फाइबर ऑप्टिक ब्रॉडबैंड कनेक्शन प्रदान कर रहे हैं।","ᱮᱭᱟᱨᱴᱮᱞ ᱵᱚᱨᱰᱵᱮᱱᱰ, ᱮᱠᱴ ᱵᱚᱨᱰᱰᱮᱱᱰ, ᱵᱤ ᱮᱥ ᱮᱱ ᱮᱞ , ᱦᱮᱛᱚᱭᱮ ᱟᱨ ᱟᱭᱢᱟᱜᱟᱱ ᱛᱟᱹᱢᱤᱞᱱᱟᱲᱩ ᱨᱮ ᱯᱟᱥᱱᱟᱶ ᱟᱹᱰᱤᱜᱟᱱ ᱥᱟᱦᱟᱨ ᱟᱨ ᱟᱛᱳ ᱴᱚᱴᱷᱟᱨᱮ ᱪᱮᱛᱟᱱ ᱜᱚᱛᱤ ᱨᱮᱭᱟᱜ ᱯᱷᱟᱭᱵᱟᱨ ᱚᱯᱴᱤᱠ ᱵᱚᱨᱰᱰᱮᱱᱰ ᱡᱚᱲᱟᱶ ᱦᱳᱭᱳᱜ ᱠᱟᱱᱟ ᱾"
इसे मृदंगम के समान ही बजाया जाता है।,ᱱᱚᱶᱟ ᱫᱚ ᱛᱩᱢᱫᱟᱜ ᱞᱮᱠᱟ ᱠᱟᱛᱮ ᱨᱩᱭ ᱦᱩᱭᱩᱜᱼᱟ ᱾
शेफर ने नागालैंड और उसके आसपास पाई जाने वाली भाषाओं के लिए अपनी वर्गीकरण प्रणाली शुरू की।,ᱥᱮᱯᱷᱟᱨ ᱱᱟᱜᱟᱞᱮᱱᱰ ᱟᱨ ᱚᱱᱟ ᱨᱮᱭᱟᱜ ᱥᱩᱨᱥᱩᱯᱩᱨ ᱨᱮ ᱧᱟᱢᱚᱜ ᱯᱟᱹᱨᱥᱤ ᱞᱟᱹᱜᱤᱫ ᱟᱡᱟᱜ ᱱᱤᱡᱮᱨᱟᱜ ᱦᱟᱹᱱᱟᱹᱴᱤᱧ ᱵᱚᱱᱫᱷᱮᱡᱽ ᱟᱛᱮᱭ ᱦᱮᱡ ᱞᱮᱱᱟ ᱾
"औसतन, अधिकांश लोग 2 से 4 मील प्रति घंटे की गति से चलते हैं।",ᱡᱟᱹᱥᱛᱤ ᱦᱚᱲ ᱜᱮ ᱜᱚᱲ ᱨᱮ ᱒ ᱠᱷᱚᱱ ᱔ ᱢᱟᱭᱤᱞ ᱡᱟᱣ ᱴᱟᱲᱟᱝ ᱡᱩᱨ ᱛᱮᱠᱚ ᱛᱟᱲᱟᱢᱟ ᱾
"दक्षिण पश्चिम रेलवे द्वारा संचालित लाइन का निर्माण औपनिवेशिक युग के दौरान किया गया था जो बंदरगाह शहर वास्को डी गामा, गोवा को बेलगाम, हुबली, कर्नाटक से मडगांव के रास्ते जोड़ता था।","ᱫᱚᱠᱠᱷᱤᱱ ᱯᱚᱪᱷᱤᱢ ᱨᱮᱞᱣᱮ ᱪᱟᱼᱪᱟᱞᱟᱶ ᱛᱮ ᱞᱟᱭᱤᱱᱫᱚ ᱢᱟᱨᱜᱟᱶ ᱦᱳᱭ ᱠᱟᱛᱮ ᱵᱮᱞᱜᱟᱢ, ᱦᱩᱵᱞᱤ, ᱠᱚᱨᱱᱟᱴᱚᱠ ᱥᱟᱞᱟᱜ ᱜᱳᱣᱟ ᱥᱟᱢᱩᱫ ᱜᱷᱟᱴ ᱥᱟᱦᱟᱨ ᱵᱷᱟᱥᱠᱳ ᱫᱟ ᱜᱟᱢᱟ ᱫᱚ ᱡᱚᱲᱟᱣ ᱠᱟᱛᱮ ᱳᱣᱯᱚᱱᱤᱵᱮᱥᱤᱠ ᱡᱩᱜ ᱨᱮ ᱵᱮᱱᱟᱣ ᱞᱮᱱᱟ ᱾"
प्रसिद्ध अभिनेता शम्मी कपूर और शशि कपूर उनके चाचा थे।,ᱧᱩᱛᱩᱢᱟᱱ ᱚᱵᱷᱤᱱᱮᱛᱟ ᱥᱟᱢᱢᱤ ᱠᱟᱯᱩᱨ ᱟᱨ ᱥᱚᱥᱤ ᱠᱟᱯᱩᱨ ᱛᱟᱦᱮᱸ ᱠᱟᱱᱟᱭ ᱟᱡ ᱢᱟᱢᱟ ᱾
"भारतीय प्रायद्वीप का सबसे दक्षिणी छोर कन्याकुमारी है, जो अरब सागर, बंगाल की खाड़ी और हिंद महासागर का मिलन बिंदु है।","ᱵᱷᱟᱨᱚᱛᱤᱭᱟᱹ ᱥᱟᱸᱜᱟ ᱰᱷᱤᱯ ᱨᱮᱭᱟᱜ ᱫᱚᱠᱷᱤᱱ ᱫᱷᱟᱨᱮ ᱦᱳᱭᱳᱜ ᱠᱟᱱᱟ ᱠᱚᱱᱱᱟᱠᱩᱢᱟᱨᱤ, ᱡᱟᱸᱦᱟ ᱫᱚ ᱟᱨᱚᱵᱽ ᱫᱚᱨᱭᱟ, ᱵᱚᱝᱳᱯᱚᱥᱟᱜᱚᱨ ᱟᱨ ᱵᱷᱟᱨᱚᱛ ᱢᱟᱦᱟ ᱫᱚᱨᱭᱟ ᱨᱮᱭᱟᱜ ᱢᱤᱞᱚᱱ ᱴᱷᱟᱶ᱾"
निर्देश मुख्य रूप से अंग्रेजी में है-नागालैंड की आधिकारिक भाषा।,ᱥᱮᱪᱮᱫ ᱮᱢᱚᱜ ᱦᱳᱭᱳᱜᱼᱟ ᱟᱥᱚᱞᱨᱮ ᱱᱟᱜᱟᱞᱮᱱᱰ ᱨᱮᱭᱟᱜ ᱥᱚᱨᱠᱟᱨᱤ ᱯᱟᱹᱨᱥᱤ ᱤᱝᱨᱮᱡᱤᱛᱮ ᱾
"कई ऑनलाइन विक्रेता, जैसे कि अमेज़न और ईबे, कम कीमतों पर उत्पादों की एक विशाल विविधता प्रदान करते हैं, जो आपको स्टोर में मिल सकती है।","ᱟᱹᱰᱤᱜᱟᱱ ᱚᱱᱞᱟᱭᱤᱱ ᱟᱠᱷᱨᱤᱧᱤᱭᱟᱹ, ᱡᱮᱞᱮᱠᱟ ᱟᱢᱟᱡᱚᱱ ᱟᱨ ᱤᱵᱮ ᱟᱢ ᱫᱚᱠᱟᱱ ᱨᱮ ᱡᱟᱦᱟᱢ ᱧᱟᱢᱟ ᱚᱱᱟ ᱠᱷᱚᱱᱦᱚᱸ ᱠᱚᱢ ᱫᱟᱢ ᱨᱮᱭᱟᱜ ᱟᱹᱰᱤ ᱞᱮᱠᱟᱱ ᱫᱩᱨᱤᱵᱽ ᱮᱢᱚᱜᱼᱟ ᱾"
"यह पैरामीटर यह आकलन करता है कि क्या कोशिका नाभिक सामान्य स्तन वाहिनी उपकला कोशिकाओं की तरह समान हैं, या क्या वे बड़े, गहरे या अनियमित हैं।","ᱱᱚᱶᱟ ᱥᱛᱷᱤᱛᱤ ᱢᱟᱯ ᱫᱚ ᱥᱚᱜ ᱥᱮᱴᱮᱡᱟᱭ ᱡᱮ ᱠᱳᱥ ᱨᱮᱭᱟᱜ ᱱᱤᱭᱩᱠᱞᱤᱭᱟᱥ ᱞᱮᱠᱟᱛᱮ ᱥᱛᱚᱱ ᱱᱟᱹᱞᱤ ᱮᱯᱤᱛᱷᱮᱞᱤᱭᱟᱞ ᱠᱳᱥ ᱠᱚᱫᱚ ᱮᱴᱟᱜᱟᱜ ᱟᱨ ᱚᱱᱟᱠᱚᱫᱚ ᱢᱟᱨᱟᱝ, ᱫᱟᱹᱨᱭᱟᱹ ᱵᱟᱝᱠᱷᱟᱝ ᱚᱱᱤᱭᱚᱭᱚᱢᱤᱛᱚᱜ ᱠᱟᱱᱟ ᱥᱮ ᱵᱟᱝ ᱾"
"उन्हें हिंदुस्तानी संगीत के कुछ पहलुओं को व्यवस्थित करने और यमन कल्याण, ज़ीलफ़ और सरपदा जैसे कई रागों को पेश करने का श्रेय दिया जाता है।","ᱩᱱᱤ ᱢᱟᱹᱱ ᱮᱢ ᱦᱳᱭ ᱞᱮᱱᱟ ᱦᱤᱱᱫᱩᱥᱛᱷᱟᱱᱤ ᱥᱮᱨᱮᱧ ᱨᱮ ᱠᱤᱪᱷᱤ ᱱᱟᱠᱷᱟ ᱨᱮ ᱯᱚᱫᱫᱷᱚᱛᱤ ᱟᱨ ᱟᱭᱢᱟ ᱠᱤᱪᱷᱤ ᱨᱟᱜ ᱨᱮᱭᱟᱜ ᱡᱟᱸᱦᱟ ᱞᱮᱠᱟ ᱤᱢᱚᱱ ᱠᱚᱞᱞᱟᱱ, ᱡᱤᱞᱟᱯᱷ ᱟᱨ ᱥᱚᱨᱯᱚᱫ ᱠᱳᱶᱟᱜ ᱨᱟᱠᱟᱵ ᱦᱮᱪ ᱞᱟᱹᱜᱤᱫ ᱾"
इसके बाद 1975 में सिक्किम का विलय हुआ।,ᱚᱱᱟ ᱛᱟᱭᱚᱢ ᱑᱙᱗᱕ ᱥᱟᱞ ᱨᱮ ᱥᱤᱠᱤᱢ ᱨᱮᱭᱟᱜ ᱥᱟᱹᱢᱤᱞ ᱦᱩᱭ ᱞᱮᱱᱟ ᱾
वे विशिष्ट शिक्षा विषयों के अलावा पाली और खामती लिपियाँ भी पढ़ाते हैं।,ᱩᱱᱠᱩ ᱫᱚ ᱥᱟᱫᱷᱟᱨᱚᱱ ᱥᱮᱪᱮᱫ ᱥᱟᱛᱟᱢ ᱪᱷᱟᱰᱟ ᱦᱚᱸ ᱯᱟᱹᱞᱤ ᱟᱨ ᱠᱷᱟᱢᱛᱤ ᱞᱤᱯᱤ ᱠᱚ ᱪᱮᱫ ᱟᱠᱚᱣᱟ ᱾
उत्तराखंड राज्य फुटबॉल संघ फुटबॉल संघ का शासी निकाय है।,ᱩᱛᱛᱚᱨᱟᱠᱷᱚᱱᱰ ᱯᱚᱱᱚᱛ ᱯᱷᱩᱴᱵᱚᱞ ᱜᱟᱶᱛᱟ ᱫᱚ ᱦᱩᱭᱩᱜ ᱠᱟᱱᱟ ᱯᱷᱩᱴᱵᱚᱞ ᱪᱟᱪᱞᱟᱶ ᱜᱟᱶᱛᱟ ᱾
वज़ारत का मुख्यालय वर्ष के छह महीने लेह में और छह महीने के लिए स्कर्दू में था।,ᱩᱡᱟᱨᱚᱛ ᱨᱮᱭᱟᱜ ᱥᱚᱫᱚᱨ ᱫᱚᱯᱛᱚᱨ ᱫᱚ ᱛᱟᱦᱮᱸ ᱠᱟᱱᱟ ᱥᱮᱨᱢᱟ ᱨᱮᱭᱟᱜ ᱛᱩᱨᱩᱭ ᱪᱟᱸᱫᱳ ᱫᱚ ᱞᱮᱦᱚᱨᱮ ᱟᱨ ᱛᱩᱨᱩᱭ ᱪᱟᱸᱫᱳ ᱫᱚ ᱥᱠᱟᱨᱫᱩᱛ ᱨᱮ ᱾
यक्षगान में राग मट्टू नामक मधुर रूपों के एक समूह के साथ निकटता से जुड़े हुए हैं।,ᱢᱟᱴᱴᱩ ᱧᱩᱛᱩᱢᱟᱱ ᱨᱟᱦᱟ ᱥᱟᱶ ᱢᱤᱫᱴᱟᱝ ᱨᱩᱯ ᱥᱟᱞᱟᱜ ᱥᱳᱨ ᱥᱳᱯᱳᱨ ᱡᱚᱲᱟᱣ ᱢᱮᱱᱟᱜᱼᱟ ᱡᱚᱠᱠᱷᱚ ᱠᱚᱶᱟᱜ ᱨᱟᱜᱽ ᱠᱚ ᱾
"निश्चित खर्चों में बंधक भुगतान या किराया, क्रेडिट कार्ड भुगतान, कार भुगतान और बिजली, पानी और सीवेज जैसी आवश्यक उपयोगिताएँ शामिल हो सकती हैं।","ᱜᱚᱴᱟ ᱵᱩᱴᱟᱹ ᱠᱷᱚᱨᱚᱪ ᱠᱚ ᱢᱩᱫᱽ ᱨᱮ ᱵᱚᱱᱫᱷᱚ ᱠᱷᱚᱨᱚᱪ ᱥᱮ ᱵᱷᱟᱲᱟ, ᱠᱨᱮᱰᱤᱴ ᱠᱟᱨᱰ ᱠᱷᱚᱨᱚᱪ, ᱜᱟᱺᱰᱤ ᱠᱷᱚᱨᱚᱪ ᱟᱨ ᱠᱟᱨᱮᱱ, ᱫᱟᱜ, ᱟᱨ ᱵᱟᱹᱲᱤᱡ ᱫᱟᱜ ᱠᱚ ᱥᱟᱦᱟᱜᱤᱰᱤᱭ ᱞᱟᱹᱜᱤᱫ ᱛᱮ ᱞᱟᱹᱠᱛᱤᱭᱟᱱ ᱤᱭᱩᱴᱤᱞᱤᱴᱤ ᱠᱚ ᱥᱮᱞᱮᱫ ᱦᱳᱭ ᱫᱟᱲᱮᱭᱟᱜᱼᱟ ᱾"
यह अभयारण्य मंचेरियल शहर से 35 किमी दूर प्राणहिता नदी के तट पर है।,ᱢᱟᱱᱪᱮᱨᱤᱭᱟᱞ ᱱᱟᱜᱟᱨ ᱠᱷᱚᱱ ᱓᱕ ᱠᱤᱞᱳᱢᱤᱴᱟᱨ ᱥᱟᱹᱜᱤᱧ ᱨᱮ ᱯᱮᱨᱟᱱᱦᱤᱛᱟ ᱜᱟᱰᱟ ᱟᱲᱮ ᱨᱮ ᱢᱮᱱᱟᱜᱼᱟ ᱵᱤᱱ ᱵᱚᱛᱚᱨᱟᱱ ᱵᱤᱨ ᱾
यह हिमालय से कुनलुन पर्वतमाला तक फैला हुआ है और इसमें ऊपरी सिंधु नदी घाटी शामिल है।,ᱱᱚᱶᱟ ᱫᱚ ᱦᱤᱢᱟᱞᱚᱭ ᱠᱷᱚᱱ ᱠᱩᱱᱞᱩᱱ ᱨᱟᱛᱟᱝᱵᱩᱨᱩ ᱢᱟᱞᱟ ᱦᱟᱹᱵᱤᱡ ᱯᱟᱥᱱᱟᱣᱟ ᱟᱨ ᱪᱮᱛᱟᱱ ᱨᱮᱭᱟᱜ ᱥᱤᱱᱫᱷᱩ ᱜᱟᱰᱟ ᱫᱷᱟᱥᱱᱟᱭ ᱥᱮᱞᱮᱫ ᱟᱠᱟᱫᱟ ᱾
नामों को शुरू में सीज़न के अंत में अंकों के आधार पर क्रमबद्ध किया जाता है।,ᱧᱩᱛᱩᱢ ᱠᱚᱫᱚ ᱮᱛᱚᱦᱚᱵ ᱞᱮᱠᱟᱛᱮ ᱢᱩᱨᱥᱩᱢ ᱨᱮᱭᱟᱜ ᱢᱩᱪᱟᱹᱫ ᱥᱠᱳᱨ ᱞᱮᱠᱟᱛᱮᱠᱚ ᱥᱟᱡᱟᱜᱼᱟ ᱾
इससे फरीदाबाद की दिल्ली के साथ कनेक्टिविटी को और बढ़ावा मिलेगा।,ᱱᱚᱶᱟ ᱫᱚ ᱫᱤᱞᱞᱤ ᱥᱟᱶᱛᱮ ᱯᱷᱚᱨᱤᱫᱟᱵᱟᱫᱽ ᱨᱮᱭᱟᱜ ᱡᱚᱯᱲᱟᱣ ᱟᱨᱦᱚᱸᱭ ᱵᱟᱹᱲᱛᱤᱭᱟ ᱾
बांग्लादेश में अगरतला से अखौरा तक पश्चिम की ओर एक नई रेलवे लाइन बिछाई जा रही है।,ᱵᱟᱝᱞᱟᱫᱮᱥ ᱨᱮᱭᱟᱜ ᱟᱜᱚᱨᱛᱚᱞᱟ ᱠᱷᱚᱱ ᱟᱠᱷᱟᱩᱲᱟ ᱫᱷᱟᱹᱵᱤᱡ ᱯᱚᱪᱷᱤᱢ ᱱᱟᱠᱷᱟ ᱥᱮᱫ ᱢᱤᱫᱴᱟᱝ ᱱᱟᱶᱟ ᱨᱮᱞᱞᱟᱭᱤᱱ ᱛᱷᱟᱯᱚᱱ ᱦᱩᱭᱩᱜ ᱠᱟᱱᱟ ᱾
शबनम एक और बॉक्स ऑफिस हिट थी जो 1949 में भी रिलीज़ हुई थी।,ᱥᱚᱵᱽᱱᱚᱢ ᱟᱨ ᱢᱤᱫᱴᱟᱝ ᱵᱚᱠᱥ ᱟᱹᱯᱷᱤᱥ ᱦᱤᱴ ᱛᱟᱦᱮᱸᱠᱟᱱᱟ ᱡᱟᱦᱟᱸᱫᱚ ᱑᱙᱔᱙ ᱥᱟᱹᱦᱤᱛ ᱨᱮ ᱯᱟᱨᱥᱟᱞ ᱞᱮᱱᱟ ᱾
ज़ांस्कर अपनी सहायक नदियों के साथ इस क्षेत्र की मुख्य नदी है।,ᱡᱟᱱᱥᱠᱟᱨ ᱦᱩᱭᱩᱜ ᱠᱟᱱᱟ ᱱᱚᱶᱟ ᱨᱮᱭᱟᱜ ᱥᱟᱸᱜᱟ ᱱᱟᱹᱭ ᱢᱮᱥᱟ ᱱᱚᱶᱟ ᱴᱚᱴᱷᱟ ᱨᱮᱭᱟᱜ ᱢᱩᱬᱩᱛ ᱱᱟᱹᱭ ᱠᱟᱱᱟ ᱾
"कुल 48,675 हेक्टेयर (120,280 एकड़) भूमि का उपयोग कृषि उद्देश्यों के लिए किया जाता है।","ᱜᱩᱴ ᱔᱘,᱖᱗᱕ ᱦᱮᱠᱴᱟᱨ (᱑᱒᱐,᱒᱘᱐ ᱮᱠᱚᱨ) ᱠᱷᱮᱛ ᱪᱟᱥ ᱠᱟᱹᱢᱤ ᱨᱮ ᱵᱮᱣᱦᱟᱨ ᱦᱩᱭᱩᱜᱼᱟ ᱾"
"हालाँकि, यह जाँचने योग्य है कि क्या लेखक ने अध्ययन के दौरान स्टेजिंग सिस्टम को अपडेट किया है, या जांच में विशिष्ट उपयोग के लिए सामान्य वर्गीकरण नियमों को संशोधित किया है।","ᱡᱟᱦᱟᱸᱭᱮᱱ ᱜᱮ, ᱚᱱᱚᱞᱤᱭᱟᱹ ᱯᱚᱲᱦᱚᱱ ᱨᱮᱭᱟᱜ ᱚᱠᱛᱚ ᱟᱠᱷᱲᱟᱣᱟᱱ ᱵᱚᱱᱫᱮᱡᱽ ᱟᱱ ᱱᱟᱦᱟᱜ ᱟᱹᱨᱩᱭ ᱥᱮ ᱠᱷᱚᱡ ᱛᱚᱞᱟᱥ ᱠᱟᱹᱢᱤ ᱨᱮ ᱴᱷᱟᱣᱠᱟᱹ ᱥᱟᱹᱦᱤᱡ ᱵᱮᱵᱷᱟᱨ ᱞᱟᱹᱜᱤᱫ ᱥᱟᱫᱷᱟᱨᱚᱱ ᱛᱷᱟᱠ ᱨᱮᱭᱟᱜ ᱱᱮᱭᱟᱢ ᱠᱚ ᱥᱩᱫᱷᱨᱟᱹᱣ ᱞᱮᱫᱟ ᱥᱮ ᱵᱟᱝ ᱚᱱᱟ ᱵᱤᱰᱟᱹᱣ ᱫᱚ ᱟᱹᱰᱤ ᱡᱟᱹᱨᱩᱲᱟ ᱾"
नामची में 9 प्रतिशत आबादी 6 साल से कम उम्र की है।,ᱱᱟᱢᱪᱤ ᱥᱟᱦᱟᱨ ᱨᱮᱭᱟᱜ ᱦᱚᱲᱞᱮᱠᱷᱟ ᱨᱮᱭᱟᱜ ᱙% ᱦᱩᱭᱩᱜ ᱠᱟᱱᱟ ᱖ ᱥᱮᱨᱢᱟ ᱟᱨᱵᱟᱝ ᱚᱱᱟ ᱠᱷᱚᱱ ᱠᱚᱢ ᱩᱢᱮᱨᱟᱱ ᱾
"वेवर्ली हाई स्कूल, तारानाकी को दिसंबर में यह पुष्टि होने के बाद कि वे अपने छात्रों को धोखा दे रहे थे, आंतरिक एन. सी. ई. ए. मूल्यांकन करने से पहले ही निलंबित कर दिया गया है।","ᱳᱭᱮᱹᱵᱷᱟᱨᱞᱤ ᱩᱱᱩᱥᱩᱞ ᱵᱤᱫᱽᱫᱟᱹᱜᱟᱲ, ᱛᱟᱨᱟᱱᱟᱠᱤ, ᱰᱤᱥᱮᱢᱵᱚᱨ ᱨᱮ ᱜᱚᱴᱟ ᱛᱟᱭᱚᱢ ᱵᱷᱤᱛᱟᱹᱨᱟᱱ ᱮᱱ ᱥᱤ ᱤ ᱮᱹ ᱵᱤᱰᱟᱹᱣ ᱪᱟᱼᱪᱟᱞᱟᱣ ᱠᱷᱚᱱ ᱦᱟᱹᱯᱤᱫ ᱦᱳᱭ ᱞᱮᱱᱟ ᱡᱮ, ᱩᱱᱠᱩ ᱟᱠᱚᱨᱮᱱ ᱯᱟᱹᱴᱷᱩᱣᱟᱹ ᱠᱚ ᱠᱳᱢᱲᱳ ᱦᱚᱪᱚ ᱭᱮᱫ ᱠᱚᱣᱟ ᱠᱚ ᱾"
"इंटरनेट के उपयोग ने इन तीनों पात्रों के जीवन को कैसे प्रभावित किया, यह कहानी का सार है।",ᱤᱱᱴᱟᱨᱱᱮᱴ ᱨᱮᱭᱟᱜ ᱵᱮᱣᱦᱟᱨ ᱪᱮᱫ ᱞᱮᱠᱟᱛᱮ ᱱᱚᱶᱟ ᱯᱮᱭᱟ ᱪᱩᱨᱤᱛᱟᱜ ᱡᱤᱭᱚᱱᱮ ᱮᱥᱮᱨᱟ ᱚᱱᱟ ᱤᱫᱤ ᱠᱟᱛᱮᱫ ᱜᱮ ᱠᱟᱹᱦᱚᱱᱤ ᱨᱮᱱᱟᱜ ᱢᱩᱬᱩᱫ ᱥᱟᱛᱟᱢ ᱾
वृषध्वज और उनके उत्तराधिकारी-पुत्र की मृत्यु हो चुकी थी और उनके पोते धर्मध्वज और कुशध्वज अब लक्ष्मी की कृपा प्राप्त करने के लिए उनकी पूजा कर रहे थे।,"ᱵᱨᱤᱥᱫᱷᱚᱡᱽ ᱟᱨ ᱩᱱᱤᱨᱮᱱ ᱵᱤᱨᱟᱹᱫᱟᱹᱞᱤ ᱦᱚᱯᱚᱱ ᱦᱚᱸᱭ ᱜᱚᱡ ᱟᱠᱟᱱᱟ ᱟᱨ ᱩᱱᱤ ᱨᱮᱱ ᱜᱚᱲᱚᱢ ᱠᱚᱲᱟ ᱠᱤᱱ, ᱫᱷᱚᱨᱢᱚᱫᱷᱚᱡᱽ ᱟᱨ ᱠᱩᱥᱫᱷᱚᱡᱽ ᱱᱤᱛᱚᱜ ᱞᱚᱠᱷᱤ ᱧᱟᱢ ᱟᱸᱥᱛᱮ ᱩᱱᱤᱭᱟᱜ ᱯᱩᱡᱟᱹ ᱠᱤᱱ ᱠᱚᱨᱟᱣᱟ᱾"
उन्होंने शशि कपूर के फिल्मवालास प्रोडक्शंस के कलयुग में रीमा लागू के पति और राज बब्बर के भाई की भूमिका निभाई।,ᱥᱚᱥᱤ ᱠᱟᱯᱩᱨᱟᱜ ᱯᱷᱤᱞᱢᱳᱣᱟᱞᱟᱥ ᱯᱨᱳᱰᱟᱠᱥᱚᱱ ᱠᱟᱞ ᱡᱩᱜᱽᱨᱮ ᱩᱱᱤ ᱨᱤᱢᱟ ᱞᱟᱜᱩ ᱨᱮᱱ ᱪᱷᱟᱛᱟ ᱫᱟᱨᱮᱹ ᱟᱨ ᱨᱟᱡᱽ ᱵᱚᱵᱽᱵᱚᱨ ᱨᱮᱱ ᱵᱚᱠᱚᱛᱛᱮᱫᱟᱜ ᱪᱩᱨᱤᱛ ᱨᱮᱭ ᱯᱟᱴᱷ ᱞᱮᱫᱟ ᱾
श्रीनगर में स्थित कश्मीर विश्वविद्यालय इस क्षेत्र का मुख्य विश्वविद्यालय है।,ᱥᱨᱤᱱᱚᱜᱚᱨ ᱨᱮ ᱢᱮᱱᱟᱜ ᱠᱟᱥᱢᱤᱨ ᱡᱮᱜᱮᱫ ᱵᱤᱨᱫᱟᱹᱜᱟᱲ ᱫᱚ ᱱᱚᱶᱟ ᱴᱚᱴᱷᱟ ᱨᱮᱭᱟᱜ ᱢᱟᱨᱟᱝ ᱡᱮᱜᱮᱫ ᱵᱤᱨᱫᱟᱹᱜᱟᱲ ᱠᱟᱱᱟ ᱾
आप गाड़ी छोड़ कर परिवहन पर पैसे बचाने की भी जांच कर सकते हैं।,ᱟᱢᱫᱚ ᱢᱤᱫᱴᱟᱝ ᱜᱟᱹᱰᱤ ᱟᱲᱟᱜ ᱠᱟᱛᱮ ᱠᱟᱛᱮᱜ ᱥᱟᱜᱟᱲᱚᱢ ᱨᱮᱭᱟᱜ ᱠᱟᱹᱣᱰᱤ ᱥᱟᱧᱪᱟᱣ ᱨᱮᱭᱟᱜ ᱠᱟᱛᱷᱟᱢ ᱩᱭᱦᱟᱹᱨ ᱫᱟᱲᱮᱭᱟᱜᱼᱟ ᱾
अप्रैल और जून के बीच आम तूफान ने मैमनसिंह क्षेत्र को अपनी चपेट में ले लिया और फसलों और पेड़ों को नष्ट कर दिया।,ᱮᱯᱨᱤᱞ ᱠᱷᱚᱱ ᱡᱩᱱ ᱢᱩᱫᱽᱨᱮ ᱥᱟᱹᱵᱤᱠ ᱞᱮᱠᱟᱛᱮ ᱦᱩᱭᱩᱜ ᱦᱚᱭᱼᱵᱟᱹᱨᱰᱩ ᱠᱚ ᱢᱚᱭᱢᱚᱱᱥᱤᱝ ᱴᱚᱴᱷᱟ ᱪᱮᱛᱟᱱᱛᱮ ᱩᱰᱟᱹᱣ ᱪᱟᱞᱟᱜᱼᱟ ᱟᱨ ᱟᱨᱡᱟᱣ ᱫᱩᱨᱤᱵᱽ ᱟᱨ ᱫᱟᱹᱨᱮ ᱱᱟᱹᱲᱤᱭ ᱱᱟᱥᱟᱣᱟ ᱾
"कम दृष्टि पुनर्वास पेशेवर, जिनमें से कुछ नेत्रहीनों के लिए एक एजेंसी से जुड़े हैं, शेष दृष्टि को अधिकतम करने के लिए प्रकाश और विपरीत पर सलाह दे सकते हैं।","ᱠᱚᱢ ᱧᱮᱧᱮᱞᱟᱱ ᱛᱟᱦᱮᱸ ᱨᱩᱣᱟᱹᱲ ᱠᱚ, ᱡᱟᱸᱦᱟᱭ ᱠᱚ ᱢᱩᱫᱽᱨᱮ ᱚᱠᱚᱭ ᱚᱠᱚᱭ ᱠᱚᱫᱚ ᱠᱟᱬᱟ ᱠᱚ ᱞᱟᱹᱜᱤᱫ ᱢᱤᱫ ᱜᱟᱶᱛᱟ ᱥᱟᱶᱛᱮ ᱡᱚᱯᱲᱟᱣ, ᱥᱟᱨᱮᱡ ᱟᱠᱟᱱ ᱧᱮᱱᱮᱞ ᱫᱚ ᱡᱚᱛᱚ ᱠᱷᱚᱱ ᱠᱟᱹᱢᱤ ᱨᱮ ᱞᱟᱜᱟᱣ ᱞᱟᱹᱜᱤᱫ ᱢᱟᱨᱥᱟᱞ ᱟᱨ ᱵᱷᱮᱜᱟᱨ ᱩᱫᱩᱜ ᱵᱟᱨᱮᱛᱮ ᱯᱚᱨᱟᱢᱚᱥ ᱮ ᱮᱢ ᱫᱟᱲᱮᱭᱟᱜᱼᱟ ᱾"
"टेनिस भी तमिलनाडु में एक लोकप्रिय खेल है जिसमें रमेश कृष्णन, रामनाथन कृष्णन, विजय अमृतराज और महेश भूपति सहित उल्लेखनीय अंतर्राष्ट्रीय खिलाड़ी हैं।","ᱨᱚᱢᱮᱥ ᱠᱨᱤᱥᱱᱚᱱ, ᱨᱟᱢᱱᱟᱛᱷᱚᱱ ᱠᱨᱤᱥᱱᱚᱱ, ᱵᱤᱡᱚᱭ ᱚᱢᱨᱤᱛᱨᱟᱡᱽ ᱟᱨ ᱢᱚᱦᱮᱥ ᱵᱷᱩᱯᱚᱛᱤ ᱥᱟᱶᱛᱮ ᱧᱩᱛᱩᱢᱟᱱ ᱡᱮᱜᱮᱫᱡᱟᱠᱟᱫ ᱠᱷᱤᱞᱚᱸᱰᱤᱭᱟᱹ ᱟᱛᱮ ᱛᱟᱹᱢᱤᱞᱱᱟᱰᱩ ᱨᱮᱦᱚᱸ ᱴᱮᱱᱤᱥ ᱢᱤᱫᱴᱮᱱ ᱧᱩᱛᱩᱢᱟᱱᱟᱜ ᱦᱩᱭᱟᱠᱟᱱᱟ ᱾"
राज्य में उष्णकटिबंधीय सवाना जलवायु है और दक्षिण पश्चिम मानसून से मौसमी भारी बारिश होती है।,ᱯᱚᱱᱚᱛ ᱨᱮᱭᱟᱜ ᱦᱚᱭᱦᱤᱸᱥᱤᱫ ᱥᱤᱛᱩᱝ ᱴᱚᱴᱷᱟᱠᱤᱭᱟᱹ ᱥᱟᱵᱷᱟᱱᱟ ᱞᱮᱠᱟᱱᱟᱜ ᱟᱨ ᱫᱚᱠᱷᱤᱱ ᱯᱚᱪᱷᱤᱢ ᱢᱳᱣᱥᱩᱢᱤ ᱦᱳᱭ ᱠᱷᱚᱱ ᱢᱳᱣᱥᱩᱢᱤ ᱟᱹᱰᱤ ᱟᱸᱴᱮ ᱫᱟᱜᱼᱟ ᱾
"पटना में प्रति व्यक्ति 63,063 रुपये दर्ज किया गया।","ᱯᱟᱴᱱᱟ ᱨᱮ ᱦᱚᱱᱯᱤᱪᱷᱩ ᱖᱓,᱐᱖᱓ ᱴᱟᱠᱟ ᱨᱮᱠᱚᱰ ᱠᱚᱨᱟᱣ ᱟᱠᱟᱱᱟ ᱾"
"लंबी पैदल यात्रा गतिविधि के बाद, आयोजकों और प्रायोजकों ने प्रतिभागियों के लिए खेल और आंखों की जांच करने वाले बूथ स्थापित किए और अच्छी दृष्टि रखने के लिए सेमिनार भी आयोजित किए।",ᱦᱟᱭᱠᱤᱝ ᱠᱟᱹᱦᱚᱨᱟ ᱛᱟᱭᱚᱢ ᱥᱚᱝᱜᱚᱴᱷᱚᱠ ᱟᱨ ᱥᱯᱚᱱᱥᱚᱨ ᱠᱚ ᱫᱟᱶ ᱦᱟᱛᱟᱣ ᱠᱚ ᱞᱟᱹᱜᱤᱫ ᱜᱮᱢᱤᱝ ᱟᱨ ᱢᱮᱫᱼᱵᱤᱰᱟᱹᱣ ᱵᱩᱛᱷ ᱛᱷᱟᱯᱚᱱ ᱠᱮᱫᱟᱠᱚ ᱟᱨ ᱚᱠᱟ ᱞᱮᱠᱟᱛᱮ ᱱᱟᱯᱟᱭ ᱧᱮᱞ ᱧᱟᱢ ᱫᱟᱲᱮ ᱥᱟᱢᱴᱟᱣ ᱫᱚᱦᱚ ᱦᱩᱭᱩᱜᱼᱟ ᱚᱱᱟ ᱞᱟᱹᱭ ᱟᱠᱚ ᱞᱟᱹᱜᱤᱫ ᱥᱮᱢᱤᱱᱟᱨ ᱦᱚᱸᱠᱚ ᱥᱟᱯᱲᱟᱣ ᱠᱮᱫᱟ ᱾
छत्तीसगढ़ में 20वीं शताब्दी में लिंगानुपात में लगातार गिरावट आ रही है।,ᱵᱤᱝᱥᱚ ᱥᱚᱛᱟᱵᱽᱫᱤ ᱫᱷᱩᱨᱭᱟᱹ ᱪᱷᱚᱛᱛᱤᱥᱜᱚᱲ ᱨᱮᱭᱟᱜ ᱡᱟᱱᱟᱝ ᱯᱚᱲᱚᱱ ᱞᱮᱛᱟᱲ ᱟᱹᱫᱷᱤᱜ ᱠᱟᱱᱟ ᱾
कुमारगुप्त प्रथम भी कार्तिकेय के उपासक थे।,ᱯᱩᱭᱞᱩ ᱠᱩᱢᱟᱨ ᱜᱩᱯᱛᱚ ᱦᱚᱸ ᱠᱟᱨᱛᱤᱠ ᱨᱮᱱ ᱵᱷᱚᱠᱛᱟᱭ ᱛᱟᱸᱦᱮ ᱠᱟᱱᱟ ᱾
वे अभिनेता नसीरुद्दीन शाह और रत्ना पाठक शाह के बेटे हैं।,ᱩᱱᱤᱫᱚ ᱚᱵᱷᱤᱱᱮᱛᱟ ᱱᱟᱥᱤᱨᱩᱫᱽᱫᱤᱱ ᱥᱟᱦᱚ ᱟᱨ ᱨᱚᱛᱱᱟ ᱯᱟᱴᱷᱚᱠ ᱥᱟᱦᱚ ᱨᱮᱱ ᱜᱤᱫᱽᱨᱟᱹ ᱾
"तमिलनाडु में चार मोबाइल सेवा प्रदाता हैं-बीएसएनएल, एयरटेल, जियो और वीआई।","ᱛᱟᱢᱤᱞᱱᱟᱹᱲᱩᱨᱮ ᱯᱚᱱᱭᱟ ᱢᱚᱵᱟᱭᱤᱞ ᱯᱚᱨᱤᱥᱮᱵᱟ ᱮᱢᱚᱜ ᱠᱟᱱᱟ ᱠᱚ ,ᱢᱩᱲᱩᱛ ᱞᱮᱠᱟᱛᱮ ᱵᱤᱹᱮᱥᱹᱮᱱᱹᱮᱞ, ᱮᱭᱟᱨᱴᱮᱞ, ᱡᱤᱭᱳ ᱟᱨ ᱵᱷᱤᱟᱭ ᱾"
"सर्वश्रेष्ठ मलयालम फिल्म और फिल्म के लिए सर्वश्रेष्ठ पटकथा के अलावा, फहद ने सर्वश्रेष्ठ सहायक अभिनेता की श्रेणी में पुरस्कार जीता।","ᱥᱚᱨᱮᱥ ᱢᱟᱞᱟᱭᱟᱞᱟᱢ ᱪᱚᱞᱚᱛ ᱪᱤᱛᱟᱹᱨ ᱞᱟᱹᱜᱤᱫ ᱥᱚᱨᱮᱥ ᱪᱤᱛᱟᱹᱨ ᱜᱟᱭᱟᱱ ᱪᱷᱟᱰᱟᱦᱚᱸ, ᱯᱷᱟᱦᱟᱫ ᱥᱚᱨᱮᱥ ᱥᱚᱦᱚᱫ ᱯᱟᱴᱷᱚᱠ ᱛᱷᱚᱱᱚᱛ ᱨᱮᱭ ᱡᱤᱛᱠᱟᱹᱨ ᱞᱮᱱᱟ ᱾"
"आधुनिक मिजोरम में, अधिकांश सामाजिक जीवन अक्सर चर्च के इर्द-गिर्द घूमता है।",ᱱᱟᱦᱟᱜ ᱢᱤᱡᱳᱨᱟᱢ ᱨᱮ ᱥᱟᱶᱛᱟ ᱠᱤᱭᱟᱹ ᱡᱤᱭᱚᱱ ᱨᱮ ᱟᱭᱢᱟᱜᱟᱱ ᱜᱮ ᱞᱟᱹᱭᱜᱟᱱᱚᱜᱼᱟ ᱜᱤᱨᱡᱟ ᱫᱷᱟᱨᱮ ᱫᱷᱟᱨᱮ ᱨᱮ ᱢᱮᱱᱟᱜ ᱠᱚᱶᱟ ᱾
वे कन्नड़ रंगमंच के अग्रदूतों और सबसे विपुल योगदानकर्ताओं में से एक थे।,ᱩᱱᱤ ᱫᱚ ᱠᱚᱱᱱᱚᱲ ᱨᱚᱸᱜᱤᱱᱟᱠᱷᱲᱟ ᱞᱟᱦᱟᱣᱟᱱ ᱟᱨ ᱡᱚᱛᱚᱠᱷᱚᱱ ᱰᱷᱮᱨ ᱮᱱᱮᱢᱦᱚᱲᱮ ᱛᱟᱦᱮᱸ ᱠᱟᱱᱟ ᱾
उत्तराखंड फुटबॉल टीम संतोष ट्रॉफी और अन्य लीगों में उत्तराखंड का प्रतिनिधित्व करती है।,ᱥᱚᱱᱛᱳᱥ ᱴᱨᱚᱯᱷᱤ ᱟᱨ ᱮᱴᱟᱜ ᱞᱤᱜᱽ ᱨᱮ ᱩᱛᱛᱚᱨᱟᱠᱷᱚᱱᱰ ᱯᱷᱩᱴᱵᱚᱞ ᱜᱟᱫᱮᱞ ᱩᱛᱛᱚᱨᱟᱠᱷᱚᱱᱰ ᱛᱚᱨᱚᱯᱷ ᱛᱮᱠᱚ ᱢᱟᱲᱛᱮ ᱞᱮᱱᱟ ᱾
"पलाश या टेसू के पेड़ के फूल, जिन्हें जंगल की लौ भी कहा जाता है, चमकीले लाल और गहरे नारंगी रंगों के विशिष्ट स्रोत हैं।","ᱢᱩᱨᱩᱫ ᱥᱮ ᱛᱮᱥᱩ ᱫᱟᱨᱮᱹ ᱨᱮᱭᱟᱜ ᱵᱟᱦᱟ ᱡᱟᱦᱟᱸ ᱫᱚ ᱵᱤᱨ ᱨᱮᱭᱟᱜ ᱢᱟᱨᱥᱟᱞ ᱦᱚᱠᱚ ᱢᱮᱛᱟᱜᱼᱟ, ᱟᱨᱟᱜ ᱟᱨᱥᱟᱞ ᱟᱨ ᱜᱟᱲᱚ ᱠᱚᱢᱞᱟ ᱨᱚᱝ ᱟᱫᱚᱨᱥᱚ ᱞᱮᱠᱟᱛᱮ ᱯᱷᱮᱰᱟᱛ ᱠᱟᱱᱟ ᱾"
आइसिकोनिक सुधार की आवश्यकता वाले लोगों के लिए सामान्य सिफारिश कॉन्टैक्ट लेंस पहनना है।,ᱡᱟᱦᱟᱸᱭ ᱠᱚᱣᱟᱜ ᱟᱭᱥᱤᱠᱱᱤᱠ ᱥᱩᱫᱷᱨᱟᱹᱣ ᱨᱮᱭᱟᱜ ᱡᱟᱨᱩᱲᱚᱜᱼᱟ ᱩᱱᱠᱩ ᱞᱟᱹᱜᱤᱫ ᱥᱟᱫᱷᱟᱨᱚᱱ ᱥᱩᱯᱷᱟᱨᱤᱥ ᱦᱩᱭᱩᱜ ᱠᱟᱱᱟ ᱠᱚᱱᱴᱟᱠᱴ ᱞᱮᱱᱥ ᱦᱚᱨᱚᱜ ᱦᱩᱭᱩᱜᱼᱟ ᱾
इस सत्र में जवाहरलाल नेहरू ने भारत की स्वतंत्रता की घोषणा करते हुए ट्रिस्ट विद डेस्टिनी भाषण दिया।,"ᱱᱚᱶᱟ ᱚᱫᱷᱤᱵᱮᱥᱚᱱ ᱨᱮ, ᱡᱚᱣᱦᱚᱨᱞᱟᱞ ᱱᱮᱦᱮᱨᱩ ᱵᱷᱟᱨᱚᱛ ᱨᱮᱭᱟᱜ ᱯᱷᱩᱨᱜᱟᱹᱞ ᱩᱪᱷᱟᱹᱱ ᱠᱟᱛᱮᱫ ᱴᱨᱤᱥᱴ ᱩᱭᱤᱛᱷ ᱰᱮᱥᱴᱤᱱᱤ ᱛᱷᱩᱛᱤᱭ ᱫᱚᱦᱚ ᱞᱮᱫᱟ ᱾"
भारत के लिए 2020 टोक्यो ओलंपिक में रजत पदक जीता।,ᱵᱷᱟᱨᱚᱛ ᱨᱮᱱ ᱦᱳᱭ ᱠᱟᱛᱮ ᱒᱐᱒᱐ ᱴᱳᱠᱤᱭᱳ ᱚᱞᱤᱢᱯᱤᱠᱨᱮ ᱨᱩᱯᱟᱹ ᱯᱚᱫᱚᱠ ᱠᱚ ᱡᱤᱛᱟᱹᱣ ᱞᱮᱱᱟ ᱾
पूर्व में बंगाल की खाड़ी है और राज्य केंद्र शासित प्रदेश पुडुचेरी को घेरता है।,ᱯᱩᱨᱩᱵᱽ ᱨᱮ ᱵᱚᱝᱜᱳᱯᱥᱟᱜᱚᱨ ᱟᱨ ᱯᱚᱱᱚᱛ ᱯᱩᱫᱩᱪᱮᱨᱤ ᱫᱚ ᱛᱟᱞᱢᱟ ᱥᱟᱥᱚᱱᱤᱭᱟᱹ ᱴᱚᱴᱷᱟ ᱵᱮᱲᱦᱟᱭᱛᱮ ᱮᱥᱮᱫ ᱟᱠᱟᱫᱟᱭ ᱾
राज्य में पक्षियों की लगभग 750 प्रजातियाँ और स्तनधारियों की 200 से अधिक प्रजातियाँ हैं।,ᱯᱚᱱᱚᱛ ᱨᱮ ᱯᱨᱟᱭ ᱗᱕᱐ ᱡᱟᱹᱛᱨᱮᱱ ᱪᱮᱬᱮ ᱟᱨ ᱒᱐᱐ ᱜᱚᱴᱟᱝ ᱠᱷᱚᱱ ᱰᱷᱮᱨ ᱡᱟᱹᱛᱨᱮᱱ ᱱᱩᱱᱩᱣᱟᱱ ᱡᱤᱭᱟᱹᱞᱤ ᱢᱮᱱᱟᱜ ᱠᱚᱣᱟ ᱾
स्लेज हॉकी उन खिलाड़ियों के लिए डिज़ाइन की गई बर्फ हॉकी का एक रूपांतरण है जो शारीरिक रूप से विकलांग हैं।,ᱥᱞᱮᱡᱽ ᱦᱚᱠᱤ ᱦᱳᱭᱚᱜ ᱠᱟᱱᱟ ᱟᱭᱤᱥ ᱦᱚᱠᱤ ᱨᱮᱭᱟᱜ ᱢᱤᱫᱴᱟᱝ ᱚᱵᱷᱤᱡᱳᱡᱚᱱ ᱡᱟᱦᱟᱸ ᱫᱚ ᱚᱱᱠᱟᱱ ᱠᱷᱤᱞᱳᱸᱰᱤᱭᱟᱹ ᱠᱚ ᱞᱟᱹᱜᱤᱫ ᱵᱮᱱᱟᱣ ᱦᱳᱭ ᱟᱠᱟᱱᱟ ᱡᱟᱦᱟᱸᱭ ᱠᱚᱣᱟᱜ ᱫᱟᱲᱮᱹ ᱵᱟᱱᱩᱜᱼᱟ ᱾
एक आह्वानात्मक वस्तु आमतौर पर वर्णम के बाद आ सकती है।,ᱟᱥᱚᱠᱟᱭᱛᱮ ᱵᱚᱨᱱᱚᱢ ᱛᱟᱭᱚᱢ ᱢᱤᱫᱴᱟᱝ ᱱᱮᱸᱦᱚᱨ ᱥᱮᱨᱮᱧ ᱦᱮᱪ ᱫᱟᱲᱮᱭᱟᱜᱼᱟ ᱾
यह पूर्व-शास्त्रीय मधुर रूपों पर आधारित है जिसमें पाँच या अधिक संगीत स्वरों की एक श्रृंखला शामिल होती है जिस पर एक राग स्थापित किया जाता है।,ᱱᱚᱶᱟ ᱫᱚ ᱢᱟᱲᱟᱝᱼᱥᱮᱨᱶᱟ ᱨᱟᱦᱟ ᱵᱟᱵᱚᱫᱟᱱ ᱨᱩᱯ ᱪᱮᱛᱟᱱ ᱴᱮᱦᱟᱰ ᱟᱠᱟᱱ ᱡᱟᱦᱟᱸ ᱢᱚᱬᱮ ᱟᱨᱵᱟᱝ ᱚᱱᱟ ᱠᱷᱚᱱ ᱰᱷᱮᱨ ᱨᱩᱼᱥᱟᱯᱟᱵᱽ ᱨᱮᱱᱟᱜ ᱢᱤᱫᱴᱟᱝ ᱦᱚᱨᱟ ᱟᱛᱮᱫ ᱜᱚᱲᱦᱚᱱ ᱡᱟᱦᱟ ᱠᱷᱚᱱ ᱢᱤᱫᱴᱟᱝ ᱨᱟᱦᱟ ᱛᱚᱞ ᱜᱟᱱᱚᱜᱼᱟ ᱾
"यह राज्य हमेशा से भारत में पर्वतारोहण, लंबी पैदल यात्रा और रॉक क्लाइम्बिंग के लिए एक गंतव्य रहा है।","ᱵᱷᱟᱨᱚᱛ ᱨᱮ ᱵᱩᱨᱩᱫᱮᱡᱚᱜ, ᱦᱟᱭᱠᱤᱝ ᱟᱨ ᱨᱚᱠ ᱠᱞᱟᱭᱢᱵᱤᱝ ᱞᱟᱹᱜᱤᱫᱛᱮ ᱯᱚᱱᱚᱛ ᱫᱚ ᱥᱟᱨᱜᱷᱟᱹᱲᱤᱡᱽ ᱜᱮ ᱢᱤᱫᱴᱟᱝ ᱥᱮᱴᱮᱨᱚᱜ ᱴᱷᱟᱶ ᱾"
"अब तक, विजेता टीम या तो नीदरलैंड या बेल्जियम से थी, जिसमें क्रमशः 45 और 6 यूरोपा कप थे।","ᱱᱤᱛ ᱦᱟᱹᱵᱤᱡ, ᱡᱤᱛᱠᱟᱹᱨ ᱫᱚᱞ ᱠᱚ ᱦᱩᱭᱩᱜ ᱛᱟᱦᱮᱱᱟ ᱱᱮᱫᱟᱨᱞᱮᱱᱰᱥ ᱟᱨᱵᱟᱝ ᱵᱮᱞᱡᱤᱭᱟᱢ ᱠᱷᱚᱱ, ᱮᱞᱮᱞ ᱞᱮᱠᱟᱛᱮ ᱔᱕ ᱟᱨ ᱖ ᱜᱚᱴᱟᱝ ᱤᱭᱩᱨᱳᱯᱟ ᱠᱟᱯ ᱾"
"यह मुख्य रूप से भारतीय उपमहाद्वीप में मनाया जाता है, लेकिन दक्षिण एशियाई प्रवासियों के माध्यम से एशिया के अन्य क्षेत्रों और पश्चिमी दुनिया के कुछ हिस्सों में भी फैल गया है।",ᱢᱩᱲᱩᱫ ᱞᱮᱠᱟᱛᱮ ᱵᱷᱟᱨᱚᱛᱤᱭᱟᱹ ᱩᱯᱚᱼᱢᱟᱦᱟ ᱫᱤᱥᱚᱢ ᱨᱮ ᱱᱚᱶᱟ ᱯᱟᱞᱟᱣ ᱦᱩᱭᱞᱮᱱᱟ ᱢᱮᱱᱠᱷᱟᱱ ᱫᱚᱠᱷᱤᱱ ᱮᱥᱤᱭᱟᱨᱮᱱ ᱜᱤᱨᱟᱹᱵᱟᱥ ᱟᱠᱟᱱᱠᱚ ᱛᱟᱞᱟᱛᱮ ᱮᱥᱤᱭᱟ ᱨᱮᱭᱟᱜ ᱮᱴᱟᱜ ᱮᱴᱟᱜ ᱴᱚᱴᱷᱟ ᱟᱨ ᱯᱟᱹᱪᱷᱤᱢ ᱡᱮᱸᱜᱮᱫ ᱨᱮᱭᱟᱜ ᱠᱤᱪᱷᱩᱜᱟᱱ ᱦᱤᱸᱥ ᱨᱮᱦᱚᱸ ᱪᱷᱩᱲᱤᱭᱟᱹᱣ ᱟᱠᱟᱱᱟ ᱾
आप एक पूरे कैलेंडर वर्ष के लिए अलास्का में रहे होंगे और आपको अनिश्चित काल के लिए अलास्का में रहने का इरादा होना चाहिए।,ᱟᱢ ᱱᱤᱦᱟᱹᱛ ᱜᱮ ᱢᱤᱫᱴᱟᱝ ᱯᱩᱨᱟᱹ ᱯᱚᱧᱡᱤᱠᱟ ᱥᱮᱨᱢᱟ ᱞᱟᱹᱜᱤᱫ ᱟᱞᱟᱥᱠᱟ ᱨᱮᱠᱚ ᱜᱤᱨᱟᱹᱵᱟᱥᱤ ᱟᱠᱟᱱ ᱟᱨ ᱟᱢᱟᱜ ᱵᱮᱼᱴᱷᱤᱠᱟᱹᱱ ᱠᱟᱞ ᱞᱟᱹᱜᱤᱫ ᱟᱞᱟᱥᱠᱟ ᱨᱮ ᱛᱟᱦᱮᱸᱱ ᱨᱮᱭᱟᱜ ᱯᱟᱱᱛᱷᱟ ᱢᱮᱱᱟᱜᱼᱟ ᱾
"एक मिश्रित सब्जी का स्टू, जिसे खतखते के नाम से जाना जाता है, हिंदू और ईसाई त्योहारों के उत्सव के दौरान एक बहुत ही लोकप्रिय व्यंजन है।","ᱢᱤᱫᱴᱟᱝ ᱢᱮᱥᱟ ᱥᱚᱵᱡᱽᱤ ᱥᱩᱴᱩ, ᱡᱟᱦᱟᱸ ᱫᱚ ᱠᱷᱚᱴᱠᱷᱚᱴᱮᱹ ᱧᱩᱛᱩᱢ ᱛᱮ ᱩᱯᱨᱩᱢ ᱟᱠᱟᱱᱟ, ᱦᱤᱱᱫᱩ ᱟᱨ ᱠᱷᱤᱥᱴᱟᱱ ᱠᱚᱣᱟᱜ ᱯᱚᱨᱚᱵᱽ ᱢᱟᱱᱟᱣ ᱚᱠᱛᱚ ᱢᱤᱫᱴᱟᱝ ᱠᱷᱩᱥᱤᱭᱟᱱᱟᱜ ᱡᱚᱢᱟᱜ ᱠᱟᱱᱟ ᱾"
स्वीडन में बाल दिवस अक्टूबर के पहले सोमवार को मनाया जाता है।,"ᱥᱩᱭᱰᱮᱱ ᱨᱮ, ᱚᱠᱴᱳᱵᱚᱨ ᱨᱮᱭᱟᱜ ᱯᱳᱭᱞᱳ ᱚᱛᱮᱢᱟᱦᱟ ᱦᱤᱞᱳᱜ ᱥᱤᱥᱩ ᱫᱤᱵᱚᱥ ᱠᱚ ᱯᱟᱞᱟᱣᱟ ᱾"
"उन्होंने ओमान में इंडियन स्कूल वादी कबीर और इंडियन स्कूल, सलालाह में पढ़ाई की।","ᱩᱱᱤᱫᱚ ᱳᱢᱟᱱ ᱨᱮᱭᱟᱜ ᱤᱱᱰᱤᱭᱟᱱ ᱥᱠᱩᱞ ᱳᱣᱟᱫᱤ ᱠᱚᱵᱤᱨ ᱟᱨ ᱤᱱᱰᱤᱭᱟᱱ ᱥᱠᱩᱞ, ᱥᱟᱞᱟᱞᱟᱦᱚ ᱨᱮᱭ ᱯᱟᱲᱦᱟᱣ ᱟᱠᱟᱱᱟ ᱾"
"आसपास के शहर पंजाब में मोहाली, न्यू चंडीगढ़, पटियाला, जीरकपुर और रूपनगर और हरियाणा में पंचकुला और अंबाला हैं।","ᱥᱩᱨᱥᱩᱯᱩᱨ ᱥᱟᱦᱟᱨᱠᱚᱫᱚ ᱦᱩᱭᱩᱜ ᱠᱟᱱᱟ ᱢᱳᱦᱟᱞᱤ, ᱱᱤᱭᱩ ᱪᱚᱱᱰᱤᱜᱚᱲ, ᱯᱟᱛᱤᱭᱟᱞᱟ, ᱯᱟᱧᱡᱟᱵᱽ ᱨᱮᱭᱟᱜ ᱡᱤᱨᱟᱠᱯᱩᱨ ᱟᱨ ᱨᱩᱯᱱᱚᱜᱚᱨ ᱟᱨ ᱦᱚᱨᱤᱭᱟᱱᱟ ᱨᱮᱭᱟᱜ ᱯᱚᱧᱪᱚᱠᱩᱞᱟ ᱟᱨ ᱟᱢᱵᱟᱞᱟ ᱾"
इसके लिए दूसरा संस्कृत शब्द अव्यंग है।,ᱱᱚᱶᱟ ᱞᱟᱹᱜᱤᱫ ᱮᱴᱟᱜ ᱥᱚᱝᱥᱠᱨᱤᱛ ᱯᱟᱹᱱᱟᱹᱨᱥᱤ ᱫᱚ ᱠᱟᱱᱟ ᱚᱵᱮᱝᱜᱚ ᱾
लेजर सर्जरी से रंग और रात की दृष्टि भी थोड़ी कम हो सकती है।,ᱞᱮᱡᱟᱨ ᱥᱟᱨᱡᱟᱨᱤ ᱦᱚᱸ ᱨᱚᱝᱼ ᱟᱨ ᱧᱤᱫᱟᱹ ᱧᱮᱞ ᱫᱟᱲᱮᱭᱟᱜ ᱦᱚᱸ ᱱᱟᱥᱮᱭ ᱠᱚᱢ ᱫᱟᱲᱮᱭᱟᱜᱼᱟ ᱾
इस बमबारी में वाहन क्षतिग्रस्त हो गया लेकिन कोई हताहत नहीं हुआ।,ᱱᱚᱶᱟ ᱵᱚᱢᱟ ᱚᱴᱮᱡ ᱛᱮ ᱜᱟᱹᱰᱤ ᱫᱚ ᱨᱟᱹᱯᱩᱫ ᱞᱮᱱ ᱨᱮᱦᱚᱸ ᱡᱟᱦᱟᱱ ᱜᱟᱹᱞ ᱜᱚᱡ ᱨᱮᱱᱟᱜ ᱜᱷᱚᱴᱱᱟ ᱵᱟᱝ ᱦᱩᱭ ᱠᱟᱱᱟ ᱾
अगाती में कोच्चि से सीधी उड़ानों वाला एक हवाई अड्डा है।,ᱠᱳᱪᱤ ᱠᱷᱚᱱ ᱥᱚᱨᱟᱥᱚᱨᱤ ᱩᱰᱟᱹᱜ ᱥᱟᱣ ᱟᱜᱚᱛᱛᱤ ᱨᱮ ᱢᱤᱫᱴᱟᱝ ᱩᱰᱟᱹᱱᱟᱰᱟ ᱢᱮᱱᱟᱜᱼᱟ ᱾
"चोल राजवंश दक्षिण भारत का एक तमिल थैलासोक्रेटिक साम्राज्य था, जो विश्व इतिहास में सबसे लंबे समय तक शासन करने वाले राजवंशों में से एक था।","ᱪᱳᱞ ᱨᱟᱡᱽ ᱵᱚᱝᱥᱚ ᱫᱚ ᱫᱚᱠᱠᱷᱤᱱ ᱵᱷᱟᱨᱚᱛ ᱨᱮᱭᱟᱜ ᱢᱤᱫᱴᱟᱝ ᱛᱟᱢᱤᱞ ᱛᱷᱮᱞᱟᱥᱳᱠᱨᱮᱴᱤᱠ ᱥᱟᱢᱨᱟᱡᱽ ᱛᱟᱦᱮᱸ ᱠᱟᱱᱟ , ᱡᱟᱦᱟᱸ ᱫᱚ ᱡᱮᱜᱮᱫ ᱨᱮᱭᱟᱜ ᱱᱟᱜᱟᱢ ᱨᱮ ᱟᱹᱰᱤ ᱡᱮᱞᱮᱧ ᱥᱟᱥᱚᱱᱤᱭᱟᱹ ᱨᱟᱡᱽᱵᱚᱝᱥᱚ ᱢᱩᱫᱽᱨᱮ ᱢᱤᱫ ᱦᱚᱲ ᱠᱟᱱᱟᱭ ᱾"
उन्होंने वेल्हा गोवा में एक स्थायी बस्ती स्थापित की।,ᱵᱷᱮᱞᱦᱟ ᱜᱳᱣᱟ ᱨᱮ ᱩᱱᱠᱩ ᱫᱚ ᱢᱤᱫᱴᱮᱱ ᱛᱷᱟᱹᱭᱤ ᱜᱤᱨᱟᱹᱵᱟᱹᱥᱤ ᱠᱚ ᱛᱷᱟᱯᱚᱱ ᱞᱮᱫᱟ ᱾
"आज कभी-कभी थर्मोकोल जैसी हल्की सामग्री का उपयोग किया जाता है, हालांकि गहने अभी भी मुख्य रूप से लकड़ी के काम से बने होते हैं।","ᱮᱱᱨᱮᱦᱚᱸ ᱟᱵᱷᱨᱟᱱ ᱱᱤᱛᱦᱚᱸ ᱟᱥᱚᱞᱨᱮ ᱠᱟᱴᱷ ᱠᱟᱹᱢᱤ ᱞᱟᱹᱜᱤᱫ ᱵᱮᱱᱟᱣ ᱵᱮᱱᱟᱣ , ᱨᱟᱣᱟᱞ ᱡᱚᱜᱟᱲ ᱠᱚ ᱡᱮᱞᱮᱠᱟ ᱛᱷᱟᱨᱢᱚᱠᱚᱞ ᱡᱟᱦᱟᱸᱛᱤᱥ ᱠᱚᱨᱮ ᱱᱤᱛᱦᱚ ᱵᱮᱶᱦᱟᱨ ᱦᱩᱭᱩᱜᱼᱟ ᱾"
"मेघालय में खासी, गारो और जयंतिया मुख्य जनजातियाँ हैं।","ᱢᱮᱜᱷᱟᱞᱚᱭ ᱨᱮᱱ ᱢᱩᱲᱩᱫ ᱩᱯᱚᱡᱟᱹᱛᱤ ᱫᱚ ᱠᱷᱟᱥᱤ, ᱜᱟᱨᱳ ᱟᱨ ᱡᱳᱱᱛᱤᱭᱟ ᱾"
"जासूसों ने हत्या के विशेषज्ञों से सलाह ली लेकिन हत्या की जांच शुरू नहीं की गई और पोर्ट को जमानत पर रिहा कर दिया गया, जबकि क्राउन प्रॉसिक्यूशन सर्विस ने उस पर आरोप लगाने पर विचार किया।",ᱜᱳᱭᱮᱱᱫᱟ ᱠᱚᱫᱚ ᱦᱚᱲᱦᱮᱞᱮᱡ ᱜᱟᱹᱠᱷᱩᱲᱤᱭᱟᱹ ᱠᱚᱣᱟᱜ ᱫᱤᱥᱦᱩᱫᱤᱥ ᱠᱚ ᱦᱟᱛᱟᱣ ᱞᱮᱫᱟ ᱢᱮᱱᱠᱷᱟᱱ ᱜᱚᱡ ᱨᱮᱭᱟᱜ ᱛᱚᱫᱟᱨᱚᱛ ᱵᱟᱝ ᱮᱦᱚᱵ ᱟᱠᱟᱱᱟ ᱟᱨ ᱯᱳᱨᱴ ᱫᱚ ᱡᱟᱹᱢᱤᱱ ᱨᱮ ᱪᱷᱟᱹᱲ ᱮᱢ ᱦᱩᱭ ᱞᱮᱱᱟ ᱡᱚᱠᱷᱮᱱ ᱠᱨᱟᱣᱩᱱ ᱯᱨᱚᱥᱤᱠᱤᱣᱥᱚᱱ ᱥᱟᱨᱵᱷᱤᱥ ᱫᱚ ᱩᱱᱤ ᱫᱩᱥᱤᱭᱮ ᱞᱟᱹᱜᱤᱫ ᱩᱭᱦᱟᱹᱨ ᱵᱷᱟᱵᱱᱟ ᱞᱮᱫᱟᱭ ᱾
पहला विश्व डाउन सिंड्रोम दिवस 21 मार्च 2006 को आयोजित किया गया था और दिन और महीने को क्रमशः 21 और ट्राइसोमी के अनुरूप चुना गया था।,ᱯᱩᱭᱞᱩ ᱡᱮᱜᱮᱫ ᱰᱟᱣᱩᱱ ᱥᱤᱱᱰᱨᱳᱢ ᱢᱟᱦᱟ ᱒᱑ ᱢᱟᱨᱪ ᱒᱐᱐᱖ ᱼᱨᱮ ᱥᱟᱯᱲᱟᱣ ᱞᱮᱱᱟ ᱟᱨ ᱢᱟᱦᱟ ᱟᱨ ᱪᱟᱸᱫᱚ ᱚᱛᱚᱢᱛᱟᱭᱚᱢ ᱒᱑ ᱟᱨ ᱴᱨᱟᱭᱥᱳᱢᱤ ᱥᱟᱶᱛᱮᱨ ᱢᱮᱞ ᱫᱚᱦᱚᱭ ᱞᱟᱹᱜᱤᱫ ᱵᱟᱪᱷᱱᱟᱣ ᱦᱟᱛᱟᱣ ᱦᱩᱭ ᱞᱮᱱᱟ ᱾
"सूर्य मंदिर, मोढेरा एक टिकट वाला स्मारक है, जिसे भारतीय पुरातत्व सर्वेक्षण द्वारा संभाला जाता है।","ᱵᱷᱟᱨᱚᱛᱤᱭᱚ ᱢᱟᱨᱮᱱᱛᱮᱛᱮᱫ ᱡᱚᱨᱤᱯ ᱫᱟᱨᱟᱭ ᱛᱮ ᱪᱟᱪᱞᱟᱶ ᱢᱮᱫᱷᱳᱨᱟᱨᱟ ᱨᱮᱱᱟᱜ ᱥᱩᱨᱡᱚ ᱢᱚᱱᱫᱤᱨ ᱢᱤᱫᱴᱟᱝ ᱩᱭᱦᱟᱹᱭ ᱛᱷᱟᱢ, ᱡᱟᱸᱦᱟ ᱨᱮ ᱵᱚᱞᱚᱱ ᱞᱟᱹᱜᱤᱫ ᱴᱤᱠᱤᱴ ᱞᱟᱜᱟᱜᱼᱟ ᱾"
"इसकी तीन तहसीलें थीं, जो लेह, स्कार्दू और कारगिल में स्थित थीं।","ᱱᱚᱶᱟ ᱨᱮᱭᱟᱜ ᱯᱮᱭᱟ ᱛᱚᱦᱚᱥᱤᱞ ᱛᱟᱦᱮᱸᱠᱟᱱᱟ, ᱞᱮᱦ, ᱥᱠᱟᱨᱫᱩ ᱟᱨ ᱠᱟᱨᱜᱤᱞ ᱾"
