English,Mundari
Tissue - sinful wrongdoings have not been seen in them.,टिसु-इनकुरे पोएपाप का लेलत्र्प्रकना।
Jojohatu - Did I go to your father's door? The long-toothed ghost!,जोजोहतु - हपुमअः दुअरते चि’नाइङ सेनकेना? डड़ोसा एरा!
"Be happy, daddy, are you okay?","बुगिआकान तइनमे, बाबू। बुगिगे आपे चि?"
The world was transformed in a matter of days by the outbreak of the pandemic.,महामारीअः बलय ते गोटा दुनिया हुड़िङ दिन रे गे बदलव लेना।
"These people, even though they live in such dense forests, they speak in Nagpuria or Hindi, so I am getting suspicious.",इनकु अमिनङ बिर दिसुमरेको तइनतनरेओ दिकुतेको जगरअ; एनामेनते अड़अः उड़ू: कअः इञअ।
"His daughter (Sukuru) - Baba! has gone to shoot the spade, perhaps will come soon.","होनते कुड़ि (सुकुरु) - चलुःते, अबाए सेनअकना; नेःगेए हिजुअ जाअः ।"
"Many kinds of crises, problems, troubles, hunger, thirst, sorrow, pain have spread and formed India and the state of Jharkhand.","रोकोम सोकोटो, बलय, सदोव, रेंगे-तेतंङ दुःखु-दसा ते भारत दिसुम च झारखंड राइज फैल लेना च बइअ कना।"
"After returning from the river, Datuvan wine was distributed, followed by Khassi Katta.","गड़ाएतेको रकब्जनते, करकद् इलि तिलजना; एन तयोमतेदो मेरोमको मअःजना।"
"In this, the central government can give orders to the provincial or local governments.",नेअ रे केंद्रीय सरकार प्रांतीय च स्थानीय सरकार को ए आदेश ओम दड़िअ कोअ।
That is how you reached us.,एनतअ: जगरजद् लोःदोम तेबअः तद्लेअ ।
"The villagers had already received news of Dalton's arrival, so the villagers went to the top of the hill.",डाल्टन हिजुःअ मेनेअः हातु होड़ो को सिदा रेगे को इतु लअः एना मेन्ते इनकु बुरु चुटि तेको सेनोः जना।
"At this time, some monkeys came and took away the little girl.",एना लोः दो गड़ी को हुड़िङ नीः को अरकीद किःया।
Do you also plough buffaloes in a bullock cart?,उरिःसगडिरेकेडा को कोचिपे जोड़ाजकोआ?
"Kavita - Yes, yes once I was watching the moon from my terrace.",कविता- हे! गे मिसा अइञ् ओड़अः चेतना आते चंडुः केइङ लेल तन तइकेना।
"I asked both the doctors in advance whether I could be good or not, most of them are dying of this disease in old age.","""बुगिओअइङ चि काइङ बुगिओ मेनतेदो बुइदिकिङ ओते अइङ सिदारे मुनडिलअः; हड़मरे ने दुकु नमकेद्को पुरअःतेको गोजोःतनगे।"
"From over bridges and school walls to slums, he started carving his skills and people started getting along with him and in a way, this process continued.","ओबर ब्रिज ओड़ोः इसकुल रेअः भीइत छपरी आते कंबा गुथुः जकेद, इनिः अएअः होनर के देखाओ एटेः केदा तोबे दो होड़ोकोअः देंगाओ नम इदिजना गेआ ओड़ोः मोद् रोकोम ते ने सिलसिला सेनोः होबाजना।"
But it is not just radio through which people are getting connected to the event.,मेन्दो नेआ रेडियो बारि दो का तनाः ओकोअ होराते चि होड़ोको ने कार्यक्रम रेको जुड़ावेन तना।
"Once in a village, he was taken to subdue a demon and tell him that the witchcraft is corrupted.","मिसा मिअद् हतुते बोंगा काबु मेनते ओड़ोः नजोम बो, नडो मेचतेको इदिलिःअ।"
The hill turned red with blood.,बुरु मयोम ते अरअः उतर जना।
"When the Pakistani invaders launched a surprise attack in 1947, it was the Air Force that ensured that Indian troops and equipment reached the battlefield on time to protect Srinagar from the invaders.",1947 रे ओको इमतङ पाकिस्तान रे हमलावर को मियद् अप्रत्यासित लड़ाइ को एटेः तअः इमतङ ने वायुसेना गे श्रीनगर के हमलावर कोए ते बंचव रअःए सुनिसचित केदा चि भारतीय सैनिक अर उपकरण लड़ाइ रअः मैदान जकेद् समय रे सेटेर लेना। वायुसेना
"Saving every drop of water, preventing any kind of wastage of water, should become a natural part of our lifestyle. It should become a tradition in our families, which makes every member proud.","दअ: रआ: मिमियद् टिपा: के बनचाव, दअ: रआ ज़ां लेकन बर्वादी के रोकव या नेआ अबुआ जीवन शैली रआ मियद रबल हिस्सा बईन ताइकेना।अबुआ परिवार रआ नेकन परंपरा बईयो लगतिङा, ओकोआ तेचि हर मियद् सदस्य को गर्व होबाओ:अ ।"
Durga - You are right.,दुरगा - हेनेः दोम टउकातदा।
"For 11 months, she trained hard and gave her life to fulfill her husband's dreams.",गेल मिद चंडुः जकेद् इसु कुरूमुटु केअते प्रशिक्षण अगु केदअ ओड़ो अपन किसानअः कुमु को पुराव मेनते अःए अपन जिदन ओम गिड़ि रेकिन अचुन जना।
Distributing packets of ओ.आर.एस.,ओ. आर. एस. राः पैकेटको हनाटिड. जादा।
"Like grinding gram in a janta,",जनतिरे कोदे हो रिदेलेका;
"After all this work is done, they go to fetch the bride.",नेअ कमि को चबा जन चि कोनेअ आगु को सेनोआ ।
"Young boys and girls are hankering after clothes, parents are selling Sarguja and buying clothes.",दंगड़ा दंगड़िको लिजअःको हटितना; एंगा अपुकोदो सुरगुनजा अकिरिड.केते लिजअःको किरिड.तना।
"Despite this, you were finally caught.","इमिनरेत्र्प्रो, टुनडुरेदोम सब्जना।"
"In March 2021, WHO announced that a Global Centre for Traditional Medicine would be established in India.",मार्च 2021 रे WHO नेआए रोजोटो लेदा चि भारत रेअ: जाओ आते मेनअः पुरना रे'द रानू नातेन मिअद Global Centre तिगु रिकाओ का ।
"One feels the pain when one talks about the environment, but at the same time he also tells the experiments he has done - the experiments he has seen and the ideas he has in his mind.","जाँए पर्यावरण रेअः उकता तना दो इनिअः दुकु अटकारो तना, मेनदो सोंगे-सोंगे गे इनिः, अए जे प्रयोग कदाए एनाओः उदुबतना- जे प्रयोग इनिः लेल तना एनाओः उदुबतना ओड़ोः जे ओममनाको इनिअः रे मेनअः एना रओः चपा बइतना।"
This motion is also called oscillatory motion.,ने गति के दोलन गतियो को कजिआ।
"Yes, it would be better if you come soon.",हे सेकेड़ागे होनाडेः हिजुः कोःरे।
"And that is why I say - let us aim to innovate and when I say let us aim to innovate, my AIM stands for'Atal Innovation Mission '.","ओड़ोः एना मेनते गे अइङ कजिअः -हिजुः पे आबु जांन नवा रिकाए रअः मकसद् बु जोगावएअः ओड़ोः ओको इमतङ अइङ हिजुः पे आबु जांन नवा रिकाए रअः मकसद् बु जोगावएअः कजिअः, दो अइअः AIM रअः मोतलब तनअः ‘अटल इनोवेशन मिशन’।"
"He said the same to her, and Madhura said, ""You go to the ruler; we are afraid of him.""","इनिः तअःरेओ नेकागेए कजि केदा, अद् मतुरा मेतअःइअ, ""हकिम तअःते सेनोःमे; इनिःदो सोबेन- कोबु बोरोअइतना ।"
The 1870s and 1880s saw a deepening of discontent with British rule.,1870 आद् 1880 रेअः दशक रे विलायति रइज रेअः का सुकु ओड़ो पुरअःगे इकिर जना।
I'm just finishing it.,आञ नाआः गे एना छाबा लेआञ।
"So just as the five years 1942 to 1947 became decisive for the country's independence, these five years 2017 to 2022 can and must become decisive for India's future.","तोबे चिलका 1942 ते 1947 मोड़़े सिरमा दिसुम के रानाड़ा मेनते कजि गोटाए को बइ जना, नेअः मोड़ो सिरमा 2017 ते 2022 रअः, भारत रेअः हिजु तन बेड़ा मेनते ओगे कजि गोटाए को बइ दाड़िओअः ओड़ो बइ तेआ मेनअः।"
Men and women are not equal.,हेरेल कोअः ओड़ोः एरा कोअः हैसियत मिद् लेका का होबाओःअ।
The usurious moneylenders also lent money to the tribals but the interest was very high.,"सूद् जोमतन महाजनकोओ आदिवासीको के रिंड़िदो को ओमाकोतन तईकेना, मेनदो एना रेअः सूद् इसु पुरअः तइनतन तईकेना।"
"Balaga - ""I have learnt all these things by sitting and resting with old people.","बलगा, ‘‘हड़म होड़ोको लोः दुब्जरुते ने सोबेन कजि कोइङ इतुकेदा।"
It is also an inspiration for all of us.,नेआ अबु सोबेन को मेनते ओ प्रेरण तनअः।
All the plates were invoiced and we got the wages for scraping the plates left after cancellation.,सोबेन पालि चलानजना; अद् रदिकेद सरेःजन पालिको रअः हद् नलालेनमकेदा।
This will defeat the opponents who are active.,ओकोआ ते कामितान मुदाइको हारातिङओअ।
"And they left the village of Daudih, dragging the goat and the sheep, and flogging them with the cane stick, and were lost in the darkness of the night.",इनाते मेरोम आ'र मिण्डि ओर जाद कोलोः डाउडी हातुआते बेएते डाण्डाः फेरओआड़ां जाद लोः उड़ुङ जाना आ'र लाता लेकान नुबाः रेको आद जाना।
"Today, many new farmers have joined the Pradhan Mantri Fasal Bima Yojana in such a short time and this number has reached about 45 million in the future.",नआ प्रधानमंत्री फसल बीमा योजना रे हुडिंङ सोमय रेगे मोद् पूरा:किसान को जुटिदेन जाना ओड़ो नेआ आयर रे करीब पौना तुरिआ करोड़ो तेबगोआ।
That is why the place is known as Bal Sukane Tand.,एना मेन्ते एन टॉव उब तासे पीड़ी गे सकिअ कना।
The landlords are upset with the Oraons for refusing to work.,उरङ को कमि काकोअः जन चि जमींदार को अटकर उरुम केदा चि हातु होड़ो को बखेड़ा को एटेः केदा।
Have you ever wondered how we see different objects?,चनअः चिउलओ अपे पे उडुः कदा चि अबु बिनगा-बिनगा जिनिस कोके चिल्का बु नेल दड़िआ ?
The day is also dedicated to the memories of the brave tribal freedom fighters so that future generations may know about their sacrifices for the sake of the country.,"नेआ हुलाङ बहादुर जनजातीय स्वतंत्रता सेनानिकोआ स्मृतिकोके होबु समर्पित मेना, चिआचि हिजु तन पिढ़िको दिसुम रेआ मेनते इनकुआ बलिदान रेआ बारे रे सारि धाड़िकको।"
The grammar of the Munda language is very important.,मुण्डा जगर रअ बेयाकरण इसु मरङ मेनअं।
He also proudly wrote of good experiences.,इसु जी-कुडाम मनारंङ लेकन सुगाड़ा इनितुकोको ओल केदा।
"After the three women arrived, they greeted each other with a donka.","एन अपि होड़ोको तेबअःलेनचि, डोंका लोःको जोपोअरजना।"
This will give the time to turn the omen correctly.,एनते एरे लटुम रअ: समए टउकागे नमोअ।
82. The bowl is placed upside down in the middle of a dense forest - tiger's paws.,82. तला टोनंगरे डुभाको हरूबाकदा। - कुला मंडा
"During one of his melancholy days, he also visited largely Islamic countries, including Saudi Arabia, Iraq, and Afghanistan.","अकिनअः मियद गोसो दिपिला, अकिन इसु पुरअः मुसला कोअः दिशुम कोतेओ किन सेन केना, एना कोरे Saudi Arab, Iraq ओड़ोः Afghanistan जमा कना।"
The meat was being cut after the sacrifice was made.,"बोगा किः चि जिलु गेद् तन को तैकेना,"
She asks the dogs.,सेता किङ कुलीः जअः किञ-
"While the other children were listening to the teacher, Tagore's mind wandered elsewhere.","जेते एटअः होनको इतुनतनि के को अयुमतन तईकेना, टैगोरअः मोन जां जेता तअःरे होनोरबड़ा तन तईकेना।"
"In fact, the revenue that the company had fixed was so high that the landlords were having a hard time paying it.","असल रे कम्पनि ओकोअ मालएः करार लअः, एना इमनुड. पुरअः तईकेना चि एनाके हल रूअड़ा मेनते जमीन्दारको पुरअःगेको बलय चबाओतन तईकेना।"
"Regarding translation, some of the earlier scholars insisted that the verse should be translated into the metre itself, that too in English metre.","उल्था रअ बिसए रे तरा सिदारेन बिदुवानकोवआ कजि तइकेन चि छन्दि रअ उल्था छन्दि रेगे तइन लगातिङ तना, एनाओंगे अंग्रेजी रअ छन्दि रे।"
"Thus, we can say that the books were published early due to the will power of the educated Munda people in that period.",जमाते एन दिपलि पड़व तन मुण्डा होन कोआ चुहुल ते पुथि सेकेड़ा बाइ जना।
"Dukura said - Your company's name is like laughing, Birja Beer Company or Hatu Beer Company?",दुकुरा मेनकेदा - अमअः कुमपनि रअः नुतुम लनदाओः लेकागेअ; बिरजा बिअर कुमपनि चि हतु बिअर कुमपनि ?
Ne lekate tuyu en hodo kula mocha te: banchav li: a.,इस तरह से सियार उस आदमी को बाघ के मुँह में जाने से बचा लिया।
"Uduga - ""Yes, G. calls me uncle.""","तिरला, ‘‘अतेअ, ककिअइङअए चि ?’’"
"When the sun was a little down, dip your fingers in the oil kept in the vartan, massage your face, and say,'Come on,'and come out holding your hands.","सिंगि गनडेनोः जनते, सुनुमको चबुःकेदा, अद् दोलबु मेनजना, अद् सोटाको सद्केद्तेको उड़ुङजना ।"
Our fight against black money will continue.,कालधन रेआ बिरोद रे गोपोए जोरा कनगे ताइना।
Ah! Ramayana! Wah Ramayana! Ah! India! Mahabharata! Ah! Meghdoot! Wah! Meghdoot! Ah!,आह ! रामायाण! वाह रामायण ! अहा! भारत! महाभारत ! आह ! मेघदूत ! वाह ! मेघदूत ! आह !
"General Thimayya, who also served as the Chief of the Indian Army, led the UN Peacekeeping Force in Cyprus and gave his all for peacekeeping operations.","जनरल थिमैय्या, ओकोन भारतीय सिपई कोवा प्रमुख तइकेना, ने Cyprus रे UN Peacekeeping force को Lead केद को तइकेना ओड़ोः शान्ति कमि को नगेनते अपनअः सर्वस्व ओम केद तइकेना।"
"And so you can find Run for Unity around you, in any city you live in.","ओड़ोः आपे जेतान शोहोर रेओ पे ताइन तना, एनतअ् आपेयआ जपा-पआ कोरे run for Unity रअः बारे कुली जगर दाड़ियआपे।"
"The small roadside shopkeeper you read about before,","सङड़क जापाराः दोकानराः हुड़िङबेपारि, एनबारेते सिदारेपे पढ़ाओलः।"
I can't do that much.,का कइङ दाड़िआः आमिनाङ हाड़ागुन दो।
Do not be suspicious of the old man's leadership of the household.,बुड़िअ - मतुराअः ओड़अः रअः दुतम मेनते अलोम डरेन मरेनेना।
"After eating it, the children were saying to the child, ""Why, why!","एनाको जोमकेद्ते, एन होन गोमकेए मेतअइतना, ‘‘चि, पलना !"
"Along with what we saw in Buruma, another one happened here.",बुरुमारेबु लेलकेद् एरे लो: मोद्जना ।
This is the strength of our scientists.,नेअ पेड़ेः दो अबुअः वैज्ञानिक कोअःगे तनअः।
History in Mundari folk songs.,मुण्डारी लोकगीत रे एतेहइसि (इतिहास)
This is a congratulation from us to you.,नेआ आमके बधाई मेताम तनाले आलेआ सह ते।
Do not go under tall and single large trees when there is lightning and thunder.,"बोजोर उइयु: आद् लारि गड़ागुडू रेदो, चेतन ओड़ो: मिअद् सलंगि दरू सुबा रे का तइन लगातिङअ।"
"110. After humya, after peeling, after burning, one cries - dholak.","110. मअःतइ, पोटअःतइ, तोपातइ निःयाएः रअःया। - ढुलकि"
The first rain was woven into the rainwater.,सिदा रे उदुब लेका गे उयुः दअ जरगि दअ हेर चलु केदा।
I want to go to the beach.,कहके विद्वानों ने कहा है।
He was farming there when a child was born to the old man.,एन अटा-मटा बिर को तला रेगे किन चस तनतइ चेना। एन किंगा मोयोद् कोडा होन होबा जना।
"After returning from prison in 1897, Birsa started to move from village to village, gathering support.",1897 रे जेल ते रूअड़ाजन तयोमते बिरसा समर्थन जुटव केअते हतु-हतु होनोरबड़ा जना।
"Then Okora is telling the old women, ""I have finished. Let's compare and tell you, is it better to live in a forest or a forest?""","एनते ओकोड़ा बुड़िअ मेतअकोतना - जगरदोइङ टुनडुतअः। मर, नाअःदेा जोकाएपे, बिर दिसुमरे तइनतनको सुकुतना चि पिड़ि दिसुमरे तइनतनको सुकुतना?"
How many farmers are there in the village?,हतुरे चिमिनं किसान मेनअः कोआ?
"Balaga - ""You tantri people are afraid of the sun, afraid of the rain and afraid of the cold, is it very sad or not?""","बलगा, ’’अपे पेंड़ांएंको जेटेओपे बोरोअः, जरगिओपे बोरोअः, ओड़ोः रबङओपे बोरोअः; एना मरङ दुकु चि का?’’"
The children were dropped from the back of the jumbo.,होनको जंबोआः देआ ते हाड़ागुनलेना।
"Now, whether I say it or not, you know everything. """,नामःअइङ कजीरेओ कारेओ सोबेनअःदोम मुनडिकेदा।”
"My mother didn't come, did she?",एंगाञ दोगा काएः हिजुः जाना?
"Well, then, is it not well cultivated? If so, what?",नेआरे तोबे दो बुगिन चासा क होबाओ तना? जादि होबाओ तना दो चिनअः चिनअः ?
Enemies also get hugged.,मुदाइकिनो जोपोआराकिन।
The incident has sparked outrage in the village.,नेआ होबालेनाः ते हातु रे सोबेनको दुकुजाना।
"Just a few days ago, Nano-urea was sprayed in fields through drones in Bhavnagar, Gujarat. Drones are also playing their role in the Covid vaccine campaign.",चिलकाचि हुड़िङ- दिन सिदा गुजरात राइज रेअ: भावनगर रे Drone रेअ जरीआ ते खेती बाड़ी कोरे नैनो यूरिया रेअ: पेचेका हेरोः ने आत्ति रिकाकाना । Covid vaccine अभियान रेओ Drones रेअ:ते कमिः रिकाएताना ।
So far we have talked about the quantitative aspect of water scarcity.,नअः जकेद् अबु दअः दुर्लभता रअः मात्रात्मक पहलू रअः बु जगर कदा।
Then he started narrating his story.,"मेद्सोबोः, ‘‘ए’ना, मर; मिद् जुड़िङ का’निअपेअ।’’"
It was well-cut into small pieces.,हुपुड़ि हुपुड़ि गन्दुइ तेरे माजा गुलि तन केना।
"Rasual - Don't know, can't say about what caused such a name.",रसोअल- इदु‘ड़ो चेनअः मेनते एनका नुतुमजना का कजि दड़िओअ।
"Food, cooking utensils, clothes, etc. were arranged along with weapons like arrow-bow, sword, spear, catapult, etc.","आआः-सार, तरउड़ि, बरछा, गुलेल एमन हतेयार लोः जोम नूएआ सामान को, मांडितेआ वर्तन को ओडोः लिजाः किचिर एमन को पुराअः लेका को जोगाड़ अकाद ताइकेना।"
"With the same spirit, all of us, follow our assigned duties with full devotion and the'Amrit Mahotsav'of freedom means that we make new resolutions.","एना उड़ुः लोः गे, अबु सोबेन, अपनअः जनव रअः कर्तव्य को मजालेका बु मनातिङा ओड़ोः आजादी रअः ‘अमृत महोत्सव’ रअः मतलब गे नेया तना चि अबु नवा संकल्प इदिया।"
"Manibeda - He is the father, named Sundura; the old woman of that village is brought from the village of Kudapurti.","मनिबेड़ा - इनिःदो, अबा, सुनदुरा दङ नुतुमतिअ । एन ओड़अः-रेन बुड़िअदो कुड़ापुरति हतुएतेए अउअकना ।"
You have chosen the same clothes.,किचिरि को दाङ एनकानाः गेबेन सालाकादा।
"It is true that we have not done any big work of governance, but we know how the welfare of our doorsteps and villages will be done.","नेअः ठाउका गे मापाराङ दिसुम चालाओ रेआः कामि दो जेता इमताङ काले कामिआ कादा, मेनदो ओड़ाः दुआर आ'र हातु-टोला चिलकाते बुगिनोःआ मेनेआः दोले इतुआनगेआ।"
Everyone knows that all belong to the same land of India.,सोबेन को इतुअनाचि सोबेन मियद् भारत दिसुम रेन कोगे तान बु ।
"Leave it, I won't sell it.",ओचा नेआ दो काञ आकिरिङेआ।
"Just came to my heart and I had said that by next 15th August, we will build separate toilets for boys and girls in our schools and later when we started the work, Team India understood its responsibility, it was noticed that there were 262,000 schools in this country, in which more than 4.25 lakh toilets were to be built.","बस आञअः सुरुद रे हिजु जना ओड़ोः आञ कजि केदा चि हिजु 15 अगस्त जकेद् आबुअ इतुसइ रे आबुअः इसकुल रे कोड़ाको ओड़ोः कुड़िको मेनते एटअः रचा ओड़ाः बइ तअः ओड़ोः तयोमते ओको इमतङ आबु कमि एटेः केदा, भारत रेन इनुङ गोट नेअः अएआ जिमा रे बुझाव जना, धेयान रे हिजुआ चि नेअः दिसुम रे 2 लाख 62 हजार इसकुल नेलेका तइन केना, ओकोनअःरे सवा उपु लाख ते थिमबा रचा ओड़ाः बबइ तइन केना।"
"The peon is not far away, but about four kos.",चपरसि-पुरअः दो का संगिना; मोंड़ें गउदिलेका होबओअ ।
The book contains 7 stories.,पुथि रे एआ कानि मेना।
"After reaching home, the old woman was grinding turmeric and the old man found the leaves and spread them on the ground and wanted to hit the leaves with the stick to cut them, then the old man again said - ""Dadaji, cut me gently.""","ओड़अः तेबअःजनते, बुड़िअदो ससङकोए रिद्तना, अद् हड़मदो वंइंटि नमकेद्ते सकमकोए अटेद्केदा, अद् हद् मेनते बंइंटिए एतेल जदा दो ओड़ोंःगे लिटा कोड़ा मेनजदा, ‘‘मंड़िंते, अजा हदिङमे।’’"
"Mother said, ""See, Sumi's hair is black, curly and thick just like your hair.""","एंगाते कजि केदा सीनी लेल लेम, सुमीअ: ऊब दो अमअ: ऊब लेकागे हेनदे, रिटुपिटु ओड़ो इबिल गेआ।"
"On what day will you entrust the dog to us? """,सेता ओको हुलङएम जिमा’लिङआ ?
Jaipal Singh then moved from Patna to Ranchi.,एन तायोमते जयपाल सिंह पटनाआते राँची हिजूः जाना।
"Bandua - If they are not giving up worship, how did they convert to the religion?","बनडुअ - बोंगा बुरू काको बगेजद्दो, इनकु चिलकाते धरमरेको बद्लनजना ?"
"There, seeing that no one is inside the house, he vented his anger on the hanging cat and picked it up, threw it out and then ran after the girl, finding her runaway.",लेल लेदाएः दो जेताए बङकोवा। नअःदो पुसीगेः कदारवाई तन तइ केना।कजि केदःए चि ने पुसीगे होसोड़ोवा कईंङ मेन्ते खूबे रचअः बड़ा किःया।
The resolution did not mention partition or Pakistan.,ने प्रस्ताव रें हनाटिड. चा पाकिस्तान रअः जिक्र का तईकेना।
The Eastern Ghats stretch from the Mahanadi valley to the Nilgiris in the south.,सिंगि तुरोः घाट रेअः पिनतराःकन महानदी घटिआते कटाः जमबाड़ा रेअः नीलगिरि सिंगि तुरोः घाट रअः पनासाराव को बनोवाः।
"Matura is telling me, ""You two, we will live separately in the afterlife from our grandchildren and sons, so you should also adopt our Christian faith, you two are still on the path of the world.""","दुरगा-मतुरा मेतअइङतना, ‘‘अबेनदो अले, जइको ओड़ोः होनको, जुदा जुदागे बितरपुररेबु तइनका मेन लेकागेबेन किरतान रिकातद्लेअ; अबेन नाअः जकेद् संवंसार होरारेबेनगेअ।"
The dogs entered the house and tore apart all the tigers.,तेबः केद् लोः गे सोबेन सेता कोते एन कुला को को कुंड़ु सू बटी केद् कोआ।
"A few days later, some sepoys stationed in Meerut refused to conduct military exercises with the new cartridges.",हुड़िड. दिन तयोमते मेरठ रे तईकेन हुड़िड. लेका पलटनको नवा करतुसको लोःते लड़ई इतुन ते ककोअ जना।
"In this, writing of Munda language was started.",मुंडा जगर रेआ ओनोल एटेः जना।
His only wish was that the British government should escape by any means.,आएआः मियादगे सानाङ ताइकेना चि ब्रिटिश सरकार जेता लेकाते हर गिडिओ काए।
"After sleeping for some time, pluck the plough again in the morning.",हुड़िङ खोओन गितिः कोः चि सेताः दो ओड़ोः सिउः चालुः।
"Raja Shambhunath Singh of Hazaribagh and Jagatpal Singh, the zamindar of Pithoria, were traitors and devious.",मेन्दो हजारीबाग रेन राजा शंभूनाथ सिंह ओड़ोः पिठोरिया रेन जमींदार जगतपाल सिंह पुरअः गे गद्दार ओड़ोः धूर्त होड़ो किन तइकेना।
"Jagua - They have ordered me to pay wages for the head of the goat, that is what I came to talk about.",जगुअ - मेरोम बो’; नलाको अचुजअःइञअ; एना जगर मेनतेङ हिजुः-लेना।
The day of the domestic worker starts at five in the morning and goes on till late at night.,ओड़अः रे कमि तन कोअः सिंगि सेतअः मोड़े बजे आते एटेः जनते इसु निदा गेल बर बजे जकेद् चलव तना।
Jule: San birate le jada.,जलावन की लकड़ी जंगल से लाते हैं।
"Rupapati - ""I have a lot of money, come, say, you will get one hundred rupees right now.""","रूपापुटि “अइड.अः इसु टका मेनअः मर कजीमे, नाअःगे मोद सए टकाम नमेअ।”"
The otter then looks up and looks around and they were very happy.,"एनते रसोअल कुकुरु बितररेए ककलाजद, ‘‘मर, नाअः दोइङ हिजुअकना; अमअः दंडें़ अमअः दका कूब्गेङ सुकुअतना।’’"
Do you believe in it or not?,सिड.बोगा मेनत्र्प्रःइत्र्प्र मेनतेका बिसुत्र्प्रसतना चि काकोबिसुत्र्प्रासतना?
"Recently, our Ministry of Water and Sanitation, which is the Ministry of Drinking Water and Sanitation of the Government of India.",सेनोः जन हुलङ कोरे दअः ओड़ोः स्वच्छता रअः ओकोअ अबुअः भारत सरकारअः मंत्रालय तनअः ‘ पेयजल ओड़ोः स्वच्छता मंत्रालय ’।
Revered Jagdish Trigunayat compiled folk tales and folk songs and published them under the name Bansuri Bajahi and Munda Lok Katha.,मइनन जगदीश त्रिगुणायत लोककथा ओड़ोः लोकगीत को जमा केआते बांसुरी बज रही ओड़ोः मुंडा लोक कथा लुतुम ते चपा तदा।
"On 14 April 1817, Buxi Jagabandhu captured Puri, leading 5 to 10 thousand Paiks and Kandh tribe warriors and proclaimed Mukanda Deva (II) as king despite their reluctance.","14 अपै्रल 1817 रेअः बक्सी जगबन्धु, 5 ते 10 हजार पाइकको आद् कंध जनजातिकोरेन लड़ाकाकोअः अगुआ केअते पुरी के अकोआ दबि रेको अउ केदा आद् मुकुंद देव (एटअःनि) इनि कःए सनातिड. तन रेओ राजा को एलान किःअ।"
We experience this in our personal lives as well and one such example has been widely shared by the people of Tamil Nadu.,ने काजि के अबु अपन निजा जिनिद रे ओ अनुभव दाड़िआबु ओड़ोः नेका गि मियद उदाहरण तमिलनाडु रेन होड़ो को मरङ स्तर ते प्रस्तुत कदाको।
Women in different parts of the world formed their own organizations and agitated for equal rights.,दुनिया रेअः बिनगा-बिनगा हिस्सा रे एराको अपन संगठन बइ केदा ओड़ोः बराबरि रेअः अधिकार नमोः नङ आंदोलन केदा।
Growing up as a male in Madhya Pradesh in the 1960s.,1960 राः दशकरे मध्यप्रदेशरे कोडाराः उइकाते मरानाङ
Have you seen each other with Jagua-Laka?,जगुअ - लकालोःदोबेन लेपेलअकना चि ?
"Mom said, Hey! You sneezed, I thought your dad sneezed.",एंगाते काजि तना अरे! अम हाचु:ला अइंग दो बुझाव तना चि अमआ अपुमाए हाचु:ला मेन्ते
"Therefore, population is a fundamental element in social studies.",एना मेनते सामाजिक अध्ययन रे होड़ो लेनेका मियद् आधार जिनिस तना।
"Old man - that is the matter, asking for a form of sautan for you at one place. What are you saying about that?","बुड़िअ - कजि नेअगे, मिद् तअःरेनको अम मेनते हिरूमरेको कुलितना। एनागे चेनअःम मेनेअ?"
"And these satellites include about 14 countries - France, Germany, Italy, Japan, Britain, America - besides India.","अर ने रे भारत लोःते एटअः फ्रांस, जर्मनी, इटली, जापान, ब्रिटेन, अमेरिका नेकन मोटा-मोटि 14 दिसुम नेरे जमाकना।"
"He passed many resolutions regarding the increasing miseries of the forest dwellers due to the salt tax, the treatment of Indian labourers abroad, and the forest administration interfering with the work of Indians.","इनि बुलुड. कर, एटअः दिशुम कोरे भारतरेन कमिनला तनको लोःते होबाओतन कजि-कमिको रे चा भारतरेन कोअः कमि कोरे बलयोतन बिर रइज चलवतन कोअः करणते बिर रे तईतनकोअः सद्व कोरअः बारे रे इसु सोबेन प्रस्तावको पास केदा।"
"When I asked his analysis,'Bhai, look, only youngsters come, even the elderly people come,'I was happy that among the prize recipients there are youngsters of 15 years, then there are elders of sixty-five to seventy years.","चिमतङ अइङ एना रअः एनालिसिस कुलि केद्-कोव चि हगाको, लेलेपे नौजवान को बारि को हिजुः तना चि पुरअः उमर रेन होड़ो कोओ को हिजुः तना, इमतङ अइङ रासिकाओ तना चि इनाम नम जद् कोरे 15 साल रेन युवाओ मेनअःइअ, ओड़ोः पैंसठ-सत्तर सिरमा हड़म होड़ो को’ओ मेनअः कोअ।"
Anate ge made Durang's ra: jugutu akada susun ko lo: te jodikana.,इसीलिए ही ने इन गीतों की रचना अखड़ा नाच के साथ समान है।
"That is, in the world, water is the basis of life of every living being and water is also the biggest resource, that is why our ancestors laid so much emphasis on water conservation.","मेनदो, संसार रे, दअः गि, सोबेन जिउ रे, जिनिद रअः सनब तनअः ओडोः दअः गि पुरअः मरङ साधनओ तनअः, एना मेनते अबुअः नङ होड़ो को दअः बनचव मेनते निमिनङ जोर केदा को ।"
How long will we leave them to fend for themselves?,चिमिनङ सनतेद् अबु इनकु के इनकुअः दसा रेबु बगे कोअः।
Sources said that the incident took place.,होबालेन नाड़ेः ते टोओर तान होड़ोकोआः काजिताइकेना।
Rath Yatra has a unique identity all over the world.,रोंवोंटो रेया: गोटा दिसुम रे मियद् इस बुगिन लेनेल उनुरुम मेना:।
Can you guess why the government could not take this step?,चिनअः अपे अंदाजपे लगाओ दड़िआ चि सरकार चिकाते चंडङ काए उठओ दड़ितेआ ?
The British also had no ready answers to these questions.,विलायति होड़ोको तअःरेओ ने सवाल रेअः जेतन बइ बइअकन रेअः जबाब का तईकेना।
"""What are these people doing?",निकु चेनअःको कमितना ?
Only brave people can tame these animals.,इनकुदो बिरुडुको एनड. कबुकोत्र्प्र।
"This year, I might hold the stick, next year, I might not even be able to straighten my back.",ने सिरमागे जाअः सोटाइङ सबअ; कलोमकोतेदो मयङओ का जाअःइङ सो‘जे दड़िअ; पुरअः-गेङ लुकुद् लुकुदाअ।
"You will fight for a piece of land, but you will spend more than you can buy. ""","मोद् बिता ओते नङबेन लड़इअ; मेनदो एन ओते'ते लाअःगे किरिङ दड़िओः इमिनङबेन करचाएअ।"""
Chagani - Even today I will sing. Will we stop singing the song saying that we found the bear yesterday?,"चगानि - तिसिङओ, नाव दुरइएअ। होला बुड़िबु नमकिःअ एना मेनते दुरङ चि होकाएअ?"
"Savita said - Hey, is halwa being made here?","सबिता कजि केदा- अरे, नेतअः रेदो हलवा बइओ तना"
Kosa: Te miad sona didi apir aur lena aad baran medking patalpur tey: idikeda.,किसी तरफ से एक सोना गिद्ध उड़ के आया और दोनों आंखों को पातालपुर में उड़कर ले गया।
The bunch of hair was moving - dalu: dalu: dalu: dalu: dalu: dalu: dalu: dalu: dalu: dalu: dalu: dalu: dalu: dalu: dalu: dalu: dalu: dalu: dalu: dalu: dalu: dalu: dalu: dalu: dalu: dalu: dalu: dalu: dalu: dalu: dalu: dalu: dalu: dalu: dalu: dalu: dalu: dalu: dalu: dalu: dalu: dalu: dalu: dalu: dalu: dalu: dalu: dalu: dalu: dalu: dalu: dalu: dalu: dalu: dalu: dalu: dalu: dalu: dalu: dalu: dalu: dalu: dalu: dalu: dalu: dalu: dalu: dalu: dalu: dalu: dalu: dalu: dalu: dalu: dalu: dalu: dalu: dalu: dalu: dalu: dalu: dalu: dalu,"दोचोद् एकेलातना,-दलुः दलुः, दलुः दलुः, दलुः दलुः दलुः दलुः।"
"You'll get those men tomorrow, and I'll give you two more.","एन होड़ोको गपागेम अउकेकोरे, ओड़ोः अर गनडाइङ ओमअमेअ।"
"I also salute all the political parties, where we have concluded yesterday's session of Parliament by taking important decisions to take the nation forward on a strong platform of consensus.","सोबेन राजनितिक गोट कोके होओ जोआर दरोमाइङ रिका कोआ, ओकता जपागर रेआ केटे ओते दिसुम रे आबु राष्ट्र के अयर ते इदि रेआ जरुड़ु सलाहा को के रिका - रिका केयाते आबु संसद रआ होला रआ सत्र रआ टुडु रिका केदा।"
"By pulling the chain, passengers unnecessarily stop the train anywhere, causing heavy losses to the railways.","सिकड़ी (जंजीर) रचअः केअते यात्री को जअतअ रेगे बेगर मुन्डी रअः गाडि को तिंगुयाको, एनाते रेलवे के पुरअःगे हानि उठाओ होबओःआ।"
Now I am warned that I will sow only if a ghost makes me mad in two fields with low moisture.,नाअः दोइङ चेतवजना; दअः मेद्रे सोरोएः लोयोङ जा बोगा बलुकिःइङरे एनङइङ हेरजेटेअ।
"I am very happy to see that in a very short time, more than two and a half thousand youth have come forward to do this work.",अइंञ के नेआ लेल केआते पुराः गे सुकु किञः चि पुराः गे कोम सोमय रे दाई हजाराः ते सांगि धंगड़ा को नआ कमि को रिका मेनते अयर को हिजुः जना।
Some of the medicinal uses of amla are as follows.,"मेरेल राः हुडिंग रानुआन् कमि रे, अगु नेका मेनाः।"
Dharma fell into a deep sleep.,धरम खुब दुडुम जना।
"Now, you must have also noticed that all our festivals are celebrated according to the time-table of nature.",नअः नेअः ओग लेल ओबाओ चि अबुअः सोबेन नेग परब प्रकृति रेअः समए सकम नेकाते सेसेन तना।
Risa Munda had two children.,रिसा मुण्डाअ बर होड़ो: होन किङ तइ केना।
"Brothers and sisters, I believe that no power in the world can stop our great country from scaling new heights of development and progress.","हागा ओड़ो: मिसी को , अञ् पतिआ तना चि गोटा दिसूम रेआ जान पेड़े:ए अबुआ महान दिसूम रेआ विकास ओड़ो: तरक्की रेआ नवा उचाई नम् रे काको रोकाओ दाड़िआ ।"
"Then again, the grandchild asks - ""Oh, Grandmother, you did not tell me about what I asked?""","एनते ओड़ोःगे पउदा कुलितना-अते, अजि, अइङ कुलिकेदमेअःदो काम कजिकेदा ?’’"
"Mayur Patil - Sir, on the motorcycle we tested, its mileage was 25 Kilometers per liter, we increased it to 39 Kilometers per liter, so there was an advantage of about 14 kilometers and out of that, carbon emissions of 40 percent were reduced.","मयूर पाटिल - गोमके, मोटर साइकिल रे अले टेस्ट केदाले एनारअः माइलेज तइकेना हिसि मोड़े किलो मीटर परलीटर एना अले बढ़व केदाले हिसि गेल अरेआ किलो मीटर परलीटर दो ओनमोन गेलउपुन किलो मीटर रअः फायदा होबा जना ओड़ोः एना एते बर हिसि प्रतिशत रअः Carbon emissions कोम जना।"
"Hey, hey, hey.","हाँ, मैं पाल सकता हूँ।"
"In many states, people run date meal campaigns.",चिमिन राइजकोरेन होड़ो तिथि भोजन अभियान / नेडा मंडिजोम अभियान को चलव तना ।
The man said I want to see your mothers.,"तला मङानिः पांडांएः कओ जना , एनाते हुपुड़िङ को कुवर हगा को कजियद् कोआ।"
Tribal movements in various regions of the country against British colonial rule became associated with the national freedom struggle and inspired Indians throughout the country.,ब्रिटिश औपनिवेशिक शासन रेआ खिलाफ दिसुम रआ बिनगा - बिनगा इलाका रे जनजाति कोआ आंदोलन राष्ट्रीय स्वतंत्रता संग्राह ते जोड़ाव जना ओड़ो: सोबेन दिसुम रेन भारतीय कोआ कजि उदुब केकोआए।
The paddy was all tied up and finished.,बाबा को पोटोम चबा केदा।
"The country is fighting on many fronts during this period of Corona, but at the same time, many times the question came to mind that how will my little child-friends pass the time due to staying at home for such a long time.","कोरोना रेयाः नेया कालखंड रे दिसुम इसु ताः मिसा तेः ओपोता तना, ‘ मेनदो निया लोःते, इसु दांड जि रे नेया कुनुली हिजु तना चि निमनाड. जिलिड. सोमए जकेद ओड़ा कोरे ताइन रेयाःते, अञागा हुपुड़िड.-हुपुड़िड. होन-सोंगे कोवाः सोमय चिलकाते पारोम तन तइकेना।"
"About 27 farm ponds were built and due to that the ground water level increased, the water came up.","एनका नेकाते 27 farm ponds को बइ केदा ओड़ो: एना रअ: चलते grond Water level रकब इंदिअ:कना, दअ: चेतन ते हिजुः तना।"
"And even before they could reach, Budhu Bhagat would walk away from the village.",आद् इनकु तेबअए सिदा रेगे हातुअ ते परका कनेः तइना।
"Just recently, when I heard the story of Bhairavganj Health Centre in West Champaran district of Bihar in the media, I felt so good that I cannot help telling you.","नआ सिदा दिपिला, मीडिया रे बिहार रअः सिंगि डुबुई चौपाराण जिला रअः भैरवगंज हेल्थ सेंटर रअः कहनि जव अइंञेः अयुम केदा अइंञ इयिन सुगाड़ाञ अटकर केदा चि अइंञ अपे के उदुव गेगर तइन का दड़ि जना।"
This method later became known as Braille script.,नेअ सेंड़ा गे तयोम ते ब्रेल लिपि को कजि केदा।
"At that time, they did the puja as they found it.",इमतांङ चिलका को नम लअ एन का गेको बोंगा केदा।
"I will go to other houses to ask for a hen, we will worship today.",एटअ: ओड़अ: कोरे सिम असितिङअ; तिसिङगेले बोंगाइ ।
"Ojha: ""Whoever has this happening in their house, tell them how much he feels he can give, then it will be less or better for me.""","देओंड़ां, ""ओकोएअः ओड़अःरे एनका होबाओःतना इनिः कजीका चिमिनङ ओम दड़ि लेकाए अटकरजदा; | एनते मनडिओअ अइङ मेनते पुरअःगे हडिङओअ चि टउकाओअ।"""
Appointed a padaha king for a gotra.,मियद किलि रेन कोअः मियद पड़हा राजाए तिंगु किया।
Chagani - How did this non-tribal do?,चगानि - ने दिकु रजा चिलकाकेदा?
"During the sixth day, the same Brahmin performed the puja.",चठी इमताः एन टुवार होनाः दो एन बमांड़े गे बोंगा केदा।
Nowadays there is not a single birhor in this vicinity.,तिसिङगपादो नेतअःकोरे मिअद् रटि बिरुड़ बंगअःइअ।
He was expressing happiness that his painting on Ramayana had sold for two lakh rupees.,इनिः रसिकान गि अएः के देखव तइकेनए चि रामायण रे बइआकन इनिअः painting बर लाख टका रे अकरिंङ कना।
"Here, the girl'Akarshana Satish'studying in the seventh class has done wonders.","नेताः, एया class रे पढ़ाव तन मइहोन, आकर्षणा सतीश दो कमाल रिका केदा।"
Am I going to be so fooled?,त्र्प्रमिनडगे चिड.बेदाना?
The people of Busuadi sat under the shade of the same tree.,बुसुःडी होड़ोको एन दारु उमबुल रेगे को दुब जाना।
It was the month of September.,भादो चण्डुः राअ समयतइ केना।
"Friends, Today, on this occasion, it is very natural for me to remember Lata Mangeshkar ji, Lata Didi.","सोंगेको, तिसिङ ने मोका रे आञके लता मंगेशकर जी, लता दीदी रेआ उड़ु हिजु बेसे स्वाभाविक मेना।"
Tayarbeda - It is a similar experience. Yesterday we heard that not a word was lost from Ruitola.,तयरबेड़ा - एन लेकागे अटकरोःतना । होलाबु अयुमकिःअ मिअद् कजिरे रटि रूइटोलाएते काए लतरजना।
Sokha's talk of going home is starting to take shape.,सोखा दुअरते सेन रअः जगर एटेगोःतना
The people of the Dukhura-Ghasi caste do not do this; they are afraid of the Mundas; so do not be afraid.,दुकुरा - गा'सि जतिको एनकनअः काकोअ : मुनडा होनकोको बोरोअकोअ; एना मेनते अलोपे बोरोएअ ।
"In fact, whatever sorrows and joys are created in this period, songs are made about living.","सारते गे ने दिपलाड. रे जे गे दुकु, सुकु ताइन बाइन तेआ बारे ते दुराड. बाइओआ।"
One reason is lack of awareness about education and the other is the non-indigenous area.,मियद् कारण दो हसादअ: दिसुम रे ओल पढ़वाकन होड़ोको खोम गेआ ओड़ो: एटअ: कारण दो हसादअ: दिसुम रे एटअ: जाति राड़िबाड़ि होड़ोको बङकोअ।
"However, wherever tribals live, the land is often full of rivers, waterfalls, forests, plants, animals, minerals, etc.","एन लेकन आदिवासी कोतअः रेको तइन तना एन्तअः रअः ओते नई, झरना, बिर, दरु को, जनवर को, खनिज एमन कोएते जनव पेरेः कनोगा।"
"In Chapter 12, you will read about these temples.",गेल बरिया कुतुइल (12) रे अपे ने मंदिरको रअः बारे रेपे पड़वएअः ।
"The one who kicked me in the back of the head was saying, ""I didn't kick myself in the head again for the same reason.""","देअरे दलकेनिः मेनजदा, ‘‘अइङओ एना मेनतेगे बो’ःरे काइङ दलकिःअ।’’"
Honkor: Senda: Aa ko chin: Ini: Bugin lekte om dadintan:?,बच्चे की शिक्षा दीक्षा क्या वे ठीक से दे पाते हैं?
"Today, the pace of government schemes has increased.",तिसिङ सरकारी जोजनाको जोरते सेसेनताना।
"They are from Munda Khunt, we are from Pahan Khunt.",इनिःदो मुनडा खुंटुरेन होड़ो; अलेदो पां'ड़ां खूंटुरेनको ।
The entire country was ruled by kings before 1947.,गोटा दिसुम 1947 ई. सिदा रे राजा कोअ राइज तइ केना।
"Tababi Devi, however, created history by winning a silver medal in judo at the Youth Olympics.",मेन्दो तबाबी देवी दो Youth Olympics रे जूडो रे सिल्वर मेडल जितव केआते इतिहासए बइ केदा।
"I express my condolences to them and the state government, the central government, the NDRF, all the organizations are working day and night to reduce the suffering of the citizens and to bring back normalcy as soon as possible.","अञ इनकुअ मेन्ते अञा: जी रेञं दुकु तना ओड़ोः राइज सरकार, केन्द्र सरकार, एन डी आर एफ ने सोबेन संगठन को, होड़ो कोअः बलए चिलका को ओको लेका कमोःआ, सिदा लेकन सोंगड़ा दसा सेकेड़ा चिलका हिजु: रूड़ा बागा, नेआ कोरेअः मेन्ते निदा -सिंगी कमि रेको अचुआ कना।"
They will be friends with him too........................................................................................................................................................................................................................................................,निकुलोओः एनकागेपे सोंगेओ:अ।.. ..... आ'र ने: गे दाङ पाआगु चुटि तेबागोः ताना।
He visited families whose relatives had died.,"इनकिन एन ओड़अः रेन कोलोः किन भेंट केदा, ओकोएअः कुपुल कोअः गोनोए होबा कन तइकेना।"
"He Digital Krishak Shiromani for Farmers The Assam government has decided to reward the first 10 farmers who use digital payments exclusively for the purchase of seeds and fertilizers with Rs 5,000.",इनिः चसा को मेनते Digital Krishak Shiromani असम सरकार नेकन सिदा गेलेआ चसाकोके मोड़ेआ हज़ार टका इनाम एमोओ रअः टनवअकदा ओकोन जंङ ओड़ोः सारा रअःकिरिङ मेनते गोटा लेका digital टका एम् रअः कमि रेको अउ जदा।
Are there any transportation options?,हिजुः सेनोः रेअः सुबिदा मेनअः चि?
"Sometimes there are many things that inspire us, and don't think that all of them inspire the students.","मोसा - मोसा पुरअ: ते जगर को नेका तइन चि एना ते अबु इनितु ओमा बुआ, ओड़ो: नेआ अलोपे उडुःइअ चि नेआ ते ओल पढ्व तन होन को बारि इनितुइ:, ओमा कोन |"
"Raising garlands, bangles, and hair is not forbidden for the people of the Duita-Roman mission, it is forbidden for people of other missions.",डुइता - रुमिन मिसनरेनको मेनते हिसिर सकोम ओड़ोः उब् आसुल का मना'कना; मेनदो एटअः मिसनरेनको मेनते मना'कना ।
Raigad - What else is said by dropping a drop of oil in the urine?,रइगड़ा - रचा दअ रे सुनुम टिपअः केते ओड़ोःदो चेनअः चेनःकोको कजिअ ?
"(h) the rights of settlement and conversion of all forest villages, old habitations, uninspected villages and other villages in the forests, whether registered in revenue villages, notified or not;","(ज) बिर बितर रेअः सोबेन बिर हातुको, पुरना ओड़अः को, का सर्वेक्षित हातुको ओड़ोः एटअः हातुको रेअः तइन ओड़ोः संपरिवर्तन रेअः अधिकार, मेनदो एना राजस्व हातुको रे लेखाबद्ध मेनअः कोअ अधिसूचित मेनअः कोअ च का ;"
What does it mean to eat the right food?,बुगिन जोम-नू रअः चिनअः ओरोतो को मेतअः?
4. Fundamental Rights - The clause containing fundamental rights is also called the'conscience'of the Indian Constitution.,4. मौलिक अधिकार - मौलिक अधिकार वाला खंड भारतीय संविधान रआ ‘अंतरात्मा’ ओ कजिया को।
"In fact, the great Sanskrit poet Kalidasa wrote Meghadutam on the arrival of rain from the month of Ashadha itself.","असल रे, संस्कृत जगर रेन मरङ दुरङ ओल हरिआ कालिदास आसाड़ चण्डु: ते गि जरगि रेअ: एनेटे: रे' 'मेघदुतम्' ओल लिइअ:।"
"Donda - We are not making you weak, be yourself.",डोनडा - काले कोएदेमा; पेड़ेगोःमे ।
"This will not only give impetus to the campaign of self-reliant India, but the country will also become advanced in technology.","नेअः ते आत्मनिर्भर भारत रेअः अभियान रे गति दो हिजुअः, मेनदो दिसुम technology रेओ Advance बइयोअः।"
"Because of this, student inspiration is low, but down becomes a lot.","नेआ रअ: चलते छात्र प्रेरणा दो कोम, मेनदो इसु कोमो: तना ।"
"Friends, there is another inspiring incident from Kashmir, here in Anantnag, the municipal president - Mr. Mohammad Iqbal, he needed a sprayer for sanitization in his locality.","सोंगेको, कश्मीर रे ओड़ोः मियद प्रेरक घटना मेनअः, नेतअः अनंतनाग रे municipal president तनिः - श्रीमान मोहम्मद इकबाल, इनिः, अयअः इलका रेsanitization मेनते sprayer रअः जरूड़ु होबा लेना।"
He caught hold of Liman as he went and took him inside the house.,अद् इनीः केः साब् कीः ची ओड़ाः तेः अदेर किआ ।
"But an email came to my MyGov, and I noticed.","मेनदो अइञअः My Gov रे मियद ई-मेल हिजुः लेना, दो अइञअः देयान सेनोः जना।"
Now let's call the lion in the next baithak.,आबु अयर दुनुब रे सिंह कुला बु राअइअ।
"Ini: a menakada-sankira do ne lekan visuwas, achar vichara, neg dastur, chail cholon, odo: hunarko ge tanah (neko soben jeta aen jati ren hodo hoba koateye nam jada).","उन्होंने कहा है-संस्कृति एक तरह का विश्वास, आचार-विचार, नेग-दस्तूर, चाल-चलन और कुशलता ही है (ये सबकुछ उस जाति के आदमियों के द्वारा रचित रचनाओं से पता चलता हैं)।"
And also inspires us to ensure the unity and integrity of the country.,ओड़ोंः दिसुम रअः उकता अर अखंडता बबइ नङ अबुके प्रोरित बु तना।
"His son is explaining to them, then in response, he is telling him - ""You, Babu, what do you know?","होनते कोड़ा कजि वुजवतना दो, इनिः मेतअइतना, ‘‘अम, बबु, चेनअःअ इतुअना ?"
The Vice President of the Chilean Senate is named Rabindranath Quinteros.,चिलि सेनाते रे Vice President रअः नुतुम रबिंद्रनाथ क्विन्टेरॉस तनअः।
"Then the man of Nagpuria made a pair and said what he said and said to Baliram, ""Wrap it with your clothes and tie it, do not lose it, reach there and hang it in the tent house, it should be thrown while sacrificing the goat.""","एनतेदो नगुरि होड़ो मिअद् जोड़ाए बइकेदा अद् चेनअः चेनअःकोए कजिकेदा, अद् बलिरामए मेतअःइअ, ""नेअ अमअः लिजअःकोलोः पोटोमतम; अलोम अदेअ; हनरे तेबअःजनचि, डेरा ओड़अःरे हका-तमः मेरोमलङ बोंगाइ दिपिलि नेअ गिड़िओःका।"""
We don't have the money.,अलेतः रे पूँजि बनोअः ।
The poor settlements have a weaker service situation than the affluent ones.,किसड़ा टोला रेआ बाराबारी रे रेंगे टोला (गरीबी) रे सेवा रेआ दशा डालेकाले गेआ।
"But they took the task of killing the Pharaohs with a hammer, so they are called the people of the blacksmith caste.",मेनदो पा’ल कोटेः कमिको सब्केदा; एना मेनते बड़ाए जतिको मेनोःतना ।
All together play in the shade of the trees.,सोबेन हुंडि कोआते दरू रेअः उम्बुल रेको इनुङआ।
"Just remember those days, what was the atmosphere. How many people of different backgrounds came to the ground.","हुड़िङ एन दिन मुंड़ि के खेयाल रूवाड़ा लेपे, चिलका हला-जोला ताई केना। रोकोम-रोकोम रेन चिमिनंङ होड़ोको पिड़ि रेको हिजुअ लेना।"
"Look - you know all this right, in no way could I prove you wrong.",लको - ने सोबेनअः असलगेम इतुअना मिद चोकोएः रटि गलतिरे काइड.सबूति केदमेअ।
But my dearly beloved family members.,"मेनदो अञअः दुलाड़ान ओड़अः रेन को,"
"Raigada - Children, many things were said yesterday.","रइगड़ा - कजि, दाना, इसुगे दङ होला कजिजना।"
The body was covered with sweat.,होड़मो बालबाल दाः ते लतपत जना।
"In the Fifth Schedule area, the provisions of the PESA Act were written on stone and carried out with fanfare in every Gram Sabha.",पांचवी अनुसूची क्षेत्र रे पेसा कानून रेअः प्रावधान ढिरि रे ओल केआते मिमियद ग्राम सभा रे धूमधाम ते पत्थलगड़ी रिका कना।
That is why the parents are saying that his marriage should be held in some way this year.,एना मेनतेगे गंगा अपु किङ इनिअः अङ़नदि ने सिरमा जे'लेकातेगे होबओः काकिङ मेनजदा ।
N Halajola ko re raj Gangpur ren aye haga jaati ko zamindar odo thikadar ko isu pura sagid sasati re kela.,उसी के आस पास में उसने देखा कि राज गंगपुर के अपने भाई बन्धुओं को जमीन्दारों और ठीकादारों के द्वारा कई तरह के कष्ट और प्रताड़ना दिया करते थे।
Budhanath was born in the village of Babaikundi near the Shikhar Tamar block.,बुधनाथ शिखर तमाड़ प्रखण्ड जपाः बबैकुंडी हातु रे जोनोम लेना।
I also express my heartfelt gratitude to the Government of Saudi Arabia through'Mann Ki Baat '.,अइङ ' जी रा: जागार' होराते सऊदी अरब सरकार जीआतेञ जोआराइ ताना।
Ini do abua que nani aate pura gaye sugada.,वह तो हमारी रानी से भी अतिसुंदर है।
"As for self-reliance, it will come only when you stand on your own feet. The government, even if you stand like parents, will not always feed you.","तिंगु दो आबु आपानेते तिंगुको एनाङ। सरकार एंगा-आपु लेका तिंगुआकान रेओ जाओ गेदो काए आजोमा, काएः तिः बाड़ाः।"
Wishing everyone a very Happy National Sports Day too.,जोतो को राष्ट्रीय इनुङ दिवस रअःओ इसु पुरअः जोआर रूअड़।
"As part of the further planning, the revolutionary army met Kunwar Singh.",अयर रेअः कमिको रोजोटोअ कद् लेकागे क्रांतिकारी फौद को कुंअर सिंह लोः को नपम जना।
"Through this hashtag, we have to cheer for our players... keep them motivated.","नेअः Hashtag होराते अबु अबुअः खिलाड़ी कोके cheer रिका मेना, इनकुअः रसिका उसकुर कतेअः,"
"Nguri Budu - Yes, Samadhi, most people in this state eat Madua bread ""Holod."" You eat less Madua bread, yes or no?",नगुरि हडम -हे समदि; ने राजिरे पुरअःगे कोदे होलोड.ले जोजोमा। अपे दो कोदे होलोड. पुरअः कापे जोमतना; हे चि का?
They are also formed mostly when they are pushed towards the surface by cracks in the liquid or gaseous state.,नेआ कोरअः बनइओ तिंबा ते एन सोमोय होबाओः तना ओको इमतङ नेआ तरल च गैसीय अवस्था रे दरार कोरअः होरा ते भू-पृष्ठ सअः ते उदुरोःआ।
"Friends, We have to understand our collective responsibilities towards water in the same way.","सोंगेको, दअः रअः इदि केते अबु के ने रोकोम रअः अपन सामूहिक जिम्मेदारी को के बुझावेन होबअःओ।"
3) General Story This is where all the stories are narrated.,3) सोंगाड़ा कानि नेरे गे सोबेन कानि कोए बरनिका कदा।
A person lives easily with a couple of kahachanas like Kannada and Indian or Bengali and Indian or Tamil and Indian or Gujarati and Indian.,मियद् होड़ो कन्नड़ ओड़ोः भारतीय च बंगाली ओड़ोः भारतीय च तमिल ओड़ोः भारतीय च गुजराती ओड़ोः भारतीय लेकन बबरिया उनुरूम को लोःते रबलान गे घड़ि जना।
"Accordingly, grammar books written in Mundari are to be in good number.",एन हिसब ते मुण्डा जगर ते ओल तद व्याकरण पुथि को बेस लेकाओेआ।
"Without their bravery and vigilance, we could not have achieved the impressive feats we have achieved.","अकोवा बहादुरी ओड़ोः सतर्कता बेगर, अबु एन प्रभावशाली उपलब्धी को कबु नाम केद तेया ओकोवा अबु नाम तदा।"
"Ridu's wife - so, Babu will not be there.","रिड़ुनिः-एनकादो, बबु, का होबत्र्प्र्रोत्र्प्र।"
"Now that they are old, two will cost a rupee; no more.",नउअ - नाअःदो पुरनाजना; बरिअ रअः गोनोङ मोद् टका गोनोङ- ओअ; पुरअः दो कागे ।
"According to Mundari literature, there were many ways of living, of nurturing, of nurturing and of many things in our community before about 1830 AD.","मुण्डारी साहिति लेकाते सन् 1830 ई0 हला जोला कोआ ते सिदा रे आबुआ गोट रे चिमिनुड. गे राइन जाइन नेग दस्तुर, आसुल आपासुलेन ओड़ोः जेगे जिनिस को ताइकेना।"
We find confirmation that the Mundari language has definitely spread among the Uraon people.,उराङको रे मुण्डा जगर जरूड़ नेकाते गे परोम लेना मेनेअः पिचा नमोः तना।
Who will drag his feet unnecessarily?,बेगर दरकारे ओकोए कटाए हरेना ?
Politics is always changing.,सियासत सोबेन सोमाए नेद बादिलिआकान तइना।
Bugin Bugin Cheeziko Raja Jome Nue Menteaye: Omai Tana.,वह अच्छी-अच्छी चीजें राजा को खाने-पीने के लिए देती है।
Bando wiped and started playing with the bell.,बंडो पुसि एन टिडिङ ते इनुङ एटेः जना।
"Sometimes physicians dream that a medicine has an effect on a disease, such as a fruit or leaf, not by saying ""I dreamed a bad dream,"" but ""I dreamed a medicine.""","मेद्सोबोः. ओड़ोः मिअद्इङ; उदुबपेतना, अयुमेपे।मिसा मिसा बइदिको, पलना रे‘द् च सकम एमन पलना दुकुरे रनु टोगोअ मेनतेको कुमुइअः एनारे “कुमुसितिरकद् लअःअइङ“ मेनते काको कजिअ, मेनदो रनुइङ कुमुनमअः को मेनेअ, इदुष्डोः चेनअः मेनते एनादो काइङ कजि दडिअ।"
"One day, he came to the same place walking around and smelled a human scent.",मुसिङ हुलङ होनोर बड़ा तनलो एन कुकुरुताः तेबाः केद् चि मेन जदा चि कोसाः रे मनोवा. मनोवागे सोवन जअः इया।
Other family members also drank.,एटअः ओड़अःकोरेनकोदो पिटिका केदा।
"In the midst of all this, remember the mantra of fighting Corona'Dawai bhi-kadai bhi '.",ने सोबेन कोअः तला रे कोरोना ते लड़ाई रअः मोनतोर जरूड़ु गे पहमे पे ‘दवाई भी - कड़ाई भी।
He had eaten two loaves of bread and had fallen asleep.,बारिआ लाद जोमकेआते दुड़ुमउताराकानाएः।
The responsibility of collecting revenue and paying it to the company was handed over to the village headman rather than the zamindar.,माल तसिल जमा मेनते आद् एना कम्पनि के हल रिका मेनते जमीन्दारअः बदलि रे हतुरेन मुखिया को ओमइआ।
The entire village was considered knowledgeable by the people.,गोटा हातु रेन होड़ो कोअ ते सेंड़ान को हिसब किअ।
The mobile phone rang.,मोबाइल कालर ट्यून आयुम रिका केदाएः।
"Two days later, the people of Kutch are also going to celebrate their new year, the Ashadhi Beej.","बरसिङ तयोमतेगे कच्छ रेन होड़ो को अपन:-नावा सिरमा (साल), माने आषाढ़ी बीज यो को मानातिइंअ।"
"Ne Lekan Miyad Umiyan is an exception, Sarti Kami Jabala Tana.",इस तरह का एक प्रसिद्ध अपवाद सत्य काम जाबाल का है।
The Banias become the owners by cheating the people of many villages around this area.,ने होपोर जापाःको रेआ पुराः हातुको हिड़ि होसड़ो के आतेगे बाड़िया को मालिकि को बाइआकाना।
The Sahyadri and the region adjacent to it can also be crossed by ghat or passes.,सहयाद्रि ओड़ोः एनाएते सटावकन टयद् कोकेयो घाट च दर्रा कोए तेगे परोम दड़िओःआ।
Another awardee is Saikhom Surchandra Singh Ji.,मियद् ऐटा: पाराइज जिताव कनि साइखाैम सुरचंद्रा सिंह जी मेनाइञा।
All this was the glory of Anil Bhai's personal relationships.,नेआ सोबेनाः अनिल हागा लोः ताइनोः राः मेनाः।
"Are we going to tell you? """,नाअःरे चिअःबु कजितअः।”
"I remember Mr. Dattopant Thengadi, the father and thinker of the Indian Workers Union, who thought a lot for the workers - on the one hand there was the Maoist-inspired idea that ""the workers of the world unite"" and Dattopant Thengadi said ""the workers come, unite the world.""","अयं जनवगे पहमेअ चि भारतीय मजदूर संघ बइ केनि अद उड़ुतनि इनि कमितनको मेनते पुरअःगे उड़ु बेड़ा केना, एनकागे मइनन दतोपन्त ठेंगड़ी कजि जद् तईकेना-मिद् सअःरे माओवाद ते टोलेन तईकेना चि ‘‘दुनियारेन कमितनको मोदेनपे’’ अद दत्तोपन्त ठेंगड़ी कजि तन तईकेना ‘‘कमितनको हिजुपे, दुनिया के मोदगे बु बइआ’’।"
Post offices have also been alerted for banking services.,चिटि ओडअः के ओ बैंकिंग सेवाको नङ मेनते चिरगला कदा।
"Be it the digital world or the IT profession, this start-up is for them! No, we have to change it according to the needs of India.","चिल्का digital world च IT profession गे नेआ start-up इनकु लइते गे मेनअः! का गे,अबु के दो एनाके भारत रअः जरुरत लेकाते बदलि अगु लगतिड.ा।"
Nege Munda Jagar-Got (Munda language-family) Kajio: Tana.,इसी को मुण्डा भाषा परिवार कहा जाता है।
"After the prayer, everyone enters the classroom.",गोवारि होबा जन चि इतुसई ओड़ाः रेको बोलोआ।
Because Birsa river mountain field spoke for me.,चिअ चि बिरसा गड़ाबुरू ओते अञा मेन्ते कजि लअ।
"In this game, two teams pull a rope in opposite directions.",ने इनुङ रे बरिआ टोलाकिन मियद् पगा के विपरित दिसा रेकिन थउजेआ।
"... that is, he acts with kindness, not for money and any special desire, but for the service of the patient, he is the best doctor.",....यानि धन ओडो जांए खास कामना को इदि केआते का बलकी रोग होडो कोआ सेवा मेनते दया भाव जोगव केयाते कामि तना आए सर्वश्रेष्ठ चिकित्सक ताइना।
"Another man came to lead the way for Haru's daughter, and when asked, Haru said, ""I like your point very much.""","हड़ुअ- होनते कुड़ि मेनते ओड़ोःगे मिअद् होड़ो दुतम मेनतेए हिजुः लेना, अए कुलिकिः चि हड़ु मेनकेदा, ""अमअः कजि कूब्-गेङ सुकुतना ।"
"In a short time, a model village will be ready in every block of India, which can inspire us to change the comfort of the village, give us a new direction and therefore, under this ""Saansad Adarsh Gram Yojana,"" we want to move forward.","लेल गि लेल तन लोओ हिन्दुस्तान रे सोबेन ब्लाॅक रे मियद् आदर्श हातु तेयार होबा कोआ, जे आबुके हातु रेआ सुख - सुविधा रआ बदलाव आउ मेनते आबुके प्रेरणा एम दाड़िअए, आबु चिमिन नवा साह एम दाड़िआबु ओड़ो: एनामेनते नेया ""सांसद आदर्श हातु रआ जोजना"" रआ तहत आबु अयर बढ़ावेन सनाङ मेना।"
What is most striking is what I did in Tarai's taand and saw so much of?,"पुरअःउतर अकदनदा कजि नेअगे, बुरु गोड़ाते चेनअः चेकाए हिजुःकते केना अद् अमिनङए लेलकिःइञअ ?"
"The two fighters followed them again to negotiate, and at their cooking place they both sat down, and one of the fighters is saying to them: ""O brothers, we are one nation"";","लड़का किङदो जगर मेनते ओड़ोःगेकिङ ओतोङकेद्कोअ अद् इनकु मनडितन तअःरेकिङ दुब्जना, अद् मिअद् लड़का मेतअकोतना, “ए’अ, हगाको; अबु मिद् जति हो’-कोगे;"
"The country... needed to make sacrifices, kept on making sacrifices... needed to suffer, kept on suffering, needed to create mass movements, kept on creating mass movements.","दिसुम.......बलिदान मेनते जरुड़ु पड़व जना, बलिदान ओमाकान गे ताइन जना....बलय झेलव मेनते जरुड़ु होबा जना, (कष्ट) बलय झेलव होबाजना, जनआंदोलन तिंगु रिका रेआः जरुड़ु होबा जना, जनआंदोलन तंगु रिका तन गे ताइन जना ।"
"Last night, the sahib secretly sent a man to him.",सेनोः जान निदा गे बी.डी.ओ. सायोब हापे-हापेते मिआद होड़ो आकिनताएः कुल लिः आ चि सेकेड़ाते-
You can see it any way.,अम इनिइ जाँ लेका तेओम लेल दड़िआइअ।
The inmates of Kaushambi jail are preparing several covers every week.,कौशाम्बी जेल रे कैदी हर सप्ताह आमुनङ cover को तेयार जदा।
"The Nguri dialect itself is called ""Nguri Jagar"" and Nguri speakers are known as ""Nguri Hodoko"" and ""Nguri Mundako.""",नगुरी गे 'नगुरी जगर' ओ कजिओ:अ ओड़ो: नगुरी जगरतनको गे 'नगुरी होड़ोको' ओड़ो: 'नगुरी मुण्डाको' नुतुम तेओ को सुबाओ: तना।
"However, it was long believed that his remains, buried in Goa, had disappeared in the 1930 earthquake.","लेकिन, पुराः सोमोय तक नेया मानतिंङ ताई तन केना चि गोवा रे तोपा जदा को ईनकुआ अवशेष 1930 रेन भूकंप रे आद जाना को।"
"While laughing, Pandya reached out to the two of them and was asking them ""Why are you both laughing?.""","लनदा अउरि होकाएरेगे, पनडेअ तेबअःतद्किङअ अद्ए कुलिजद्किङअ, ‘‘चेकनअःबेन लनदातना?’’"
There will be an opportunity to refresh their memories.,इनिअपहमको सुसति रेअः मोका नमोअ।
The old man is slowly getting separated while holding the money to the child.,हाड़ाम बिरं एनाको ती रेः साबाइ तानलोः ते पारका हापेन ताना।
Ne Durang Puthi Rea: Durang Sangi Pede: Te Danda Jamakana.,इस गीत पुस्तक के गीतों को बहुत ही मेहनत करके ढुंढ़ा गया है।
Daughter-in-law! I have not told you about this.,दुकुरा-शान्त ! इसके बारे में मैंने तुमलोगों को नहीं बताया है।
"The men of the village, hearing this, were told to go and hunt them down.","होड़ोकोदो, ने कजि अयुम- केद्ते, दोलाबु, सेनदेराकोअको मेनकेदा ।"
But it is not possible to say who were his children.,"मेनदो इनकिनअः होनको ओकोएको तइकेना, नेया कबु उदुब् दड़िया।"
"And these news are also shown prominently in the country today, are told and are also discussed in schools and colleges.",ओड़ो: खबर को दिसुम रे तिसिङ मुख्य रुपतरको लेल रिका जादा ओड़ो: School college कोरे को चर्चा जादा।
They are right next to our houses and we can visit these shops any day of the week and at any time.,अबुअः ओड़अः जपअः रे दो एना ताइन गेआ ओड़ोः अबु हप्ता रअः जान दिन रेगे ओड़ोः जान सोमय ने दुकान रे सेन दड़िआबु।
"These rocks are known as megaliths (maha: big, pashana: stone).","ने दिरि काण्डा महापाषाण (महा: मरङ, पाषाण : दिरि) लुतुमते सरिओतना।"
Women are sniffing for the bichda in small kiris.,कुड़िकोदो डइरे कोदेको बियंड़ाजदा ।
"Reaching there, they find it is the home of a demon.",तेबः लेद्ाते लेल लः को दो एना दो मियद् मरंङ्ग रगोसाः ओड़ः।
This is how their marriage was.,इनिअः अड़ान्दिओ ने लेका होबा लेना।
We did not use that varna and wrote Sanskrit as our language.,अबु एना ओलको काबुअःजना। अकोगे नेआ बनिते अकोअः तयोम जगर सोतोः बइतन संस्कृतको ओलकेदा।
"About you, the Matura and the Evangelist.",मतुरगे त्र्प्रटकरलोपेत्र्प्रद् परचार ।
