English,Bhili
"even if the stove of our poor's house is burning, the mother of the poor will never have to sleep in tears and for this, we are running a free treatment scheme.","भळे स अमारा गरीबु ना घेर सुल्ला बळता रेहे, गरीबुनी आई कडी पण आंहवां पी पीने हुवा नी पडे अने इना हारु मोफतु दवा दारु नी ओजना अमारी सालीरी से ' ।"
"kamal haasan began his career as a child artist in 1960 with the tamil-language film kalathur kannamma, for which he won the president's gold medal.",कमल हसन थी ओगणी हो हा ठ मा तमिल भाषा नी फिल्म कल्तुर कन्नम्मा ना नाना काम करवा वाला ना रूप मा आपडा काम ना समय नी शुआत करी जिना लि दे तिना यी राष्ट्रपति ना हू नाना पदक जित्या से |
"he was admitted to the hospital, but his health continued to deteriorate.",उने अस्पताल म भर्ती कर देदु पर तीना तबीयत खराब थाई गी।
"in our country, the supreme court has repeatedly discussed the uniform civil code.",अमारी देश मां मोटी कोरट मां बार-बार uniform civil code नी लीने वाते की से।
"according to hindu sources he met nanda there, and according to pali-language buddhist sources he met dhana nanda.",हिंदु स्थानों ना अनुसार त्या तहा नंद थी मलीया अने पाली भाषा ने बौद्ध स्थानों ना अनुसार त्यो धन नंद थी मलीया।
"so far, 9 lakh crore rupees have been received by these women self-help groups through banks and with the help of which they are increasing their multidisciplinary work.",हमणा हुदी 9 लाख करोड़ रुपिया बेकु थी अमारी इनी वूमेन सेल्फ हेल्प ग्रुप ने मळिया से अने विहुनी मददु थी वी आपड़ा घणाखास कामु ने वदारी र्या से ।
these tribal-dominated villages will work to improve the socio-economic life there. this will benefit more than 50 million of my tribal brothers and sisters of the country.,इनां आदिवासी बहुल गांमुं त्या सामाजिक - आर्थिक जीवन ने हदारवा हारू काम करहे । इना थी देश ना 5 करोड़ थी वदारे मारा आदिवासी भाई - बहनों ने नफो थाहे ।
our army personnel have shown what it means to live for the nation. now we are becoming self-reliant in the defence sector due to this.,देश हारू जीवू हूं थाए से यो हमारा सेना ना जवानों ही देखाईयू से हाउ इना लेदे डिफेन्स सेक्टर मां हमु आत्म निर्भ र थाता जाई रिया से।
"the duo were earlier management professionals in bengaluru, but they decided to come to kalahandi and work with the villagers.",इन्हंये माणिकास्तों एग्रो नी थापण करी। अन करसाण नां हातें मळिन एक गोट लेंक सालू करयों जी बोकड़ा पाळवा नों बढावों दे से।
"prime minister: so, in a way, you are completely moving towards natural farming?",प्रधानमंत्री: ती तमुं आरवी वळे परकट वळी खेती उपर जाइरी से।
this belief is the product of long-term hard work and hence the common human memory of the country.,यो भरोहो लाबा टेम नां मेनत नों ऊगाडेंलों से अनें इनांहारूं देह नां हुदां मनखुं हमकाणं राखें से।
so one of the units of that would be to reduce the interference of the government in the life of the common man.,ते तिहुनी एक ईकायु व आहें के जन मनखुना जीवाई मा सरकारें दी अड़ंगु थोडुक होये ।
baz bahadur continued to live as a refugee in various courts until he found employment under akbar eight years later in 1570.,अनुशिक्षक न वसम इने सिखा ड यू से |
rati and kamadeva are worshipped in many parts.,घणा भागों मा रति अन कामदेव नी पूजा करता जाए से |
"when those tribal friends of ours get that help, the schemes that reached them through pm jan-mann, the population is very small.","जेरा अमारा तिहुन आदिवासी हातवाळा ने वी मददु मळती से, पीएम जनमन थी तिहुने जी ओजाना युं मोकळी हती, गामु मां मनखु घणां थोड़ांक से ।"
"after the victory, the marathas restored madhavrao peshwa to the throne and regained their supremacy.",जीत न बाद मराठा ने माधवराव पेशवा ने राजगद्दी पर बेहाडा अने आपडू काम पासु लेदू।
"she was bubbly, intelligent and beautiful, and it was for these reasons that jahangir was attracted to her.",आ चुलबुली बुद्धिमती अने सुन्दर हाती अने इना कारणो थी जहांगीर तिनी तरफ आकर्षित थाया (तिनी तरफ)
i respectfully bow to all such people today.,"हुँ, आज ऐवा बदांनें मानथी जोहार करूं से।"
"india is proud of its youth power, and the more our youth partners participate in the electoral process, the more beneficial the results will be for the country.","भारत नें आपड़ा जुवान्यिा उपर गटनर से। जैतरी भागीदारी युवा-पीढी करेहे, सुणांव मां फाइदों सरकार नें स थाहे।"
maintaining distance in society towards the corrupt will only make any corrupt person afraid to go down that path.,रिंश्वतखोरी ना लेदे समाज मां दूरी बणावाा ही कइना रिश्वत लेवा वाला न तिने रस्ते पर जावा थी समक लागहे
he served as the home minister during the political integration of india and the indo-pakistani war of 1947.,पटेल नो जनम नडियाद खेडा जिला माँ थायो अने इना खा ण पा ण गुरज रात राज्य ना गावड़ा इलाका माँ थायो |
"in april, india decided to assist in the formation of the new nation of bangladesh.",अप्रैल मा भारत ने बांग्लादेश नो नवु राष्ट्र वणा मा मदद करवा ना नो फेसलो करयो।
"be it our farmers, our jawans, the courage of our youth, the contribution of our mothers and sisters, the downtrodden, the oppressed, the deprived.","जोवेकी त्यों हमांरो करषांण होए, हमांरों जवान होए, हमांरो नौ जुवान नों होसलों होए, हमांरी माता-बुहनीयों नों योगदांन होय, दलित होए, दुखीयारां होए, शोषित होए, सुटेलां होए,"
"he came to live with his wife and children in a rented house with his mother, uncle and other members of his extended family.",त्ये अपड़ी आया काका अने आपडी वडार परिवार ना बिजा सदस्यों ने हाते किराया ना मकान मा आपडी बयेर अने पोरीया ने हाते रहने आया ।
"the mauryan control of the region is attested by the rock inscription, which suggests that chandragupta held sway over the malwa region, located between gujarat and pataliputra in central india.",इना क्षेत्र ना मोर्य नियंत्रण नी पुष्टि भाटा ऊपर लिख्या शिला लेख थी था ए से तिनमा पतों सलाहे कि चन्द्रगुप्त यी वस् मा ना भारत गुजरात अन पाटलिपुत्र ना वस् मा स्थित मालवा क्षेत्र ऊपर खुद नो अधिकार जामडी लेदेलो |
tod's version was a composite of several sources of padmini's life story and a jain monk named gyanchandra assisted tod in researching the main sources relating to padmini.,टाड ना संस्करण पद्धिनी ना जीवन नी वरतार ना घणा ना एक सम्मिश्रण हटा आने ज्ञान चन्द्र नामक एक जैन बाबा ने पद्धिनी थी तीनानी हाते सम्बंधित खास ने खोज (शोध) माँ टाड नी मदद करी \
i bow to them and assure them that we have to move forward with new heights and new zeal.,"हु तिहु ना हारू माथु नवादिने रेहतों से, अने हुं तिहुने भरोहो आलिर्या से के हमुने नवी उसाईयु ने, नवा जोश ना होते अगळ बढ़वु से।"
"manekshaw was evacuated from the battlefield by his orderly, sher singh, who took him to an australian surgeon.",मानेकशा के युद्ध /लड़ाई के मैदान थे एहने अर्दली शेरसिंह हारू निकालो ग्यो त्यों एहने ऑस्ट्रेलिया ई शल्यचिकित्सक के पास माँ ली ग्यो |
percussionists perform complex forms of tala and display their skills.,तालवादक लाल मां एक मोटू गावो मा जाणवा नो लायू से
"but no one gave importance to his dream, no importance was given to his hopes, aspirations, expectations.","पुनें तिनानें हपनों नें कईंनाईं तवज्जों नी आली, तिनीं आशा, आकांक्षाओं, अपेक्षाओं, को तवज्जो नीं आली।"
news divine has been open for three years and in that time it has been closed three times by law.,खबर डिवाइन तान साल खुलिया हाथो ऐवु इन समय मा इसे नियम हाथे तान बार बंदे किया जा चुका है |
"chandragupta's life and achievements are described in ancient hindu, buddhist, jain, and greek texts.","चंद्रगुप्त ना जीवन अने सफलता नो वर्णन पुराना हिंदू ,बौद्ध ,जैन अने यूनानी ग्रंथों मा करीयो गयु।"
"according to appian, seleucus i nicator, one of alexander's macedonian generals, founded the seleucid empire in 312 bc with babylon as its capital and annexed persia and bactria, thereby cutting the eastern border of his empire to chandragupta's empire.",एप्पीयन नी अनुसार सिकंदर ना मकदूनियाई सेना नो सान माहती एक सेल्यूकस पेह्लो निकेटर ना 312 ई सा पेह्लो बेबीलोन नी राजधानी बणावी न सेल्युसिड साम्राज्य नी स्थापना नी अन फारस अन बैक्ट्रिया ना आपडा अधिकार मा लेदो तिनयी तिनायो साम्राज्य नी उगमणी हिमा ना चन्द्रगुप्त ना साम्राज्य थी मली गी |
"patients will lose some of their peripheral vision after this surgery, although it is hardly noticeable to the patient.",इनी अपरेशन ने बाद मादो आपडी कोई परिधीय देखवानी खोई दे पण मांदा ने आफत थी इना पर ध्यान जावे से |
how can we forget that crisis period of corona. the work of vaccinating crores of people at the fastest pace in the world was done in our own country.,"हमुं कीकम भुली सकयीं से कोरोना नीं मोटी काहटी ना टैम, दनियां मां सबथी वदारें जोर थी करोड़ों लोकुं नें vaccination नों काम हमारा इनां देह मां थायों।"
"inciting alauddin to revolt against jalaluddin, malik chajju's supporters insisted that he would need a lot of money to raise a large army and stage a successful coup: malik chajju's rebellion had failed due to a lack of resources.",जलालुद्दीन नी हमे झगड़ा हारू अलाउद्दीन ने आगली करवाणु मलिक छज्जू ने हाते देवा वाला जोर करीने केदू की इनामी एक मोटी सैना बण वाली अने एक अशल पालटी ने बदलानी हारू घणा रूपिया से मलिक छज्जू नो झगडी हातयार नी मलवा नी हारू इना कारण थी हारू गया हता से।
his son randhir directed the film and it was released in 1991.,लिना सोरा रणधीर ने पिक्सर नी जाणकारी करवी अने यो 1991 में रिलीज हुई |
"my dear countrymen, apart from cows and buffaloes, goat rearing is also an important sector in animal husbandry.",उड़ीसा ना कालाहांडी मां बोकड़ा पाळवा थी गांव नां लोकुं आपडी जिन्दगी ना हदारवा हारूं नज काम करीरया से।
"in both hindu and muslim courts, kathak became highly stylized and came to be regarded as a sophisticated form of entertainment.",गैस ना इंजवाका नी जगा ऊपर विजली ना इंज वाला आयूँ बेहवा की वैवस्था मा ह्दार थायो लोक महाकाव्यो संस्कृत नाटको अन होसेलो वार तरयो नी भेलियो करी आज नी विषयगत बणावी दे दा |
"whatever we are doing, we do not think by dividing and multiplying politics, we have only one resolution - nation first, nation first, nation supreme.","हमुं ज्युं कईंनुं करी रियां से, त्युं राजनीतिक नों भाग अनें गुणां करवा नी होसवा से, हमारों एकज वसन से nation first, nation first , राष्ट्रतिह सुप्रीम।"
"chand was once again not allowed to leave his platoon, although once again he was selected without formalities.",चंद ने वार फेर आपडी पालटी छोडवा नी अनुमति नी आली फेर भी एक वार फेर तिन वगर ओपचारिकताओ (निर्विरोध ) बवी लड़ो हेतो|
"after a seven-year hiatus from films, haasan returned as a dance assistant, apprenticing to choreographer thankappan.",फिल्मीयो ना हात वराह ना गैप बाद हासन नासवा परिकल्प थंकप्पन नो प्रशिक्षु बणी ग्यो एक नासवा वाला (वाका) मददगार ना रूप मा पासो आयो।
"till a few years ago, who would have thought that in our country, even village women would fly drones!",कईक वरहुं पेहलां किइनये होस्युं हतुं कि हमारा देह नीं गाम नीं बयरों ड्रोन उडाडही।
it is about the dangers of fervent nationalism and he wrote the first draft of its script in the 1940s.,य जोश भरी राष्ट्रवाद न खतरो न बारामा से उने 1940 नी पीढी म उनकी वातर नो पहलो वात लिएयो हतो।
hormusji soon established a prosperous hospital and dispensary in the heart of amritsar.,होमुर्सजीयी एकदम अमृतसर जिला ना वसमा एक उन्नति शील अस्पताल वणाया तिना अस्पताल ने ता खोल्या से।
"in november 1962, nehru asked manekshaw to take command of iv corps.",नवंबर 1962 में नेहरू ने मानेकशॉ ने 4 कोर नी कमान हमालवा हारू किदू।
"the marathas defeated the rohillas, forced them to take refuge in the mountains and plundered their country in such a way that the rohillas feared the marathas and hated them ever after.",मराठा में रोहिला ने हराया विनान दुग्रो मा रेवा हारू मजबूर करिया आने विनान देहां ऐना तरह हु लुटिया के रोहिल्का मराठो हु समकता था आने बाद जेर भी विनाहू नफरत करता था |
vajpayee himself came under public scrutiny for making a controversial speech the day before the mosque was demolished.,नमाज पडवाना मस्जिद ने तोडवा जावा थी एक दन पेल खू विवादित भाषण आलवा ना कारण वाजपेयी खुद सार्वजानिक जांच खबर ने दायरा मा आवी गया से |
the country and politics have to liberate us from dynasticism and casteism.,देश ने राजनितिनी हमुन परिवारवाद अने जातिवाद थी मुक्ति अलाडवी पवडहे।
"as a result, balaji rao ordered damaji to be bound in iron chains at lohagarh.",तिने कारण ही बालाजी राव ये थामाजी ये लोहागढ़ मा लोहड़ा नी जंजीरों मा बाधवा नो आदेश (आडर) आए यो।
"prataprao released bahlol khan, despite shivaji's warnings not to do so specifically, after which bahlol khan once again began preparations to invade.",शिवाजी हाते खास रूप मा ऐवु न करवानी धमकी बावजूद प्रताप राव ने बहलोल खान ने एक वार फेर लड़ाई नी तैयारी कर नाखी से
"five individual events, including men's singles, women's singles, men's doubles, women's doubles, and mixed doubles, are currently held in odd-numbered years.",पाँच एक -एक स्पर्धाए जिनमा आदमी एकल औरत एकल पुरुष अकेल महिला अकेल ऐवु मिश्रित (सामिल मा ) युगल आजे आंकड़ो वाले साल मा चालू की जाती हाथी |
he was the third son and sixth child of shah jahan and mumtaz mahal.,ये शाहजहाँ अने मुमताज महेल ने तिन अने चौकी चारो हता |
the party's flag consists of six joined hands in red and white alternating in a circle with a white star in the center on a black background.,पार्टी ना झन्डा मा कला रंग नी पृठभूमि मा केंद्र मा एक घोलू एक चक्र मा एकांतर हु रालू आने घोलू रंग मा सो हाथ जोडईला से।
the vishnukundins were his allies at the time and pulakeshin's subjugation of the vishnukundins brought him into conflict with the pallava king.,तीना वखत विष्णु कूण्डन तीनानो मददगार हतो अने पुलकैशी द्वारा विष्णु कुण्डमो ने हरवानी कारण पल्लव राजा नी हाते तीहुनो संघर्ष (झगड़ों ) थायो ।
"when the resolve of the countrymen is reflected in these things, then a new resolve becomes firm within us.","देहवासियों नी इनी वातयों मां जेर वसन देखाय तें, तेर हमारा मनमां एक नवों वसन पक्को बणीं जाय से।"
"today, the pli scheme has been a huge success. fdi reforms have also given us great strength.",आज pli योजना ने घणी जीत मली से fdi reforms तिनी पण हुमुने घणी ताकत आाली से।
"in india, he is often referred to as the magician of hockey, which translates to ""magician of the game of hockey.""","भारत मा तिनी अक्सर हॉकी ना जादूगर ना नाम थी जाणीयो जाए है तिनो अनुवाद"" मैजिशियन आफ द गेम ऑफ हॉकी"" है।"
"i also urge first-time voters to vote in record numbers, as you are getting a chance to elect a member to the 18th lok sabha after turning 18.","हुं, पेहली वखत सुणाव मां वोट देवा वाळां ही मनवार करूं से कि केम 18 वरहें मां वोट करवा पर तमुं 18 वीं लोकसभा नें सुणीरयां से।"
"the maratha victory forced hyder to retreat, he had to abandon bednore, although he managed to take its treasures to seringapatam.",मराठा विजय ने हैदर ने पछाडी हरकावा हारु मजबूर कर दियू तिना बेडनोर ने छोडवु पडियु केमकि त्या इमा खाजाना ने श्रीरंगापटटम लि जावा भी सफल रिया
he has made other robot clones of marge that did not work properly.,इना मार्ज मो एक रोबोट कलीन बनायू अने असल काम नी करयू से
a developed india by 2047 should also be a healthy india.,"वदतु भारत2047, वी ताजूतरे भारत वण थावु जोये।"
"he was set to direct mehndi, starring his son rishi and pakistani actress zeba bakhtiar, before his death in 1988.",यह 1988 मा आपडी मखाने पहले आपडा बेटा ऋषि अने पाकिस्तानी अभिनेत्री जेबा बखित्यार अभिनीत मेहँदी नो हम झडवा हारू तैयार हतो |
there are some people who cannot think well of india unless they are well themselves.,"कइना मनख थाइ्र जि भारत नू भळू नी होसी सके,झेर तक खुद नू भळू नी थाई, तेर तक तिनाने कइना नो भळू असल नी लागे से।"
the youth of my country does not believe in incremental progress. the youth of my country is in the mood to take a leap.,मारा देहना जुवानो इंक्रीमेन्टल बढ़ोतरी मा भरोहो नी करे l मारा देह ना जुवालो फलोंग मारवाना मूड मा से ।
i assure you that we will win every bad person with our goodness.,"हर बुरी नजर वाला न अमु अमारी असल नियत ही जीतहू ,यो हू विश्वास आलू से।"
we make continuous efforts to fulfil that and i have dreamt that 2047 will be when the dream of a developed india will be realised.,तिन्हने पूरू करवा हारू हमु हमेसा कोशिशु करिये से अने मे ते हपनो देख्यो से के 2047 जेरा बढ़ोतरी वाळु भारत नु हपना थाहे ।
former members of the bjs formed the bharatiya janata party under vajpayee's leadership in 1980.,बीजे एस नो पूर्व /पहला ना सदस्य यी 1980 माँ वाजपेयी नी नेतृत्त्व /देखरेख मा भारतीय जनता पार्टी नो गठन करेलो |
it is not just the government of india. state governments are needed in a big way.,"सिरफ भारत सरकार थी यू काम नी थाय से ,राज्य सरकारों नी वदू मोटाी जरूरत से।"
"many people have lost their family members, lost property, and the nation has also suffered repeatedly in the natural disaster.","खरेखर दनियां नीं कळाहरू, मां घणां लोकुं नें आपड़ा कुटुम नां खोवियां से, राष्ट्र नें बी घडी-बे-घडी नुकसान भोगव्यों से।"
"major dhyan chand khel ratna award, india's highest sporting honour, is named after him.",भारत ना सबथी मोटा रमवानो सम्मान मेजर ध्यानचंद रमवानो रतन इनाम तिना नाम मोकलीयो ग्यो से।
the possibilities have increased. new opportunities are being created. the youth of my country no longer have the intention to walk slowly.,आह वहती जाईरी से 1 नवो मोको बणी रिया से । मारा देह ना जुवानो ने हाऊं धीरे-धीरे साळवा नो इरादो नी से
"jami-ul-hikaya and taj-ul-maasir mention only the second battle of tarain, in which prithviraj was defeated.",जमी-उल-हिकाया अने ताज-उल-मासिर ने तराइनी न खाली बिजी लडाई नी उल्लेख करियू से जिनमा पृथ्वीराज ने हरावी दियो।
"on his return to india, chand resumed his work at the barracks.",भारत पासो आवीं चंद ये बैरक मा आपड़ो काम फेर ही सालु करी देदु |
"gavaskar was captain of the indian team on several occasions in the late 1970s and early 1980s, although his tenure as captain was not as impressive.","गावस्कर 1970 ना दशक ना चेला अने 1980 ना दशक नी सरुवात मा घणा मौखा पर भारत नी टीम ना कप्तान हेता ,फेर भी तिनाना कप्तान ना रूप मा कार्यकाल ऐतरो प्रभावशाली (खास ) नी हेतो |"
"however, alauddin had decided to capture padmini by trickery.",केमकी अलाउद्दीन ने पद्धिनी नी धुतवीन थी धरवा हारू नो फैसलों लेवा कारियों से |
and i am happy that crores of citizens of my country have given countless suggestions for a developed india 2047.,अनें मन परसन से कि मांरा देह नां करोड़ों मनखुंईं बणेंलों भारत 2047 हायं घणीं जबर रॉय आली से।
"two months later, afzal khan sent an emissary to shivaji and suggested that the two leaders meet privately outside the fort to confer.","बे मयना पछाडी, अफजल खान ने शिवाजी ने मेरे एक दूत मोकलियो अने सलाह आली कि बेहे नेता किला नी बाहर खुद तोर पर आपस मा वातचीत करवा हारू मलियो।"
customs were putting a lot of pressure and our goal was at their mercy.,कस्टम्स वदु दबाव बणावीरी था अनी हमारा गोल तिनी दया पर हता ।
"they walked with a dream, they walked with a resolve, they struggled; there was only one voice - vande mataram, there was only one dream - india's independence.","एक हमणों लीन जाईं से, एक वसन लीकरीन सालतां रियें, जूझतां रियें, एकज गुंज हतीं, वन्दे मातरम् एकज हमणों हतो, भारत नां सुटकारा नों।"
he served as the member of parliament for lucknow and retired from active politics in 2009 due to health issues.,ई हुयी लखनऊ का सांसद ना रूप माँ कार्यो करो आने स्वास्थ्य शरीर कि समस्या नी कारन २००९ मासक्रिय राजनेतिक थी सेवा निवृत /घेर बेहाड़ो से |
the construction of the footpath and the steps leading to the falls were undertaken by the local administration.,बाजार मा काम फॉल्स नो जोवू वाली सिढियो नो काम स्थानीय प्रशासन द्वारा किया से
"through the pm-janman yojana, development is reaching even those tribal areas of the country which were left behind, no one was asking.","पीएम जनमन ओजना ना रीतें थी देह ना तिनां आदिवासी ईलाकों मां पण विकास ने पुगाडी़ रियां से जां सबथी पसाड़ी सुटी गेलां हतां, कोईबी पुसवा वाळों नी हतों।"
tahmasp urged that humayun convert from sunni to shia islam to keep himself and his hundreds of followers alive.,तहमास्पयी आग्रह करयु कि हुमायूं खुद ने अन आपडा सैकड़ों अनुयायियों ने जीवित रखवा हारू सुन्नी थी शिया इस्लाम मां परिवर्तन करलेहे।
"for example, poems numbers 69, 281, and 375 mention the mauryan army and chariots, while poems numbers 251 and 265 probably allude to the nanda dynasty.","उदाहरण ना हारू कविता संख्या 69,281 अने 375 मा मौर्य सेना अने रथो का लखेलू से जहरे कविता संख्या 251 अने 265 शायद नव राज्य ना वंश ने इंगित करता से।"
"the delhi army also captured several people, including the vaghela queen kamala devi and ghulam malik kafur, who later also led alauddin's southern campaigns.",दिल्ली नी सेना थी कई मनखूं ने धारी लेदा जिनमा वाघेला राणी कमला देवी अने गुलाम मालिक कापूर हता जिना बाद मा अलाउद्दीन ने दक्षिण कामों ने हमाक वा नी काम करि हतु।
"on 24 september 2008, dev joined the indian territorial army and was commissioned as a lieutenant colonel by the chief of the army staff, general deepak kapoor.",सोविः सितंबर बे हजार आठ मा देव भारतीय देशनी आपडी सेना मा भैला थाया अन सेना ना खास आदमी जनरल दीपक कपूर यी तिनान लेफ्टनेंट कर्नल ना पद पर नौकरी पर राख्या |
gandhiji made another compromise by reducing the time from two years to one.,गाँधी जी से एक अन हम जोतरो करवा जाए समय ने वरह थी घटाड़ीन एक वरह कर दिदु से |
"the indian cricket team, led by rahul dravid, and tendulkar had a disappointing world cup in the west indies.",वेस्ट इंडीज मा थाई ला पूरा देह नो कुप मा राहुल द्रविड़ नी अगाडी वाली भारत नी दडियो नो समूह अने तेंदुलकर नो असल नी रामवानु (भूडो रमेत )देखेलु से |
the wonderful moments that the youth of kashi and the surroundings have captured on camera are very impressive.,काशी अन आहें-पाहें ना जुवानियां ये मोबाईल थी खिसेलां फोटु घणां रूपाळां से। आज जिनें कनें मोबा. से त्यों हदबंद वाळों बणीगयों से।
askari mirza took akbar under his shelter and grew up under the care of kamran and askari mirza's wives.,अस्करी मिर्जा ने अकबर ने आपडी शरण मा लई लिदू अने कामरान अने अस्करी मिर्जा नी बयर देखभाल मा त्या मोटा थाया।
"in march, the pakistani armed forces launched an intense campaign to curb the separatists, which included soldiers and police from east pakistan.",मार्च मा पाकिस्तान सशस्त्र बलों ने अलग करवा वाला पर लगाय लगाडवा हारू एक उतावलू काम करवा हारू पूर्वी पाकिस्तान ना सैनिक अने पोलिस भेला हुता।
"and because of that, he continued to live through adversity.","अनें तिनां कारण थी, काहटियों नें झेलतां जाईं गुजारों करता रियां।"
"you see, we can do almost 25-30 million reforms in a year.",तमु भाळिये हमु भाळि तो थी भाळता एक वरह मा घणुस घणु 25 30 लाख रिफॉर्म करि सकिये से ।
"tajikistan will now defend its border without russia's assistance, as the border guards of the pyandzh unit leave the area.","तजाकिस्तान अभे रूस की मदद बिनु आपणी क्षेत्र मदद करेगा ,यू प्यांद्ज पहली क्षेत्र रक्षक क्षेत्र छोड़ी देतो है |"
"let us make the dreams that our ancestors had, our resolutions, connect our dreams, connect our purusharthas and make the 21st century, which is india's century, our resolve.",हमारां खतरीजों थी ज्यों हपना देख्यां तां तिनां हपना हमु संकल्प बणावीय हपना ने जोडिेये आपडा पुरूषार्थ ने जोडिये अने २१वी सदी जे भारत नी सदी स।
"secondly, these are the supportive infrastructure needed for the changing systems.",बिजा यी बदळती थाई वेवस्तायु हारू यी जी सपोर्टटीव.इंफ्रास्ट्रक्चर जोईये ।
"developed india 2047, these are not just words of speech, hard work is going on behind it.","बणेंलों भारत 2047, यो खाली भाषण नां शब्द नीं मळें से, इनांनी पसाड़ी भारी मेनत साली री से।"
"he has won sixteen filmfare awards and is the most nominated performer in any major acting category at filmfare, with 42 nominations overall.",तिनाये सोलह फिल्म फेयर ईनाम जीतीया है अनी कुल मिलावीन नामांकित कलाकार है। -42 नामाकनो नी हात फिलमफेयर मा कईना पण खास अधिनय श्रेणी मा सबथी वदु नामांकित कलाकार हैं।
"for this, our government is working very hard in the campaign to build eklavya residential schools in tribal areas.",इना लेदे हमारी सरकार आदिवासी इलाकु मा एकलव्य आवासीय स्कूल बणावा ना अभियान मा घणी मीनत करी र्यी से ।
"although gandhi held no official position, he had great influence over the government.","हालाकि गांधी ना पास माँ कोई मोटा /आधिकारिक पद नी हटो ,लेकिन सर्कार पर महात्मा गांधी नो अधिक प्रभाव /दबाव हतेलो |"
"it originated in the 12th century ce, when it diverged from carnatic music, the classical tradition of the southern regions of the indian subcontinent.",इनमा थायो एक अने बी पुराणी इसी मा हाया जेरे या भारत मा उपमहाद्वीप अने दक्षिणी गांवो मा इनो परंपरा कर्नाटिक संगीत मा अलग थाये से
this has proved one thing that india has the power to organize the biggest work program.,इने एक वात खरी कर देदी के भारत मां मोटा काम कार्यक्रम ने organize करवा नी ताकत से।
who of our people were deprived of these provisions? who were left behind? the front-line of society did not live in deprivation for this.,"हमांरा कईंना कईंना लोकुं सुटेलां हतां, इनां व्यवस्थाओं थी, कुन पसाड़ी री गेलां, हमाज नां अगाड़ी नीं लाईंण मां लोकुं इनां हारूं अभाव मां नी जीवतेंलां।"
nehru was arrested in 1921 on charges of anti-government activities and released a few months later.,नेहरु नो सरकार विरोधी ना करेला कामु नो आरोप मा १९२१ मा धरया से कई ना मई ना बाद इने पसा सोडी देदा से |
"the surgeon initially refused to treat manekshaw, saying that manekshaw was badly injured and his chances of survival were slim, but singh forced him to treat manekshaw.","शल्य चिकित्सक ने शुरू मा , मानेकशा को इलाज करवा थी इंकार करी देदो , था केतेला कि मानेकशा बुरी तरह थी घायल थाई गेलो आने उनकी बचने /बसवा नी संभावना घणी कम से , लेकिन सिंह ने एहने माने कशा को इलाज करवा हरु मजबूर केरे लो |"
"while ratan sen was in captivity, king devpal of kumbhalner, enamoured by padmavati's beauty, proposed marriage to her.",जहर रतन सेन जेल कल कोठरी माँ हतो तेर कुंभ ल नर ना राजा देवपाल ना पद्दमावती नी घणी असल रूप या शकल थी एक -बीजा मन भटका ड वा हारू (मोहित)तीनू येई विवाह प ई णा वा करवा ना फैसलों ना प्रस्ताव करियो से |
"according to amir khusrau, 20,000 mongols were killed in the battle, and many more were executed after being brought to delhi as prisoners.","अमीर खुसरो नी केदा लड़ाई मा 20,000 मंगोल भारी नाएया अने कई अने दल्ली मा कैदियों न रूप मा लावी ने भारी नाएया।"
he wrote ishavasyavritti and sthitaprajna darshan in jail.,तिहुई जेल मा इसा पेलखी अने मन हासू राखी न तिना दर्शण लिखया |
"banks are the biggest support for our msmes, our small-scale industry.","हमारों msmes, हमारा नाना-उद्योग हारूं तें बैंक एक सबथी मोटी मदत रे से।"
"history is witness that even before the 1857 war of independence that we remember, there were many tribal areas of our country where the war of independence was fought.","जुनां-जलमांरा गवा से कि 1857 नां सुटांरेवा संग्राम जिनांनें हमुं याद करीयें से, तिन्हुथो पेलखो बी हमारों देह नें घणां आदिवासी ईलाका हतां, जां सुटाकारा थी, जंग लड़ी हती।"
"under this award, change makers who have become effective voices of social change using technology will be honoured.",ऐवा जुवान्यिा नें इलाज आलही सरकार जिहुंये ऐवी टेक्नॉलाजी मां असल काम करीन हमाज नें बदली रया से।
"the ball hit the defender's hockey stick and went into the net, giving goalkeeper colley no chance to save the goal.","गेंद बचा ड वा वाला नी लाकड़ा नी घोटी ही टकराईं ने जाली मा नाही ग्यी ,तिनही गोलकीपर (गोल ने हमें ऊबो रेवा वालो ) कोली ने गोल वसाडवा नो कई मौखो नी मल्यो |"
let's take our time to figure out what we need to do next.,"अगाडी वाळां अगाड़ी जावा हमुनें हुं, करवुं से, हमुं आपड़ों टेम निकाळी दियीं।"
"we are working in a countrywide mission to make ease of living. at every level, i call upon the government to do these things.",इजी ऑफ़ लिविंग बणावा मा आखा देह मा हळमु मा हमु कामु करिर्या से । हंगळी परमाणे पर हुं सरका रू आडी इनी सीजुं नु तेहु करू से।
"when a handful of such despairing people carry a deformity in their bosom, it becomes a cause of destruction, a cause of apocalypse.","ऐवा मुठी भर निराशां मां डूबेलां मनख झेर तिनानां खोळा मां खराबी पळे से , तेर त्यों खत्म थावानू करण बणी जाए, सब खत्म थावा नू करण बणी जाएा"
"there is also a still from the film, showing apu's sister durga and mother sarbojaya getting her hair done, in an exhibition, the family of man, which was viewed by 9 million viewers.",फिल्म न एक रोकाई लू फोटो से जिनमा आपू नी बहन दुर्गा अने मा बदी जय उनके बाल बणावी री से एक ओ एम ए नी एक वताडी ने फैमिली ऑफ मेन ना वताडी ग्यो जिनमा 90 लाख देखवा वाला देखा था
"many of the photographs in this exhibition were taken with a mobile camera, and today anyone who has a mobile has become a content creator.",इनीं प्रदर्शनीं मां घणां फोटों ग्राफ मोलेसीमूरां थी लेदेली अन आज तिनां कनें मोल से त्यों एक हमंदयों बणी ग्यों से1
"i'll never back down in hard work, i'm never shy of courage, i'm never afraid to take on challenges, why?","हू मीनत मां वाहल नी री से, हू हिम्मत मां कदी घबराउ नी हू चुनौतियों थी केराक टकरावा वखत नी समकु ,किम।"
the vedas were composed and orally transmitted during this period.,इना समय मा वेदों नी बणावा आने मोखिक रूप हु फैलावा हारू करियु थू |
"if you know an interesting content creator, be sure to nominate them for the national creators award.",कदी तमुं हेवां पिक्सर अन मोबा.लैपटॉप उपर अन मसीण थी असल काम करवा वाळां नें जाणों से ते इलाम हारूं नाम मोकलवों।
"controversially, karpov, the defending champion, was given the opportunity to play in the deciding match directly three days after the conclusion of the three-week tournament.",झगड़ा ना बाद रूप मा पाछला चैंपियन कारपोव ने त्राण हयता ना रमवानु खतम ना त्राण दाहडा बाद थी खैर खर मैच मा रमवानो मौको आली दिदो।
"upon their arrival, a ritual takes place where the leading members of the bride and groom's household are introduced to each other.",हिन्दू अन मुसलमान बेहे दरबारों मा कथक जादा शैली बद्ध थाई ग्यो अन मजो करवा नो एक परिष्कृत रूप मानी जावा लाग्यो |
"after securing a loan from the west bengal government, ray finally completed the film, which was released in 1955 to critical acclaim.",पश्चिम बंगाल सरकार थी करजो लेवा बाद रे ने घणी फिलमों पूरी करी जिनाथी 1955 मा रिहा किसी दिदू अने विशेषकरो ने इनकी तारीफ की
hyder placed the zamorin under house arrest and tortured his finance minister.,हैदर ने जमोरिन ने गायब करी नाएयो अने रुपया पैसा न मंत्री ने घणो तड़पाओ।
"later, anoop also ventured into cinema with the help of ashok.",बाद मा अनूप ने पण अशोक नी मदद थे सिनेमा मा कदम राख्यो |
a huge hub has been created and today we are exporting mobile phones to the world. this is the strength of india.,"एक घणों मोटो केन्द्र बणी ग्यू से अने आज हमु मोबाईल फोन दनिया मां निर्यात करवा लाग्या से , ये भारत नी ताकत से।"
"the continuous effort to increase the acceptability of the corrupt has become a huge challenge for a healthy society, a matter of great concern.","रिश्वतखोरियों की आमी बढवा नो ज्यों लगातार कोसिस साली रीर से ते हादा सामाज हारू घणी मोटी आाफत बणी ग्यों से , घणी मोटी सिंता बणी गी से।"
"chand scored 8 times, roop singh 10, gurmit singh 5, and pinniger once.","चांद ये 8 वखत रूपसिंह ये 10 वखत ,गुरमीत सिंह ये 5 वखत अने पिन्निगर ये एक गोल करियो |"
"that building was quickly secured by police, who had ""reason to believe"" that the gunman had already left the building.",इना मोटा घेरने ने पोलिस से लरत हज़ा हरा करया | जिहू कन भरोहो करवा ना कारण हतो कि बन्दुक वाला पहल खु मोटू घेर सोड देब देलू |
cavities accommodate organs and other structures; cavities contain fluid as potential spaces.,आँखों नी पलक अने कई बनावट नी मिलावट करे से थावानी खाली जगह ना रूप मा आँखों मा अचल से |
"in june 1917, the british government arrested and interned besant.",अशोक ए खुद ना शिला लेख (भाटा पर लखेलो )घणो वस्तार से पण तीन मा तीना पूर्वजो (पुरखा ) नो कई वा त्दो नी से |
"multan was under the control of jalaluddin's son arkali, who harboured fugitives from delhi.",मुल्तान जलालुद्दीन न बेटा अरफली न काबू मा हतो जिनमा दल्ली थी नाठेला ने राखी ले देला।
"the areas he did not see, the villages he did not see.","तिहुनीइलाका आडी कईनोक भाळतो नकी हतो, तिहुना गामुने दी भाळता हता"
"and now within a few days... today, once again, the foundation stone and inauguration of development projects worth more than 80 thousand crore rupees has taken place from jharkhand.",अन हाव थोड़ाक दन ना अंदर आज फेर एक वारी झारखंड थी 80 हजार करोड़ रुपया थी वदारे लागत ना विकास मोटीओजनां नो भाटो गढयों अने उद्घाटन थायो से ।
india had recaptured about 70 percent of the territory.,भारत ने लगभग सत्तर प्रतिसत गजा पर फेर हु कब्जो कर लड़ो थो |
"in the fourth anglo-mysore war, a combined force of british east india company troops supported by the marathas and the nizam of hyderabad defeated tipu.",चौथा आंग्ल-मैसूर लड़ाई म मराठों अने हैदराबाद न निज़ाम नी हारे देवा हारु ब्रिटिश ईस्ट इंडिया कंपनी ने सैनिकों की एक मैको सेना ने टीपू ने हराय ददू।
"but still, i want to tell the countrymen, no matter how many challenges there are, it is in the nature of india to challenge the challenge.","पण फेर पण हू देशवासियों ने केवा मांगू से , परेशानियां केतरी पण किम नी होय पेरशानी ने परेशान करवू, यो हिन्दुस्तान नी आदत मा से।"
"india always wants our neighbouring countries to walk on the path of happiness and peace. peace is our commitment, our values.","भारत हमेशा साहे से के अमारां मेरी वाला देश सुख-शांन्ति नी वाटे साले ,शान्ति ने लेदे अमारा प्रति वदता से, अमारों असल वेवार से।"
"early translators interpreted justin's original phrase as ""bandit's squad,"" but according to raychaudhuri, the original phrase used by justin could mean mercenary, hunter, or robber.","शुरू ना अनुवादको नी जस्टिन नी खास लाईणयो नी व्याख्या डाकू ना दस्ता ,ना रूप मा करी पण राम चौधरी नी अनुसार जस्टिन दवरा उपयोग करेली खास लाइ णयो नो अर्थ भाड़ा ना सैनिक हिकारी केत लुटेरा होई सके |"
"he enrolled about 8,000 children of the musahar caste in the school and also built a large library for them.",तिहंये मसहु जाति नां करीब 8 हजार सौराओं नें ईस्कुल मां दाखिलों करायो।
"according to the dipavamsa and mahavamsa, this woman was devi, the daughter of a merchant.","अशोक ना वखत माँ पाटलिपुत्र घणा रस्ता थी उज्जैन थी जोड़ा यला हुता अने रास्ता मा ,अशोक ना दल ए रूपनाथ मा डे रो नाख्यो होई सके ,त्या तीनू शिला लेख (माता पर लखेलो ) मलियो से |"
"tendulkar started playing cricket at the age of eleven, made his test debut on 15 november 1989 against pakistan at the age of 16 in karachi, and represented mumbai domestically and india internationally for nearly twenty-four years.","तेंदुलकर ने ग्यारे वराह नी उम्र मा ददियो रमवा नू सरू करेलू ते ,कराची मा 16 होले वराह नो हतो तिनदा पाकिस्तान नी हमो 15 नवम्बर 1989 नो टेस मैच रंदा लाग्यो हतो अने मेरे चौबीस वरहू तक तड घेर ना रुपया बंबई अने पुरे देहो या भारत नो और सदस्य बणेला से |"
"he scored only 4 and 1 in the fourth test in madras, where india won the only match of the series.",तिनानी मद्रास मा रमवा वाळा सार टेस्ट मा केवल 4 अन 1 रन बणाया जां पर भारत नी श्रृंखला नी एकमात्र जीत हासिल थाय।
and so i can say today that our path of reforms remains in a way a blueprint of growth.,"अनें इनां हारूं हुँ आज, कुं से कि reforms नों हमारों रस्तो एक प्रकार थी growth नीं blue print बणेंली से।"
"citizens should get dignity of citizen, respect in the life of citizens, no one should ever have to say about delivery that it was my right that i did not get it.","मनखु ने डायग्निटी ऑफ सिटिजन,मनखुना जीवई मा इजतु मळे,डिलीवरी ना सम्बन्धु मा कदिक कईनाने यु केवा नी वात्यु नी आवे के यी ते मारा हक हतो के मने मल्यु नी"
kishore's third marriage was to yogeeta bali and lasted from 1976 to 4 august 1978.,किशोर नी तीसरा विवाह योगिता बाली ती थाई अने 1976 ती 4 अगस्त 1978 हुदी तीना हाथे रही।
some suggested that india should become self-sufficient in every sphere of life as soon as possible.,कईंना लोकुंईं आ रॉय आली भारत नें वेगो थी वेगो जिन्दगी नां हर ईलाका मां जीवेंकरवानुं बणावों जोवे।
"the sensitivity with which we are making decisions towards our transgender society, we are making new laws, we are trying to give them a life of dignity.","अमारा ट्रांसजेंडर समाजनाबारा मा जिहुने होसहमज ना हाते हामी बणावी रिया से, हमु नवा - नवा काईदा बणावीर्या से,तिहुने इजत बु जीवई आळवा हारू हमु कोशिशुकरिर्या से ।"
"today, the young man of 20-25 years, who was a young man of 12-15 years 10 years ago, has seen this change in front of his eyes.","आजे जी 20 -25 वरहु ना जुवानु से, जी 10 वरह पेलखां जेरा 12 -15 वरहनी उमर नो जुवान हतो, तिहुये आपड़ी आंखु ना हमें यु बदलाव देख्यु से"
"kalyani ji: yes sir, we did farming like traditional farming last year.","कल्यांणी जी: हॉं सर हमुये पासलां सालूं वळी धरूदन नी थावा वाळी खेती थी, खेती करीरयां से।"
it is a major source of drinking water for the people of mysore and bangalore.,यूँ मैसूर अने बेंगलोर मा लोगो हारू पीवा नू पाणी नो एक खास साधन से |
and we have also emphasized on the skill development required for this. and we have also set new models in skill development.,अने इना हारू जरूरी skill development उपर पण जोर दे दो सें अने skill development मां पण हमुये नवो मोडल तय करियों से ।
ashoka's own inscriptions are very detailed but make no mention of his ancestors.,एकज मनख ना रूप मा देवा नाम्म्पिया अने अशोक नी ओलखावा मस्की अने गुर्जरों शिला लेखो (भाटा पर लाखेला ) थी थावण थाय से जे राजा नी हारू आ बहु वातो ने बायरे से |
"now that we are going to celebrate 75 years of the constitution, it is very important for us countrymen to emphasize the sense of duty enshrined in the constitution",हाउ जेर अमु सविधान ना ७५ वरेह अमु बणावी रया से तेर सविधान मां बणावेला अधिकार ने भाव उपर जोर देवो घणू जरूरी से।
"madho singh later sought mediation from balaji rao, who himself came from jaipur and persuaded ishwari singh to hand over 4 palaces to madho singh.","माधो सिंह में वाहस फेर बालाजी राव ही मध्यस्थता नी मांग करी, ती खुद जयपुर ही आया अने ईश्वरी सिंह ने राजू कराया के ये माधो सिंह ने 4 बंगला होपी दे |"
"meanwhile, two of his juniors, harbaksh singh and moti sagar, were promoted to lieutenant general and appointed as corps commanders.",इना वचमा तिना से नाना मोती हरबख्श सिंह अने मोती सागर ने लेफ्टिनेंट जनरल ना रूप मा पद नी उन्नति (मोटो पद) करी गी। अने कोर कमांडर ना रूप मा नियुक्त करी दीदी।
"according to the 2nd-century historian appian, chandragupta entered into a marital alliance with the greek ruler seleucus i nicator, leading to speculation that chandragupta or his son bindusara married a greek princess.",जून १९७१ मा ब्रिटिश हरकार ए बेसेंट ने धरी ले दो अने नजर बंद कर देदो |
all of them were successful at the box office.,आ बदा बॉक्स ऑफिस मा आसु रहे।
it was constructed by damming the umiam river in the early 1960s.,इने बणायो 1960 ना भाल वा वाला ई . पेहल खु मा उमियम नदी पर पालो बणावविन कार्यो गयो हतो |
gps devices can also be used as mobility aids.,जी .पी .एस . खबर नो उपयोग अगल बदवा मा मदद ना रूप मा भी करी सके से |
"even today, our children are going out for medical education in our country. they are mostly from middle-class families.",आज पण अमारा देह मा मेडिकल एजुकेशन हारु अमारा सारां बाहरते जाइरियां से। वी वदारे थी वसमावाकां जातियु परिवारु ना से |
i am happy that lakhs of my street vendor brothers and sisters are today attaining new heights by associating with the bank and are becoming partners in the development.,"मनें खुशी से मारां रेहडी-पटरी वाळां लाखों भाई-बुहन आज बैंक नीं हातें जोड़ाईन आपड़ी नवीं ऊसाईंयों नें मेळवीं रियां से, अनें विकास नी दशा मां त्यो भागीदार बणीं रियों से।"
"manekshaw then asked his father to send him to london to study medicine, but his father refused on the grounds that as he was still young, he was already paying for the education of manekshaw's two elder brothers, who were studying engineering in london.","मानेकशा ने तब आपदे पिता /बाथी ई हुने चिकित्सक नी पड़ा ई करवा हरु लन्दन में मोगलवा हरु कडू लेकिन तिने बा /पिता ने इनी आधार पर मना करी देदी ,कितो अभी बच्चा /नानो से वयो पेहला थी ही मानेकशा के २ मोटो भाइयो नी पड़ा ई नो खर्चो उठाने रो से व्यो लंदन माँ इंजीयरिंग का पड़ा ई करो हतो |"
the significance of the holiday declined for a few centuries after this controversy.,इनमा लड़ाई ने कई पुरानी तक छुट्टी नो महत्व कम थई गो।
"nanasaheb had a shrewd brother, raghunathrao, whose ambitions to become the peshwa became disastrous for the maratha empire.",नाना साहब न एक शैतान भाई रघुनाथ राव हतो जिनकी बणावा नी हिम्मत राखे तेर मराठा न राज्य एक घणो नुकसान थाई ग्यो।
becoming familiar with a situation or route makes it much easier for a blind person to walk successfully.,कोई परेशानी अने वात थी जान पहचान थावा थी वगर आँख आदमी हारू आसानी आराम ने चालवा घणो सरल थाई जाहे से |
mostly tribal people live here and the region was under gond kings in ancient times.,वदार भील लोग ये रे से अने यो क्षेत्र जूना जमाना मा गोंड राजाओ ना उंडर मा हता |
"the country is committed to move ahead with a firm resolve by overcoming obstacles, obstacles, challenges.","मुशिकीले, रूकावटे आफते ,तिनान इरावीन एक काठा धारेला नो हाते यो देश सालावा हारू तियार से।"
our sympathies cannot be weakened by the fact that the national movement coincides with hitler's interests.,हमारा अबाल करीने इना काम ने ढीला नही करई से राष्ट्रिय आन्दोलन हिटलर न वसमा हितो हाथे मेल खाय से |
"patel was the first president and founder of ""edward memorial high school"" borsad, today known as jhaverbhai dajibhai patel high school.","पटेल ""एडवर्ड मेमोरियल हाई स्कूल (मोटा स्कूल बोरसद) मा"
"the greco-roman writer plutarch, in his biography of alexander, stated that the nanda king was so unpopular that had alexander tried, he could have easily conquered india.",ग्रीको -रोमन मा लिखनारो प्लूटार्क नी सिकंदर नी जीवनी मा के दू कि नंद राजो एतरो अलोकप्रिय हतो कि सिकंदरी कोशित करतो ते त्यों आराम वो भारत नी जीती सकतो |
he successfully withstood the mongol invasions of india.,इनाई भारत मा मंगोल झगड़ा मा असल तरीका थी इनानी हामे बजाया से।
"the confidence in our minds reaches new heights and this trust of fellow countrymen is not just an intellectual debate, this trust is derived from experience.","हमारा मन मां खुदभरोहो नवी ऊंचाईं पर पुगी जाय से अनें हातीयों देहवासियों नों यो भरोहो खाली कईंनों intellectual debate नीं होए से, यों भरोहा जाणकार थी नकळेलों से।"
"with the raga thus established, the song usually begins with the words.",राग ना इनी जोक एस्थापित थावा नी हाती गीत आम तौर ऊपर शबहो नी हाती सालू थाए से |
"he embarked on an ambitious plan of economic, social, and political reforms.",इनायी आपडी उन्नति हारू समाज ना हुदार हारू राजनेतिक हूदार हारू घणी काठी ओजना व णा वी सुरु करी |
"according to historian dr. dulari qureshi, tipu sultan was a ferocious warrior king and his moves were so swift that it seemed to the enemy that he was fighting on several fronts at the same time.",इतिहासकार डॉ दुलारी कुरेशी ना अनुसार टीपू सुल्तान एक घणो खराब राजा हुतो अने तिनी साल ऐतरी वदार हुती कि वैराने ऐव लागे कि त्या एक ही टीम पर घणा मोर्चा पर लडी रिया से।
"mann ki baat discusses the collective strength, achievements and contribution of the people of the country.",मन नीं वात देश नी भेळी ताकित से। मळवा नी अन जनता घणीं थी आलवानी वात्युं थाये से।
"during a bjp convention in mumbai in november 1995, bjp president advani announced that vajpayee would be the party's prime ministerial candidate in the upcoming elections.",नवंबर 1995 मा मुमई मा एक भाजपा सभा की वखत भाजपा अध्यक्ष आडवाणी ने वचन आल्यू कि आवा वाला अगला चुनाव मा वाजपेयी पार्टी ना प्रधानमंत्री पद हारू उम्मीदवार ओहे।
we express our reverence for every such great man.,ऐवो हर मोटाआदमी नों बदांहमुं आपड़ों मान राखियें से।
"to meet the expenses of the state, aurangzeb ordered an increase in land taxes, which weighed heavily on the hindu jats.","राज्य ना खर्चा ने पूरा करवा हारू औरंगजेब थी भुमिकरो (जमा) माँ वदारो वानो आदेश (हुक्म )आल्यो ,तिनो बोझो हिन्दू जाटो पर घणो वादार पड्यो |"
kalyani ji: women are actively participating in this direction so that they can keep their families safe in the future.,"कल्यांणी जी: बचरों जेहरी सेतण थाइन इनी दसा मां भाग ली रया से, अन भोविस मां आपड़ा परवार नें हकयां राखी से।"
"however, the incident was settled peacefully with a symbolic transfer of a stone to another location, one kilometre away from the disputed site.",फेम कि ऐ वी घटना नो वगडाईलो (विवादित जगा ) थी एक किलोमीटर सेटी एक बीजी जगा पर एक भा टा ने प्रतीकात्मक हस्तांतरण ने हेट साना -साना पूरा तरीका थी निपटा डी रीया से |
"the mughal army later won the battle of tukaroi in 1575, which led to the annexation of bengal and parts of bihar that were under daud khan.",मुग़ल साम्राज्य न जमीन रूप मा ऐ खलो उड़ीसा कर्रा नी राजवंश ना हाथ मा र ई ग्यो से |
"under vajpayee's leadership, the bjp moderated the hindu-nationalist outlook of the jana sangh, emphasising its association with the janata party and expressing support for gandhian socialism.",वाजपेयी ना नेतृत्व माँ भाजपा ने जनता पार्टी ने हाथे आपडासंबंध पर जोर आलता हर आने गांधीवादी समाज वाद हरु समर्थन व्यक्त करता पैक जनसंघ नी हिन्दू राष्ट्रीयवादी दृ ष्टिकोंण को संयत करियु |
then it seems that our direction is right.,तेरां लागतु से के अमारी दशा खरी से ।
"the musahar caste has been an extremely deprived and poor community, and bhim singh ji has focused on the education of the children of this community.",मुसहर एक जात ऐवी से जी घणीं पिसडेली अन गरीब से। अन हेवां समाज नी से। भीमसिंह जी ये इनां समाज नां लोकुं नी भणांई पर आपडों ध्यान दी दो।
anubai was married to venkatrao ghorpade of ichalkaranji and bhiubai was married to abaji naik joshi of baramati.,अनुबाई ना वेवा इचलकरजी ना वेंकट राव घोरपड़े थी थाया हता अने भिउ बाई ना विवा बारामती ना आकार नाइक जोशी ती थाया।
"pather panchali is a semi-autobiographical novel, which describes the growing up of apu, a small boy in a village in bengal.",पथेर पांस पांडव पंसाली एक आदि आत्मकथात्मक उपन्यास से जिनमा बंगाल ना गाँव मा एक नाना सोरा थी अपुना मोटा थवानी वात नो वर्णन करया |
the biggest benefit of this has reached those sections of society when rural roads have been built where no one used to look.,"तिहुनो घणो मोटो लाभ समाज ना तिहु जातियु हुदी हमु मोकळिये से जेरा गांमु मा सड़के वा वणी से, तिहुनी आडी कईनोक भाळतो नकी हतो"
"manekshaw thus joined the 2nd battalion, royal scots, stationed in lahore.",इनी प्रकार मानेकशा लाहौर माँ तैनाव रॉयल स्काट्स नी दूसरी बटालियन में शामिल /सम्मलित थाई ग्यो |
"if you set a direction, go step by step, shoulder to shoulder, no matter what the challenges are,","एक दशा नक्की करीन सालयीं से, हगलें-टगलें मळावींनें, खब्बा थी, खब्बो मळावीनें अन साली पड़यी से, तेर काहटियों केतरी बी होए।"
a still from the life of babur\,बाबर न जीवन नी एक स्थाई
"he sought the assistance of the turks and, to a greater extent, europeans, particularly the portuguese and italians, in procuring arms and artillery.",फिर त्या अने बैरम खान सिकंदर शाह थी निपटवा हारू पंजाब पासा आवी ग्यो से त्या फेर आगाड़ी थाई ग्यो से |
"the author of the inscription, pulakeshin's court poet ravikirtti, equates himself with the famous sanskrit poets bhasa and kalidasa.",भाटा नी ऊपर लख नारो पुलिकेशन नो घेर या रे नारो कवि रविकीर्ति खुद ने जाणियो मानियो संस्कृत कवि भास अने कालिदास नी बराबरी वताड़े से।
manekshaw was promoted to major general on 1 march 1959.,माने कशा ने 1 मार्च 1959 को मुख्य मेजर जनरल ना रूप माँ पदोन्नत /मोटा पद करो ग्यो से |
"shahu adopted the child and after his death in 1749, rajaram ii succeeded him as chhatrapati.",शाहू ने घोरा ने (गोद ) राख लेदो अने 1749 म तीनी मरवा नी बाद राजाराम दुबारा छत्रपति न रूप म उनका राज गद्दी पर बैठा गया।
he could not continue his excellent performance and scored only two half-centuries.,यु आपड़े घणो असल उत्कृष्ट प्रदर्शन कारवा हरु जाटी नथी राखी सके अने तीनायी केवल बै (अर्द्धशतक ) आधा -आधा ५०-५० रन बणावेला |
"the country which has so much youth power, the country which has this potential within it, we want to go ahead with great strength in industry 4.0 in the world of manufacturing as well.","जिना देश कन ऐवी जवानों नी ताकत होय,तिना देश मां यो बळ होय, हमु manufacturing नी दनियां मां पण industry 4.0 मां हमु घणी मोटी ताकत हाते अगल जावा मागिये ।"
now every district is thinking in the direction of how to export one product of one district to one product.,"हाव one district one product नें one distcit नों one product export कीकम थाई, इनीं दशा मां हर जिलां होसवा लाग्या से।"
"atta said iraqi security agencies had stopped a car with a bomb in masbah, central baghdad.",अत्तु ने किदू कि इराकी देख -भाल ना भाग दोड़ के मस्बाह माँ एके बम वाली जीप रोक दे हाथी |
"frat kele, a passenger on the plane, told a turkish television network that the man could be seen reading the koran during the flight.",हवाई जहाज माँ बैठो एक यात्री फ्रेट केले ने तुर्की नी एक टेलीवीजन नेट्वर्क ने बतायो कि उड़ान ने बाद तीना आदमी ने कुरान भण्यो हतो देखियो ग्यो|
"ai is being used to reduce human-tiger conflict in chandrapur, where cameras have been installed on the border of the village and forest.",चंन्द्रपुर मां नाहरूं अन मनखुं नी लड़ाई कम करवा हारूं एएल नां काम मां लिरियां से। जां गाम अनें डुगर मां केमरा लगाडया से।
desai felt that it would be unfair to kill a man who had escaped death in real life on screen.,देसाई नी महसूस करियू कि वास्तविक जीवन मा मरवाथी क्यना वाला आदगी जी पर्दे पर मार देवू अनुचित थाहे।
"under the jal jeevan mission, in such a short time, 12 crore new families are getting tap water under the jal jeevan mission.","जल जीवन मिशन थी, ऐतरां कम टेम मां नवां 12 करोड कुटुम नों जल जीवन मिशन थी नळ थी पाणीं पुगी रियों से।"
"chanakya was concerned about chandragupta's safety, and he developed multi-pronged techniques to prevent assassination attempts.",चाणक्य-चंद्रगुप्त नी (सुरक्षा रक्षा) की बारा मान्चितितस्ता उनी भारवानी की कोशित को रोया हारु तिनाये बहुभासिद्ध टेकनीले विकसित करी ।
"it is our social responsibility to reach out to those who are at the bottom of the society, if any one is left behind, it slows down our pace of progress.","समाज ना आखरी तबके ना जी मनखा से , यो अमारी समाज नी जिम्मेदारी से अगर कइनू वाहळ री जाए ते ये अमारी अगल बढवा नी गति कम करी दे ।"
former jan sangh president balraj madhok wrote a letter to the then rss chief rajendra singh seeking support.,जनसंघ ना पेलखा अध्यक्ष बलराम मधोक ने (तत्कालीन ) तरस इना समय मा आर .एस .एस नो खास राजेन्द्र सिंह नो तीनान मदद हारू ( समर्थन ) एक लेटर लिखू से |
"sunita devi: we have so far sprayed 35 acres with drones, farmers are finding it very beneficial.",सुनिता वी: हमुये हाऊ तलक 35 एकड मां ड्रोन थी स्प्रेकरी सकयां से। करषाणुं नें यो घणूं फायदा वाळूं लागी रयूं से।
"by combining the aspirations of our countrymen with their aspirations, the energy of our youth, the potential of our country, we are moving forward with a desire to move forward.","अमारा देहना रेहवासियु नी आहु तिन् हुना एस्पिरेशन, अमारा जुवानु नी ताकतु, अमारा देह ना बळवाळु कामु ना हाते जोडाईन, हमु अगळ बणेळा थाईळा से।"
"today, when the whole world wants to learn something from india about the successes of fintech, our pride increases.","देह गर्व करें से आज जेर fintech नीं सफलताओं नें लीन पुरों भारत कईं सीकवा हमजाड़वा जोवे से, तेर हमारा गर्व गढी जाये से।"
umabai personally met him in 1750 and argued that the agreement was invalid because the dabhades had signed it under duress.,उमा बाई ने खुद न रूप थी न तीना थी मुलाकात की अने वात वताडी हम जोतो नी मन्या हता केमकी दभादों न दबाव म इन पर शायन करियू।
"friends, new arrangements are being made in the country.","हात वाळों ., देहमा नवी वेवस्तायु बनी र्यी से"
vajpayee himself was reported to be unhappy with the announcement and responded by saying that the party needed to win the election first.,वाजपेयी खुद इना घोषणा थी नाखुश वताडयु गया हता अन तिनुही यु केहता जाइन जवाब देदो कि पार्टीयी पेहला चुनाव जीतवा नी जरूरत से।
rafi sang many songs in chris perry's konkani album golden hits with lorna cordeiro.,रफी मा केवू पेरी कोकणी एल्बम असल हाथ लिदो अने काडईरो मा कई गावानू गाया
"gas lighting was replaced by electric lighting; seating arrangements were improved; the inclusion of folk epics, sanskrit dramas, and fictional stories formed the modern thematic base.",गावा वाका एक था वदु गुट ली जाए से किम के आंगली जेवी नी ई घंटियों विभिन्न सुरों मा उपलब्ध थाए से इनी जोक विभिन्न स्वरमान मा गावा मा समर्थ बणावे से |
a battle ensued between vishnu and the demon and vishnu realized that a new weapon was needed to kill muran.,विष्णु अन दयेत ना वसमा एक लड़ाई थाई अन विष्णु भगवान नी इन एहसास थायो कि मुरन नी मरवा हारू एक नवा हथियार नी जरूरत से |
"think about the banking sector, how the banking sector did not grow, did not expand, did not gain confidence.","बैंकुं नां ईलाका मां ज्यों reform थायों, तमुं होसो- बैंकिग ईलाका नों हु हाल हतो, ना विकास हतो, विस्तार ओहे, नां भरोहो बढहें।"
"during these three weeks of mourning, he did not attend any public meetings and ate simple vegetarian food.",दुख नी इनी तीन हफ्तो नी दौरान तिनाये कोई सार्वजनिक मीटिंग मा भाग नथी लेदो अनी सादा शाकाहारी खावलू खादु ।
i couldn't prepare myself before every match in delhi because i didn't know who my opponent would be the next day.,हूं देहली मा हर मैच थी पेहलो खुद ने त्याग नही करी सकीयो केमकि मने नयी पतो हातो कि अगाडी ना दाहडा मारी बराबरी कौन थाहे बिजा मा बदली कर दिदु से।
"according to prithviraj vijaya, nagarjuna rebelled against prithviraj's authority and captured the fort of gudapura.",पृथ्वीराज विजय नेवले नागार्जुन पृथ्वीराज नी शासन न खिलाफ लड़ाई कारी करी अने गुडा पुरा न किला पर कब्जो करि नाएयो।
destroyed all those laws and made the provision of jailing him laws out of the system.,तिनु बदा काईदा ने मटाड दिदा अने तिहु ने काईदा ने जैळमोकळवा ना प्रावधानु ने वैवस्ता थी बाहरते करि दि दु से।
"empathy is our style of functioning. equanimity is also required and empathy is also required, that is what we are going with.","मारूमन अमारा कामु करवे नीकळा से । भेळ मनडु पण जोये अने मारी मन पण जोये, तिहुने लईने हमु सालीर्या से l"
it was only then that the maratha confederacy was defeated by ahmad shah durrani in the third battle of panipat and the mughals were restored to power in 1761.,तेरा पानीपत नी तीसरी लड़ाई मा अहमद शाह दुरानी ये मराठा संघ ने हरायो हेतो अने 1761 मा मुगलों नी सत्ता ने बहाल करया हेता।
"he returned to trinidad for the fifth test and scored 124 and 220 to help india win their first and, until 2006, only series over the west indies.",ती पांचवा टेस्ट हरु त्रिनिदाद नाही आया अने 124 अने 220 रन बणा वीन भारत ने वेस्ट इंडीज पर पेलखी अने एखलीस श्रृंखला जीतवा मा मदद करी |
"other popular waterfalls in kanyakumari district include ullakarvi falls, vattaparai falls, and kalikesam falls.",कन्याकुमारी जिले मा एक असल डुंगर पर उल्लावाही झरना वाट पाडे झरना अने काशी कसम भेला करीयो
"after many discussions and consultations, and frequent attacks by indian forces, khan decided to stop the war to save the lives of pakistani soldiers.","कई विचारो आने बातचीत / परामर्शो ने बाद भी आने भारतीय बालो हरु लगातार /लागे ला हमलो ना बाद ,खान ने पाकिस्तानी सेनाओ नी फन वसाड़ा हारू युद्ध /लड़ाई ने रोक्वो नो फैसलों ले दो |"
"according to abu fazl allami, maham was actually a kinswoman of the noble family of sultan of khorasan, husayn mirza.","अबू फजल अल्लामी ना बाद केवा बाद माहम खरा मा खोरा सां ना हुल्तान ,हुसैन मिर्जा ना कुली परिवार नी रिश्तेदारी माँ हती"
"the anger that he feels towards injustice towards his ability, ability, harms the progress of the nation.",तिनान आपडी काबिलियत ताकत ने प्रति जूल्म नो जो गुस्सों है त्यों राष्ट्र नी गति मां नूकसान करे से।
"friends, today, there is no sector in which the women power of the country has been left behind.","हाथिडां, आज ना दाहडें काई पण भग ऐवों नथ से जी कि जिनमां बयरों देह नी कईनी पण ताकित मां पसळ री ग्यों से।"
"i urge the political parties of the country to witness the tricolor from the red fort, urge the people who understand the constitution of the country.",हू लाल किले थी तिरंगा नी साक्षी मा देश ना राजनितिक दलों थी निवेदन करू देश ना सविधान ने हमझावाला मनखों थी आग्रह करू से।
"the total market capitalization of toyota and honda is about 1,32,92, 36,50,00, 000.00 rupees.",टोयोटा अने होडा ना कुल बाजार कमाया है एक तीन ब नो तीन ने छे पाच ने अडो अडो अडो अडो पैसा से
sultan alauddin's two sons sultan shihabu'd-din and sultan qutb-ud-din became kings in succession.,सुल्तान अलाउद्दीन बे सोरा शिहाबुद्दीन आने सुलतान कुतुबुदीन उत्तराधिकार मारा राजा बनिया |
patel also supported gandhi's controversial resistance in the wake of the chauri chaura incident.,पटेल ने सोरा सोरी ना झगडा ने ध्यान माँ राखीन गाँधी जी ई झगडा नो मुकबलो नो समर्थन कर यो |
"modi ji: sunita devi ji, namaskar to you.",मोदीजी: सुनिता देवी जीजी तमुंनें नमस्कार।
shivaji established an able and progressive civil rule with well-organised administrative organisation.,शिवाजी ने सही ढंग थी सरकार न संगठन नी हाते एक ठीक ठाक अने अगाडी जावा न मनखु शासन बणावी।
the police team was from the specialist territorial support group.,पोलिस कि पूरी एस्पेश सूची टेरिटो रियल सपोट समूह से हाथी |
"modi ji: sunita ji, on the first day when you went for training, what happened?","मोदीजी: सुनिता जी: पेहलखी वखतें तमुं टेलिंग सिकवा हारूं गेली, तैर हुं, हुं थायूं।"
"in the punjab region, his authority was limited to the areas east of the ravi river.",पंजाब न इलाका मा तीना न अधिकार रावी नदी न पहला न इलाका तक हतो।
"after ascending the throne, shah planned to annex the rajput kingdoms, which declared independence after aurangzeb's death.",राज करवा हारू कुर्सी पर सही ने उन बादशाह ने हिंदुओं राज्यों ने जोडवा नी योजना बणावी जिनमा औरंगज़ेब नी मरण नी पासु आजादी नी घोषणा करी ।
"the coalition of parties, including the bjs, came together to form the janata party, which won the 1977 general elections.",पार्टियों ना गठबंधन बीजे इस ने हाथे जनता पार्टी बणावा हरु एक हाथे आया | विनय उनीश सो सत्तर ना आम चनाव जीतियो |
"according to kumar's elder son, amit kumar, kumar did a lot of charity and free shows for jawans and cancer patients but he never talked about it.",कुमार ना मोटा सोरा (बेटा ) अमित कुमार नी ताही कुमार ने जवानो अने केंसर नी बेमारो हारू घणो बदो दान अने मोलत शो करयो केमके तिनाने इना बारा माँ कदी वात नी करी |
"an inherited condition called wilson's disease causes the body to retain copper, as it is not excreted by the liver into the bile.",विल्सन नी बीमारी नामक एक धन दौलत मा माली एस्थिति ने कारण शरीर मा तांबा बाणी रे से अने यो थैली ने जरीये बाहर नी थाई से |
"at this hearing, ambedkar advocated separate electorates and reservations for untouchables and other religious communities.",इनी हुणवाई मा अम्बेडकर यी अछूतों हारू अन धार्मिक मनखा ने लेदे अलग सु णा व करा वानी घोषणा करी अन फेर तिनानी तिना हक़ मा सूरा आलवानी वात करी |
"however, narayan's health did not improve and he did not start writing novels.",परन्तु बाद मा नारायण नी बेमारी मा हुदार नी आया अन फेर ति नई उपन्यास भी लिखवा शुरू नी करया |
"so that the ideas that the youth of our country have, we can put those ideas on the ground.","तिनाथी अमारा देह ना तुवालु ना मेरे जी आइडिया से, तिहुआइडिया ने हमु जमी मा उतारी सकिये ।"
"realising that his recalled bihar forces would not reach agra in time to resist the advancing advance of the more determined aurangzeb, dara set about forging alliances, but found that aurangzeb had already sought the support of potential candidates.","ये महसूस करवा थाय कि तिनान पासा बोलाडी गई बिहार नी सेनाएं अन वदारे काठा थाय ग्या औरंगजेब नी आगे वदता ना विरोध करवा हारू समय पर आगरा नी पहुंचेंगी, दारा कई तरह थी गठबंधन बणावा मा जुट गया, पण तिनायी मळु कि औरंगजेब ने पहला ही संभावित उम्मीदवारों समर्थन मांगी लेदो हतो।"
"when chanakya was born, jain monks predicted that chanakya would one day grow up to help someone become an emperor and that he would be the real power behind the king.",तब चाणक्य नो जन्म थायो त्यो जैन (वानिया ) भिक्षा मागवा वाला नी भविष्यवाणी बोली करी हती थी कि चाणक्य एक दन मा मोटा थाई कोईने राजा बणावा मा मदद करहे अने राजा ना पसाड़ी हासी ताकत त्या होगा।
"india hosted the g20, held in several cities in india.",भारज यी जी-20 ने ऑर्गेनाइज करयू हिन्दुस्तान ना कई सहरों मां आर्गेनाईज करयु।
"he scored 120 in the fifth test in delhi, his fourth century in that series, and became the first indian to pass 4000 test runs.",तिनाहे दिल्ली मा पांचवे टेस्ट मा 120 (एक हो बी ) रण बणावीन तिनी श्रृंखला मा चारमो शतक लगाडयो अने 4000 टेस्ट रन पार करवा वाला पेलखा भारतीय बणया |
two roadside bombs in the arabi market killed 10 people and wounded 69.,अरबी हाट माँ रोड ने किनार हुवे बे बम फुटिया एमा दाह लोगा कि मौत थाई गई ऐवु साठ ने नौ घायल हो गये |
prithviraj's predecessors had faced several invasions by a muslim dynasty that had occupied the northwestern regions of the indian subcontinent by the 12th century.,पृथ्वीराज ना पूर्ववर्तियो -ने ऐवा तरकढा राजा नो कुल द्वारा करियु गयू घणु हमलों नो सामनो करवो पडियो हतो तिहुने 12वी शताब्दी तक भारतीय उपमहाद्वीप ना उत्तर-पश्चिमी क्षेत्रो पर कब्जो कर लिदो।
"he was later posted to the 4th battalion, 12th frontier force regiment in burma.",बाद माँ एहू ने बर्मा में १२ वी फ्रंटियर फ़ोर्स रेजिमेंट नी चौथी बटालियन माँ तैनात करायो ग्यो |
"in northern india, jahangir's forces under khurram's command defeated their other principal adversary, the raja of kangra, in 1615; his victories in the deccan further consolidated the empire.","उत्तरी भारत मा खुर्रम नी कमान मा जहांगीर नी सेना ने आपडा बिजा मोटा विरोधी , कांगडा नारा राजा ने 1615 मा हरावी दिदो दक्कन मा तिहुनी जीत मा राज पाट ने असली कर दिदु।"
gandhiji believed that india could develop only if the tribal society developed rapidly. i am satisfied that today our government is paying the highest attention to tribal upliftment.,गांधी जी यें मान्युं हतु कि जनजातियु समाजु खाली तेर स हदारी सके से । मने संतोष से के आज हमारी सरकार आदिवासी उथराई मा बदार थी ऊंसाई करीर्यी से ।
"before a formal'no case to answer'could be declared, the sino-indian war broke out and manekshaw was unable to attend due to the court proceedings.",ओपचारिक रूप थे जवाब देवा हरु कई मामलों नी घोषित करो जावा थे पहलों ही भारत चीन युद्ध /लड़ाई चिद थारू थाई गी आने अदालत /नी कार्यवाही नी कारन माने कशा इनमा भाग नी ली सके |
"he left an extensive kingdom in inheritance to his eldest son tipu sultan, which extended up to the krishna river in the north, the eastern ghats in the east, and the arabian sea in the west.",तीना ने आपडी बदा थी मोटो बेटा टीपू सुल्तान नीवाले राज्य में एक फैलाडे लो राज्य ने छोड़ो जैद उतर म कृष्णा नदी पहला थी उगमणी घाट अने बुडमणो मा अरब सागर तक फलाई लो हतो।
"on 31 december 1874, dayanand arrived in rajkot, gujarat, at the invitation of hargovind das dvarkadas, the secretary of the local prarthana samaj.",स्थान मां प्रार्थना लोग सचिव हरगोविंद दवारकादास जो बोला या आने 30 ने एक को मन एक अनेक आठ हाथ चल नो दयानंद गुजरात आने राजकोट पूगगयो
the charter act 1833 replaced the governor-general and council of fort william with the governor-general and council of india.,चार्टर एक्ट 1833 नो सरकार जनरल अने काउन्सिल ऑफ फोर्ट विलियम नी सरकार जनरल अने काउन्सिल ऑफ भारत थी बादल दे |
"with jayaprakash narayan as its spiritual guide, the janata alliance claimed that the election was the last chance for india to choose between ""democracy and dictatorship.""","नी हाथे जनता गटबंधन (गाठे जोडीन ) दावो कि दो के सुनाव भारत हारू ""लोकतंत्र और ताना शाही "" ना बस सुणवा नो आखरी मुकौ से |"
at least one officer is reported to have been involved in the brewing.,अधिकारियों बदले बे कोई बम से पोलिस निश्नो बनायो गयो इमा तान घायल होया |
"today, hundreds of start-ups are coming up in the space sector.",आजे सेकडु स्टार्ट अप्स स्पेस ना सेंटर मा आवीर्या से।
"if he is glorified, then the one who does not do corruption today also feels that it becomes a color of prestige in society, it is not bad to go on that path.","अगर तिनी वाहवाही थो ते जो आज रिश्वत नी लेतो ओहे तिन पण लागहे के यो ते समाज मा मान नो रंग बणी जाहे , तिनी वाटे जावा मां बुराई नी मले।"
"simultaneously, the maratha empire began to transform into a confederacy, with individual chiefs such as the holkars, the scindias, and the bhonsles of the nagpur empire becoming more powerful.",हाथे ही मराठा साम्राज्य एक संघ मा बदलवा लागिया जिनमा होलकर सिंधिया अने नागपुर साम्राज्य ना भोसले जेवा मनखू खास वदार ताकतवर थाई गया है।
"this eased tensions not only in the two countries, but also in south asia and the rest of the world arising from the 1998 nuclear tests.",एना न केवल बे देहो माँ ही नही पण दक्षिण एशिया आने बीजा दुनिया माँ उनीश सौ अड़ा नावेव माँ परमाणु परिक्षण हु८ पैदा तनाव ने भी कम करियु |
"in search of riches, he moved to sherpur in east bengal.",धन इक्ट्ठा करवा हारु जो उगमणी बंगाल म शेरफर नाही ग्यो ।
al-qaeda is currently holding seven french nationals hostage in the sahel and there is no confirmation that they have been killed.,अलमा फायदा ना आज नो साहेलो मा हाथ अंग्रेज नो बंधन बणायो अन इनो वात मा इने मार दे दो से
"reports say the suicide bomber, who was in a military uniform, boarded the bus and blew himself up, splitting it into two pieces.",रिपोट मा किदू कि खुद घात हमलो जेवु एक जवान वर्दी माँ था मोटर माँ छड़ी गयो ऐवु इने बे दुकड़ा मा बाटी ने खुद उड़ी लियो गयो |
"global institutions have increased their trust in india. i am confident that india's direction is right, india's pace is fast and india's dreams have potential.","ग्लोबल संस्थानु नो भारत थी भरोहो वदियो से । मने भरोहो से भारत नी दशा खरी से, भारत नी साळ घणी वदारे से अने भारत ना हपना मा बळवाळा कामु से।"
and we have worked to get rid of the concerns of global warming so that india becomes self-sufficient in the energy sector.,"अनें भारतईं ऊर्जां नां ईलाका मां जीवेंकरवानुं बणांवा हारूं global warming नीं चिंताओं थी, सुटो थावा हारूं हमुंईं काम करियुं से।"
i once again heartily appreciate this spirit of our nari-shakti.,"हुं, एक वारी फेर थी भारत नी बयरों नी ताकतियों नी भावनां नें मांरा दिल थी जोहार से।"
the pressure from the senior women increased so much that they could not be resisted for a long time.,पुरानी बयरोना दबाव शतरे बढी गयो कि लाम्बा समय तक तिना विरोध नी करी जाई सके ।
india's golden period is 2047. developed india is waiting for us.,भारत नो सुनहरा समय से २०४७ विकसित भारत यो अमारी वाट जोवी रयो से ।
lakhs and crores of rupees of middle-class families should be spent on sending their children to study abroad.,वसमावाळु परिवारन ना लाखों करोड़ों रुपया सोरां ने परदेह भणवा हारू मोकळवा मा खरस थाई जाये ।
"however, a year later daud khan rebelled and attempted to regain bengal.",टी हुई १५८१ ता फतेहपुर सीकरी ने एक सैन्य लड़ाई पर नथी सोड्या तहरे मिर्जा मुहम्मद हाकिम न पंजाब पर फेर यो हमलो दंगो करी दिदो से |
"his father was balaji vishwanath, the peshwa of chhatrapati shahu i, and his mother was radhabai barve.",इहुना पिता जी विश्वनाथ छत्रपति शाहू पेहला मोटा हता अने इहुना माताजी राधाबाई बर्वे हुती।
anarchy takes its course and the country suffers such a huge loss that we have to work hard to make up for it.,"anarchy नो रास्तों ली ले से अने तेर देश ने एतरां नुकसान थई जाए, जिन पुरों करवा मां नवा तरीका ही मीनत करवी पडहे ।"
"such people will be found in every part of india, and a large number of them are people who are working in the field of language.","ऐवां लोकुं भारत नां बिजा भाग मां मळी जाहीं, अन तिहुंयें थी मोटो ऑकड़ा से की ती आपडी भाषा उपर काम करी रियां से।"
the congress asked the people of india to celebrate 26 january as independence day.,कांग्रेस से भारत ना मनखा थी के दू कि 26 जनवरी ना दन आजादी ना दन ना रूप मा ख़ुशी मनाड वा के दू से |
the coalition parties were later merged to form the janata party under the guidance of gandhian leader jayaprakash narayan.,बाद मा जोड़ीं न दलों (झुण्ड )नो मेल करीन गांधीवादी नेता जय प्रकाश नारायण ना देख -रेख मा जनता पारटी नो गठो जोड़ियों |
"and i hope you all also come there, i will get a chance to talk a lot there.","अन आह करूं हुं, तमुं बदां बी जरूय वां आवों, तां घणीं हुदी वात करवां मां मनें मौखों मळहें।"
"salil chowdhury also recorded several songs such as ""koi hota jisko apna"" from the film mere apne and ""guzar jaaye din din"" for the film annadata.",सलिल चौधरी ने पण घणा गीत रिकॉर्ड करया जेवा कोई थाया जिनमा आपडू फिलम मारू आपडू से अने गुजरी गया दन दन ।
"assure good governance, assure them of law and order situation. let every state come forward in a healthy competition.",असल सरकार नु केवू । कानून अनी आदेश दशा हारू निनान भरोहे आलों । सब राज्य एक ताजा मुकाबला मां अगल आवे।
"and so the world should not be worried, as india moves forward, i assure the world community that you understand india's values.","एतरे दनिया फिकर नी करे, भारत ने अगल बढवा थी हू दनिया ना मनखान भरोहो देवाडू के तमु भारत ना संस्कार ने हमजो।"
"such laws can have no place in modern society and therefore, i would say, now the need of the hour is, now there should be a secular civil code in the country, we have spent 75 years in the communal civil code.","एवा कानून नों आज ना समाज मों कई जगां नी थई सके । ऐतरे हारू हू कू से हाउ टेम नी मांग से , हाउ देश मां एक secular civil code होवे हमुये communal civil code मां ७५ बरहा निकालया से।"
you can't compare his match with kamsky in april to the match we played here.,तमु अप्रेल माँ कामस्की नी हते तीना मैच नी तुलना तीना मैच थी नी करी सको त्या आ पुथी आँ रमला हता |
tipu sultan's fleet consisted of 11 commanders in the service of mir yam.,टीपू सुल्तान नी पाणीनी सैना नी व्यवस्था मंडल मा मीरयाम नी सेवा मा मोटा कमांडर भेला हुता।
"in the west, chandragupta's rule over present-day gujarat is attested by ashoka's inscription at junagadh.",बुडमणी दशा मा हमनी गुजरात ऊपर चन्द्रगुप्त ना शासन मा जूनागढ़ मा अशोक ना शिला लेख थी मले से |
this special day is an occasion to salute the contribution of nari-shakti in the development journey of the country.,यो खास दन देह नी वदारवा नी जात्रा मां बयरों नी ताक ने जौहारवा नो टेम से।
now we have decided to give rs 10 lakh to rs 20 lakh to the self-help group.,हाऊं हमुने सेल्फ हेल्प ग्रुप ने 10 लाख रुपिया थी 20 लाख रुपिया आलवा नी हामी करि से ।
nehru was a prominent leader of the indian nationalist movement in the 1930s and 1940s.,उनीस सौ तीन ने अने उन्नीस सौ चालीस ना दसको मा भारतीय राष्ट्रीय वादी लड़ाई ना प्रमुख नेता था
cctv cameras have been installed at the places where the exam question papers are printed and metal detectors have been installed in more than 2000 exam centres.,इना जगह पर केमरा लगी गयी अने परीक्षा ना कागदा छापतेला अने बे हजार ही घणा अधिक परीक्षा मा बैठावा नो घोटो बणाया
gaekwad then changed course and started marching towards satara.,इना बाद गायकवाड़ नी वाट बदली अने सतारा नी और बढ़वा लागे
"such a long period of slavery, oppressive rulers, unparalleled tortures, every trick to break the trust of ordinary human beings,","गुलामी नों ऐतरों मोटा टैम मां जुल्मी शासक, घणीजबर विनतीयां, हुदी थी हुदी से हुदी मनखुं नां भरोहें तोड़वा नी हर अंदाजों,"
"sunita devi: i want thousands of sisters to come forward and become drone didis like me, which will make me very happy.","सुनिता देवी : हुं साहं से कि हजार बुहनियों अगळ आवे अन म्हारां जेवी ड्रोन जीजी बणें, जिनथी घणीं खुसी थाय।"
"sunita devi: sir, we were trained at iffco company in phulpur, allahabad.",सुनिता जीजी:सर हमारी सिकण इलाहाबाद ना फुलपुर मां ईफक्को कपनी मां थाई हती।
"hyder ali, who was illiterate, is said to have been blessed with a prodigious memory and numerical prowess.",केदुकी हैदर अली मे ज्यों वगर भणेलो हतो से घणी वदु आद अने संख्यात्मक असल काम करवाणु वाहवाही थाई से
"and as i looked at these suggestions, my heart was rejoicing, what they wrote, some people said, suggested us to create a skill capital of the world.","अनें मैं जेर इनीं रॉय नें देखी हती, मांरों मन परसन थातेलों, तिन्हुयीं हुं लिखेलुं, कईंनां लोकुंईं दनियां नों स्किल कैपिटल बणांवा नीं रॉय हमांरी हामें मेली।"
"today, many big companies of the world want to invest in india.",आज विश्व नी घणी मोटा कारखना भारत मां निवेश करवा मांगे ।
"nur jahan married her daughter to shahryar, jahangir's youngest son by his concubine, with the intention of having a living male heir to the throne after jahangir's death.",नूरजहां ने आपडी पोरी ना विवा जहांगीर नी बिजी ओरत थी पैदा इहुना संबंधी नाना पोरिया शहर यार थी इना इरादा थी करियू कि जहांगीर ना मरवाने बाद सिंहासन पर अधिकार करवा हारू कई जीवता मनकु वारिस रे से।
it is a festival to remember his virtues.,तिन्हुंनें पुण्य हमकवानों यों तिहवार से।
"thousands of east pakistanis were killed, and about 10 million refugees fled to west bengal, a neighbouring indian state.",हजारों पूर्वी पाकिस्तान मारी नाख्या ग्या अने अदाज ती एक करोड़ नाहवा वाला पश्चिमी बंगाल एक पड़ोस वाला भारत राज्य मा नाही ग्या।
"and as always, the challenge this time around is what themes to include in the episode.","अन दरदन नी तरें, इना वखत पण ई तस्किलियों से कि एपिसोड मां कइना-कइना मामलाओं ने भेळां करया जाई।"
"for the common man, do two reforms, not saying much my friends.","मनखु हारु, बेरिफॉर्म करिये, वदारे नी की यो मारा हतवाळो साथियों।"
ray helped him find shooting locations in the countryside.,रे ने उने गांव न इलाका म शूटिंग न स्थान जोवा नी मदद करी।
"if the commitment to die for the country can lead to freedom, the commitment to live for the country can also lead to a prosperous india.","अगर देह हारूं मरवां नों वसन सुटकारों अलाड़ी सकयीं से, तें देह हारूं जीवा नों वसन समृद्ध भारत बी बणांवी सकयीं से।"
"they also captured the nearby chakan fort, and besieged it for a month and a half before breaching the walls.",तिहुना मेरे ना चाकन किला पर भी कब्जौ करी लियो अने भीतेडा ने पार करवाने इने मईना तक घेरी में राखियों।
"during his practice in the bombay high court, he endeavoured to promote education and upliftment of untouchables.",बंबई मोटी अदालत मा वकालत करवा नी वखते तिनोहे अछूतों नी भणतर ने बढावा देवा अने तिनाना विकास करवा नी कोशिश करी |
changes in the mindset of the society also sometimes become a cause of great challenge.,समाज नी बणावा मां पण बदलाव करवू केरा-केरा घणू मोटी आफत नू कारण बणी जाए से।
"alauddin's administration meted out brutal punishments to the families of the mutineers in delhi, including the murder of their children in front of their mothers.",अलाउद्दीन ना प्रशासन ना दल्ली मा बजावाला ना घेरवाला ने घणी मोटी सजा आली जिनामा आया हगुणे हामे इनामी चोरा चोरियों ने मारी नाख्या से।
