English,Garo
"After about one month's treatment, you can see the remarkable treatment effect.",Adita jarangna sana bananiko dakani ja∙man na∙a sana bananio nambataniko nikna man∙gen.
Do you not understand the concept of this article?,Na∙a ia seani miksonganiko u∙ijama?
Keep your other source of income.,Nang﮲ni gipin man﮲ani cholrangko rakkibo.
"No, you're talking about something else.","inghing, na﮲a mainiba giminsa aganengachim"
It occurs when the Earth's axis achieves its greatest tilt toward the sun.,A.gilsak jensalo antangni ramako reon salni sepangona chubatgipa gadango sokon ia ongrongbata.
After about two minutes he gets off the phone.,Minit gnirangni ja∙mano ua ku∙bilbat ka∙ako dontonga.
Keep your hands slightly wider than the shoulders.,Nang jakrangko ontisa pakreng na bate bawange donbo.
Keep your concentration between your eyebrows.,Nangni ra.chimongako nangni mikkron ni gisepgrikon donaibo.
Keep your hands safe for 10 hours.,Kanta chikungna nang jakko simsake donbo.
After about an hour the two men went back to the house.,Baditaba kantani ja∙man sakgni manderang nokchi re∙angpilaha.
Keep your wine production and men's choral singing.,nang﮲ni chu song﮲aniko ripinge me﮲asarangni an﮲seng mesaaniko rakkibo.
Keep your phone away from your body.,Nang﮲ni phone-ko nang﮲ni be﮲enoni chel﮲e donbo.
Keep your domain name as short and simple as possible.,Nangni tarigipa bimingko kandike aro altue tarie donbo
Keep your foot and ankle raised above the level of your heart while you sit or lie down.,Asongo ba gangrange dongo ja.rako de.doe donbo.
"No, you will not get the same results.","Inghing, na﮲a apsan result-ko man﮲jawa."
Feel free to leave your own experiences in the comments.,Maming ra∙rikani grian nang∙ni cha∙tote nikgiminko aganbo.
Keep your straight back as straight as possible.,Nang﮲ni kang﮲kareko man﮲a dipet srongate donbo.
Keep your mind focused on the mantra and focused on the feeling of the thumb touching the mala bead.,Na﮲a mantrana aro ripok rongprakko jaksi bimachi rim﮲roke dingtangmancha gisikko on﮲bo.
How it is useful in the future?,Mikkangchi sokbaengipa salrangna maidake namgniko rabagen?
Feeling of anxiety at night and insomnia (in elderly patients).,Walo namen bilgrie nikenga aro tusina man∙ja gita nikenga (Mongsongbate dal∙gimin be∙en an∙senggija donggiparango).
Feel free to download and or print it if you wish.,Maming ra∙rikani grian download ka∙bo aro na∙a namnikode iako chapa ka∙bo.
It occurs when the body produces uric acid that forms crystals in the joints.,"Jensalo beeno galna nanggipa chirang tope, bitchil dakgiparang grengni jatchi rango ongata unon ia saa ongbata."
Both teams at the beginning of the match,Dolgnian kal∙susaani a∙bachenggipaon ong∙enga
"No, you will not wait for more mercy.","INghing, na﮲a bang﮲bea ka﮲sachakanina sengnabe"
"Feeling tired can have many causes, and vitamin D deficiency may be one of them.",Neng∙a gita daka bang∙a neng∙nikanirangko on∙gen aro uarangoni vitamin D deficiency mingsa ong∙naba donga.
"After about an hour, a doctor finally saw me.",Baditaba kantani ja∙mano Doctor angko bon∙kame nikgrikaha.
Keep your license and registration in your car at all times.,Nang﮲ni licence aro Registrationko pangnan nang﮲ni gario donbo.
Keep your eyes open to the world,Nangni mikronrangko a.sakna kulie donbo.
Both teams have struggled in the competition so far.,Dolgnian susaanio namen jotton ka∙aha
"No, you cannot change your test centre.","Inghing, Na﮲anang﮲ni test centre-ko dingtangatna man﮲jawa"
Feel free to utilize the content of this app from your home or while traveling in different places of the world.,Nang·ni nokoni ba a·gilsakni dingtang dingtang biaprango songremitingengon ja·jaman·gijaan ia app-oni content-ko jakkalbo.
"No, you do not meet the eligibility criteria.","Inghing, iako man﮲na gita na﮲akragipa ong﮲kujaenga"
Keep yourself motivated until you get the desired result.,Na﮲a an﮲tangni namnikako man﮲kujana dipet an﮲tang ko didikubo.
Both teams are in the Final for the first time.,Dolgnian Bon∙kamgipa kalsu∙saniona doaha
Connect the HDMI cable to the receiver and to the TV.,Receiver aro TV-ona HDMI cable-ko nangdimatbo.
Feel good again in your body.,Nang·ni be·eno changsatai name nika.
"Feeling of fullness, even after a light meal",Babg∙gija miko cha∙oba okkprete nikenga.
How it could be effective in india.,India a.songna iara maidake namgni onggen?
How is the teacher's behavior towards the student?,Skigipani bisarangna bewal mesokaniara mai rokom?
Connect the resistors in a cross-coupled manner directly to the leads of the transistors as per the circuit diagram.,Circuit diagram-o mesokgimin gita resistorko chang dake transistor-o tekbo
How it could help in this case?,Ia obostaro maidake iara dakchakani onggen?
Feels like we are a big family.,An∙ching dal∙begipa nokdang gita dake chanchia.
Keep your eyes open for future,Nangni mikronrangko rebae.enggipa salrangna name tarie donbo.
Both teams also have players who have been around for some time.,Dolgnion kal∙giparang donga jemangan ianon adita somoirangna dongachim
Keep your feet as dry as possible.,Nangni ja.chokrangko manna dipet rane rakkibo.
Feeling sad most of the time or nearly every day.,Bangbata somoion aro salantian ong∙na sipile duk man∙a.
"Connect the free end of the middle tube with the outlet tubing, i.e., polyethylene tubing with I.D. = 0.86 mm and ~20 mm in length.",Tubeni jatchini bon∙kamgipa bakko tubeni a∙palo tekbo jedake polyethylene tubing-ko I.D. = 0.86 mm baksa aro ro∙ani ~20 mm baksa.
Both teams have struggled to score in league play this season.,Dolgnian neng∙e dikesa ia changni league-ko kal∙aha
Feelings are not positive or negative.,Chanchianide ong∙a ba ong∙gijani dongja .
"Keep your physical-energy level high, so that you can work hard and complete some important work as soon as possible.",Na﮲a an﮲tangni be﮲en bimangko bilake rakkibo jedakode na﮲a rake kam ka﮲na man﮲gen aro nangchongmotgipa kamrangko man﮲a ta﮲rakbate matchotatna man﮲gen.
After acceptance of resignations they have to decide whether to join BJP or not.,Kam wataniko ra∙chakani ja∙man BJP-ona bakrimgenma bakrimjawa uamang chanchina nanga.
"Feel free to use store-bought versions, too - there are lots of brands of tahini out there for you to choose from.","Ja·jaman·gijaan store-o tarigiminko jakalbo, aroba - tahini-ni bang·a rokomrang nang·na basena donga."
"No, you do not need to dial a special number.","Ihing, Na﮲a dingtangmancha number-ko sikdepatna nangjawa"
"Connect new data to information that you have well remembered, whether it is a new material that builds on previous knowledge or something as simple as the address of those who live on the street where you already know someone.","Gital data na∙a jekon namedake gisik ra∙a u∙iatanirangna tekbo, batanggimin u∙ianirangna tarigipa gital bosturang ong∙janaba ba maiba altuagipa saniba ramarango donggiparangna agangimin ong∙naba donga jean saoba nang∙ni skango name dake u∙igimin ong∙a"
How is the scope of B.Sc in computer science course?,B.sco computer scienceko skie ra.ani ramara mai rokom?
Keep your phone charged up to 50%.,Nang﮲ni phone-ko 50% ona charge ka﮲e donbo.
Keep your mouth and nose covered while going out.,A﮲palona ong﮲katengon Nang﮲ni ku﮲sik aro gingtingko rim﮲tipbo.
Keep your education and certifications up-to-date,Nangni bidani lekkarangko aro se.e onggipa lekkarangko name tiktak onge tarie donbo.
How it looks to other countries,A.song gipin na iara maidake nika?
"After about two and a half hours of debate in the court of CBI Judge Dr. Sushil Kumar Garg, the accused were convicted.","CBI Judge Dr. Sushil Kumar Garg-ni kachario konta gni adhamangna jera ra∙grikani ja∙man, dos dakgipako dosi potaha."
Keep your phone away from yourself when you sleep.,Tusimitingo na﮲a phoneko an﮲tangoni chel﮲e rakkibo.
How it is done and on what basis?,Maidake iakora daka aro mai cholchi?
"After achieving the ideal weight, it is important to maintain adequate nutrition and not return to old habits.",An∙tangni nangnikani gita jrianiko komiatani ja∙man‚ an∙tangni salantio cha∙ani ringanirangko name rakkina gita nangchongmota aro gitcham dakbewalona re∙angpilna nangja.
Keep yourself hydrated during the day.,Na﮲a an﮲tangni be﮲enko ran﮲angija salgimik chi gnang rakkibo.
Feel free to share some of your best edits in the comment section.,Nang·ni nambatgipa taridapgiminrangoniko comment section-o parakbo.
India is home to 11% of the total global urban population.,Indiani chisa percentde jilla o donggipa nokrang ong.a
"No, you should not share your Rudraksha with anyone else, since the Rudraksha adapts to the person wearing it.","inghing, Na﮲a nang﮲ni Rudrakshako gipinrang baksa on﮲griknabe, maina Rudraksha uko gangipa mande baksa nangrimani donga"
"Keep your skin clean, but don't over do it.",Nang﮲ni bigilko rongtalatbo indiba nangana bate dakna nangja.
"After about four months, the baby sleep cycle changes and they can be hard to wake for your 'schedule', and won't take enough milk to count as a real 'feed' even if they do.",Jabrirangni ja∙mano bi∙sani tusirongani bewal dingtanga aro nang.ni somoi dona gita uamang mikgrakna man∙jawa aro uamangna dutko on∙genchimoba a∙sol cha∙aniko on∙ani gitade ong∙jawa.
Connect the circuit as shown in the following diagram:,Ka∙mao meoskgimin Diagram-o pangchake circuit-ko tekbo mesokgimino pangchake
"Feeling better takes a lot of time, but you can get there by taking positive choices for yourself.","Somoirangko, indiba na∙a uanona sokna an∙tangna kimkimgipa baseaniko basebo ru∙ute jakkalani ja∙mano nambate nikenga."
How is your Love life going to be in December 2018.,Decembero nangni janggi tanganio mai onggen?
It occurs when the heart muscle doesn't get as much blood as it needs.,Ia katongona chu.ongagita anchirang sokjaon ia ongrongbata.
"After abrogation of Article 370, development in Jammu & Kashmir has been one of the top priorities of the government.",Article 370-ko ra∙galani ja∙man Jammu aro Kashmir-o namroroani kam sorkarini skanggipa dakna nangchenggiparangoni minsa ong∙a.
Both teams came onto the field with desire to win the trophy.,Dolgnian kalchakramona Trophy-ko chegipa ong∙na miksonge re∙baaha
Keep your eyes closed and focus on your internal world.,Nangni mikrongko mikchipe ming antangni nangarangna nipilna nanga.
One of these days we must sit down,Iasalrang o salsa an﮲ching damsan asongna
Keeping Children Away from the Limelight,Bi﮲sarangko niksengaoni chel﮲e donenga.
Connect is an international conference and exhibition on information & communication technology (ICT).,Ia connect-ara international conference aro exhibition on information & communication technology (ICT) ong∙a.
How it is diagnosed and treated?,Iako sannanio maidake sabisiko name ma.sie ra.na manna?
After about two minutes or so we'll turn one of these babies over to see what we've got.,Minit gnirangni ja∙man chinga maiko man∙aha ia bi∙sarangoni saksako nichina mikkangataha.
"It occurs when an organization builds specialized departments or coordinations, to which it will go to systems will take care of all the computer and technological requirements of the rest of the company.","Uan jensalo dolrang dingtangmancha nirokgipa dolko bikota ba meli-nangrime kam kana chanchia,uan niam tarigiparangchi re.anggen aro uan gimik dakgipa bijolichi kagipa kol ba uan dakgipa pilak altuna tarigipa bosturangko ia pilakon Dol mapangna niroke onggen."
Feel free to use one of these creative ideas or create your own.,Ja·jaman·gijaan iarangoni creative idea-rangko jakkalbo ba na·a an·tang bikotbo.
It occurs when the body does not have enough insulin or cannot use the insulin it does have to turn glucose into energy.,Jensalo be.en o Insulin chuonagita dongja ba uachi been na bilko tarina manja unon ia ongrongbata.
Keeping Data in a temporary Table,Data-ko temporary table o donchengenga.
Feel free to make your suggestions below.,Maming ra∙rikani gri ka∙mao namdapataniko dakbo.
Keep your vehicle registration up-to-date.,Nang﮲ni garini registration-ko up to date ong﮲e donbo.
Both teams have won the tournament before.,Batanggimin Tournament kal∙anio dolgnian chegipa ong∙aha
Keep your family prepared for emergencies.,Nangni Nokdangko niksona amgijagipa aselrangna tarisona nang.a
How is the visible surface of the Sun called?,Salni a.sakoni nikatenggipa bako mai ming.a?
Do you not take responsibility for this?,Na∙a iana an∙tangko dosi galjama?
Keep your own goals in mind,Nang﮲ni miksonganiko nang﮲ni gisiko donbo.
Connect the desktop machine that will be used to test the device with a USB cable.,Desktop Machineko tekbo jean USB Cble baksa device-ko porikka ra∙e nigen.
Keep your child at home if he is ill.,Nangni bi.sa saode biko nok o dongbo
It occurs when your body sends more blood to the skin's surface.,Jensalo nangni be.en nangana bate anchiko bigilni bakona watata unon ia ongbata.
Keep your credit enquiries to a minimum.,Nangni rachake cha.aniko komiate donbo
Feel involved in an exciting action.,Mingsa an·saogipa kamo bak dongpaa ine chanchia
"Connect the iCamera Keep with the iSmartAlarm's CubeOne base station, and these alerts can trigger the alarm, or turn on and off automatically depending on whether or not the system is armed.",iSmartAlarm's CubeOne base station-o iCamerako tekbo aro ian a∙sel ong∙gnioni mikgrakataniko on∙gen ba an∙tangan ching∙aba ba chingja dake ia systemara name kam ka∙engama ka∙jaenga mesoke on∙gen.
Keep yourself busy in doing good deeds.,An﮲tangko nama kamko ka﮲e bimchipe donbo.
Both teams haven't made any changes in their playing XI.,Dolgnian Playing XI-na kal∙giparangko dingtangatjaha
"Keep your wooden furniture away from doors, windows, so that it cannot come in contact with rainwater or leakage.",Bolrangoniko tarigipa bosturangko mikka chi nangjana gita ba balsatjana gita do﮲ga kelkirangoni chel﮲e donbo.
It occurs when the heart muscle does not get as much blood as it needs.,Ia katongona chu.ongagita anchirang sokjaon ia ongrongbata.
Keep your luggage in plastic bags.,Nang﮲ni songrena ra﮲bitgipa dokrako plastic ni jolao sikbo.
Keep your curtains closed in the day-time.,Nangni kelkini bararangko pangnan salo ra.one donbo .
Feeling unwell or tired throughout the day.,Salgimikan an∙sengjaenga ba nenga∙ gita dakenga.
"Feeling pressured because you do not have enough of something you need (time, money, affection, support)","Na∙a dekdoko chakna gita man∙jaenga maina nang∙o jekon nangnika ua chu∙onga gita dongja (somoi, tangka, namnikaniko man∙ani,saniba chakpaaniko man∙ani)"
"India is home to around 15,000 plant species which account for 6% of the world's plant species.","India o 15,000 ongna sipile pangrangrang gnang jean 6% pangrang a.gilsakni pangrang ongna silpile onga."
Feel free to substitute the olive oil for any natural oil of your choice.,Nang·ni nannikgipa to baksa ja·jaman·gijaan olive oil-ko bodolbo.
Keep your mind away from negative thoughts today.,Da﮲alo Nang﮲ni gisikko ong﮲gija dake chanchianirangoni chel﮲e donbo.
"After about two to three days, it will completely harden and will be suitable for use.",Salgni ba salgittamni ja∙man ian namen rakbatgen aro jakkalna nambatgipa ong∙anggen.
Keep your eyeliner in the same family or use black or dark brown.,Nangni mikronrango nonganiko nokdango daka gita apsan rongko nongbo ongjaode gisim ba amang rongko nongbo.
Keep your child in a forward-facing car seat until he or she reaches the top height or weight limit allowed by your car seat's manufacturer.,Nangni bi.sako mikkangchi nie rena manggipagari ni biapo asongatbo jensalona bia chuongagita dalaha ba jreaha jekon gari tarigiparang tik ka.aha..
Keep your eyes on the road while driving,Gari salmitingo ramachi nie salna nanga.
Keep your mouse and keyboard close to each other.,Nang﮲ni mouse aro keyboard ko sepanggriko donbo.
Feeling depressed and unhappy all the time.,Pangnan gisikni gita sinjetaniko man∙a gita aro kusi donggija gita nika.
"Keep your hands in this composition for 10-15 minutes, the frequency of the procedure is 2-3 times a week.",Anti gni ba gittam na minute chikung chibongana nang jakko indake donbo.
Keep your hair away from your face as much as possible.,Manna dipet antangni kniko mikkangoni chelle donbo.
Keep your elbows under the shoulders.,Nangni jaksku ko pakreng ningao donatbo.
Feel free to move either in an alternating pattern or to stay with the same side.,Ja·jaman·gijaan dingtang ramako ja·rikbo ba apsan biapon dongbo.
"No, you just aren't permitted to imagine to be individuals you are not.","Inghing, na﮲a an﮲tang mai dakgipa mande ong﮲a uandake chanchiana agre gipin gitade chanchichipna on﮲jawa."
Feel free to shout-out how you voted...and why.,Na·a maikai puona...aro maina ja·jaman·gijaan chrikwatbo.
Keep yourself away from gaming while studying as much as possible.,Nang﮲ni poraimiting somoio man﮲a dipet kal﮲anirangoni an﮲tangko chel﮲e dongbo.
Keep your distance from people showing flu-like symptoms.,Antangko gusu soldi manbaenggipa manderangoni chele donbo.
Feeling tired can have various causes and Vitamin D Deficiency may be one of them.,Neng∙e nikataniara dingtang dingtang neng∙nikanirangko on∙gen aro uarangoni mingsa vitamin D deficiency ong∙naba donga.
"No, you did not understand my thought.","Inghing, na﮲aangni chanchianiko ma﮲sichakjaha"
How it has worked in other countries,Gipin a.songrango iara maidake kam ka.a?
"India is home to the world's largest healthcare scheme, Ayushman Bharat, which offers health assurance to 500 million Indians.","India on dalbatsranggipa sana bana ni dachakaniko onggipa chol dong.a , jekon Ayushman Bharat minga uan sak ritcha bonga manderangna sana bana kadonganiko onggiparng ong.a."
Keep your skin oil-free at all times.,Nang﮲ni bigilko pangnan to ri﮲ilatgija donbo
India is home to about 30% of the world's stunted children and nearly 50 per cent of severely wasted children under the age of five.,Indiao 30% dala chuongagita mangijagiparang donga aro 50% onna ampile nosto onggimin bisarang donga jean bisi bonga ni ningo onga.
Feelings of being alone or isolated within your own home?,Na∙a an∙tangni nokon saksan ong∙a gita ba galchipa gita dake nika?
Don't take your medicine with cold water. .,Nang∙ni samko chi ka∙sinchi ringnabe
Keep your elbows on the ground for stability.,Nangni jaksku ko apao donbo mangrakatna gita.
Feels good to be able to save daughters being a daughter,Saksa demechik ong∙pae demecikrangko jokatna man∙anina kusi ong∙e nikenga.
"No, you won't achieve the same results.","Inghing, Na﮲a apsan dakgipa result -o chu﮲sokjawa."
Keep your normal schedule as much as possible.,Nang﮲ni dakronga bewalrangko man﮲a dipet apsan rakkina jotton ka﮲bo.
"It occurs when the soft tissue in the back of the throat relaxes during sleep and blocks the airway, often causing you to snore loudly.",Iara jensalo nangni gitokni nomgipa bigil nengtaka nangni tusimitingo jeni asel balwa napgipa ram champenga gita daka unon inggok rake raa gita daka.
Keep your pets inside during the festivities.,Manianirang dongon nang﮲ni jilanirangko ra﮲nape donbo.
Keep your hands away from the cold.,Nang jakko ka.singipaoni che.le donbo.
"No, you don't need my social security number.","Inghing, angni Social security Number-ko nang﮲na nangja"
Connect the device to the computer with which you synchronized.,Nang∙ni tarie dongimin deviceko computer-o tekbo.
How is the weather in Delhi.,Delhi ni sal karirang daororo mai rokom?
Keep your eyes open during the whole performance.,"Nangni mikronrangko name nie dongbo , dakmesoka gimiko."
Both teams are trying to get back on track,Dolgnian name dakpiltaina jotton ka∙enga
Keep your feet out of the hot and cold.,Nang ja.ako dinga aro sinnaoniko naljoke rakibo.
"No, you don't need to download or reinstall anything.","“ Inghing, na﮲a mamungkoba download ka﮲na aro install ka﮲pilna nangjawa."
How is the weather forecast for the next 3 days?,Reba.enggipa salgittamna mai sal somirangko agansamsoa.ani dong.a?
"How it is possible to earn money, using your product?",Nangni bostuko jakkale maidake tangkako kamaina manggen?
"Feeling a little sore after a work out is something I've always craved, as I feel like it's confirmation that I put in some good work at the gym.","Be∙enko ranta ka∙ani ja∙mano on∙tisa sa∙dikaniko ma∙sia jekon anga changatian chagronga, aro ian angni Gym-o kal∙anio maikoba nama be∙enni ranta ka∙aniko dakenga ine mesoka."
Both teams recently competed in the World T20 Cup 2021.,Dolgnian 2021-ni T20 World Cup kal∙aniko ru∙utgija salna skangsan matchotaha.
Keep your mind centred on the prize.,Nang﮲ni gisikko boksisna miksonge donbo.
Connect the device to another power source.,Device-ko gipin bijoli tekgipa biapo tekbo.
Both teams are evenly matched at the moment and are likely to play out a draw this weekend.,Da∙o dipet dolgnian namen apsangrik ong∙enga aro ia antini bon∙angachi dolgnian apsangrik ong∙gen ine ka∙dongenga
"India is home to 1,210 million people, almost equal to the combined population of the US, Indonesia, Brazil, Pakistan, Bangladesh and Japan (1,214 million)","India sak hajal sa ritcha gni chikung million manderangni nok ong.a, jean US,Indonesia,Brazil,Pakistan,Bangladesh aro Japan chapna nanggenchim apsan ongatnade"
Both teams performed very well in the first round.,Dolgnian First Round-o name dakaha
Keep your files safe with BitLocker and get the same security on removable storage devices with BitLocker To Go [6].,Bitlockero antangni filerangko simsake donbo aro uko nipiltaina Bitlocker(6)ko jakalbo.
"Connect the charging cable to a USB 2.0 port or a 3.0 on the computer is turned on, which is not in sleep mode.","Charging cable-ko USB 2.0 port-o ba 3.0 port-o tekbo, computer-ko kuliaha aro sleep mode-o ong∙ja ."
Keep your loved ones from COVID-19.,Nang﮲ni ka﮲sagiminrangko COVID -19 oni naljoke rakkibo.
Keep your mobile devices and computer up-to-date,Nang﮲ni mobile aro laptop ko up-to-date ka﮲e donbo.
"No, you do not have to visit the IDFC FIRST Bank branch to apply for a Personal Loan.","Inghing, Personal loan-nagalnagitana﮲a IDFC FIRST Bank branch-chi re﮲angna nangjawa."
"No, you got the wrong assumption.","ong﮲ja, na﮲a ong﮲gija chanchichipenga"
Keep your muscles energized all the time.,Nang﮲ni be﮲enni ja﮲dilrangko pangnan bilakate rakkibo.
"No, you cannot change the exam center.","Inghing , Na﮲a Exam centre-ko dingtangatna man﮲jawa"
Keep your device connected to a stable WiFi network.,Nangni jakkalgipa bosturangko namggipa WIFI bil baksa nangdimate donbo.
"Feelings of tenderness, care and warmth will certainly begin to be transmitted to the viewer, looking at the picture.","Ka∙sachakani, simsakani aro ripeng dakningani noksako nion nienggiparangona iarang napangskagen."
"No, you're not, you got me.","Inghing, na﮲a ong﮲ja, na﮲a angkouiaba"
Feel free to make any adjustments you may feel is needed.,Maming ra∙rikani gri na∙a maikoba namdapataniko dakna nangnikode.
"No, you have to go yourself.","ihing, na﮲a an﮲tangan re﮲na nanggen"
How is the weather at this time of year in this country?,A.songo indakgipa bilsi ni bakrango salrangara mai rokom?
Keep your other hand as a fist at your side.,Nang﮲ni jaksamsako jaktome nang﮲ni be﮲en sambao donbo.
"Feel the sadness wash over you, and then slowly let it go.",Nang∙ona duk sokbaaniko chanchie nibi aro uni ja∙mano uko re∙angna on∙bo
"Connect new data to information you already remember, whether it's a new material that builds on previous knowledge, or something as simple as an address of someone who lives on a street where you already know someone.","Gital data na∙a jekon namedake gisik ra∙a u∙iatanirangna jakkalbo, batanggimin u∙ianirangna tarigipa gital bosturang ong∙janaba ba maiba altuagipa saniba ramarango donggiparangna agangimin ong∙naba donga jean saoba nang∙ni skango name dake u∙igimin ong∙a"
It occurs throughout the year and severe during summer (February - April).,Uan dingkario bilsi rikit ongronga mangsongde (February oni April) ona.
"Connect new information to what you already know, whether it's new material that relies on previous knowledge, or simply the address of the institution that is located on the street where your acquaintances live.","Gital u∙iatanirangna sokatbo jekon na∙a namedake u∙iman∙aha, beben ia gitcham u∙ianirango pangchakgipa gital bosturang ong∙naba donga ba ian maiba poraichakgipa biap jean rama sepango donggipa nang∙ni songdonge ma∙siman∙gimin ong∙naba donga."
Feel free to ask them in the comments section.,Maming ra∙rikani grian agangipa bako uamang sing∙na man∙gen.
"Keep your feet clean and dry, especially between the toes.","Nangni ja.arangko rongtale aro rane donbo,mongsongbate nangni jasi sambarango."
"No, you keep it to yourself.","inghing, iako na﮲a an﮲tangna rakkiaibo"
How is the women related to the man's wife?,Mechikara maidake me.asani jikgipani bak nang.a?
"No, you do not need to include an allow directive.","inghing, Na﮲a allow directive-ko man﮲chapatna nangjawa"
No--I don't want to talk about it.,Inghing—anga iani gimin aganna sikja.
"No, you do not have to wait a full week for this.","Inghing, Na﮲a iana antigimik sengna nangjawa"
Both teams are already out of the World Cup.,Dolgnian world cup-ni a∙pal ong∙aha
Feel like I've been here like a thousand times,Anga ianona chang hajalsa re·baha gita nika
Feel like you have little or no control over your work.,Na·a nang·ni kamo on·tisasan ba sason man·srangjaha ine chanchibo
Feel what's going on inside.,Ning∙ao maiba ong∙enga ine chanchia.
"No, you're not looking at a puzzle.","Inghing, na﮲a puzzle-chiko niatjaenga"
Both teams have won both their two games they've played so far in the league.,League-ko kal∙anio dolgnian changni kal∙anio changnion chegipa ong∙aha
"It occurs when the soft tissue in the back of the throat relaxes during sleep and blocks the airway, often causing loud snoring.",Iara jensalo nangni gitokni nomgipa bigil nengtaka nangni tusimitingo jeni asel balwa napgipa ram champenga gita daka unon inggok rake raa gita daka.
Keep your work environment clean at all times.,Nang﮲ni kam ka﮲chakram biapni samtangtangkon pangnan rongtale rakkibo.
Connect the colors with each other!.,Ge∙sa ge∙gipin baksa rongrangko nangdimatbo!
"It occurs when nerves in your breasts are stimulated, usually as a result of your baby sucking.",Uan sokni jadilrang sadikachi ongrongbata jensalo bisa maani soko opna abachenga.
Keep your own work and let us do our work.,Na﮲a an﮲tangni kamko ka﮲bo aro chingkoba chingni kamko ka﮲na on﮲bo.
Both teams have only won once in the last five games.,Dolgnian batanggimin changbonga kal∙susanio changpraksan chegipa ong∙kuenga
Connect iPhone to your computer using a USB cable (recovery will not be available when using WI-FI sync) and launch iTunes.,iPhone-ko nang∙ni computer-o USB cableko chate jakkalbo (WI-FI sync-ko jakkale na∙a recovery ka∙na man∙jawa
"Keep your fridge properly stocked with healthy foods, fruits and vegetables, all the time.","Antangni be.enna namgni ongipa , namnama cha.anirangko chimonge donbo."
Connect smart tv to the internet.,Smart TV-ko internet baksa nangdimatbo.
Feel free to add to it your favorite ingredients.,Maming ra∙rikani grian nang∙ni namnikbatgipa bringimin dingtang dingtang bosturangko on∙dapbo.
How it is possible for you?,Maidake iara nangna chol ong.a?
Keep your hair color for a long time,Nangni kni rong ongipako ru.ute donbo.
"Keep your distance from people, especially elderly people.","Antangko manderangoni chele donbo,mangsongbate bilsi onggiminrangoni."
How it addresses the objectives of your business plan,Nangni bading chiwalani miksongako maidake iara paraka?
"No, you do not require a guarantor to obtain Central Bank of India gold loan.","Inghing, Central bank of India Gold loan-ko man﮲na gita na﮲a guarantor-ko nangja"
Feeling sleepy but don't want to sleep.,Tusina sika indiba tusinade man∙ja
How it spread from one person to another person?,Iara maidake saksa mandeoni sakgipinona bata?
Feel the tension in your jaw muscles.,Nang∙ni wajaringni ja∙dilrang sa∙dikaniko u∙ibo.
Keep your voice soft and low.,Nang﮲ni ku﮲rangko rinokgipa aro ka﮲singipa ong﮲atko.
How it is Different from other App,Maidake iara gipin altuatani cholko targipaoni dingtanga?
"No, you will not get the same result.","Inghing, na﮲a apsan result-ko man﮲jawa"
Feeling of exhaustion or fatigue can be experienced.,Neng∙goke ba bilgrianiko man∙enga gita nikenga.
Feeling of heaviness and severe discomfort in the stomach;,Oko maiba jrianiko aro namen dongtogijaniko man∙enga.
"Keep your contacts or chats organized with labels, so you can easily find them again.",Nangni nanggiparang aro golpogiparangko name chin gnang tiktak ka.e donbo jedakode na.a altuen nikna gita manggen.
Keep your diet focused on the whole foods,Nangni chaggipa bosturangko chugimik onggipa cha.anirang ongna jotton kabo.
"Keep your hands on my head,",Nang jakko ang sko o donbo
"No,I live in the real world.","Inghing, angade chong﮲motgipa a﮲gilsakosa donga"
Keep your favorite stories on your smartphone.,Nangni namnikgipa golporangko nangni ku.siltingo chipe donbo.
Feeling unwell for a lengthy period,Ru∙uta salrangna an∙sengijaniko man∙enga.
Feel free to browse around and look into the benefits and drawbacks of each of these cryptocurrencies and find a few of those cryptocurrency betting sites which accept them.,Maming ra∙rikani grian namedake sandibo aro maina ia Crypto currency-rangara gamchata ba mai salrikanirang donga uko nibo aro Crypto currency baji kal∙gipa biap-ko sandibo jeon uarangko ra∙chakgen.
Keep yourself passionate about what you do.,Na﮲a nang﮲ni kamko kusi ong﮲e dakgipa ong﮲bo.
"No, you don't must journal or do yoga.","Inghing, na﮲a journal sea aro Yoga kal﮲aniko dakkuja"
"It occurs naturally in a variety of foods, including the following:",Uano ongtelaigipa ban ongani rokomrang gnang jerangan
"Keep your child rear-facing as long as possible, i.e., until your child reaches the top height or weight limit allowed by the car seat's manufacturer.",Nangni bi.sako mikkangchi nie rena manggipagari ni biapo asongatbo jensalona bia chuongagita dalaha ba jreaha jekon gari tarigiparang tik ka.aha..
"Keep your eye on the donut,",Nangni mikronrangko donut cha.anio donbo
Both teams qualified in November 2019.,Dolgnian 2019-ni November jaon seokako man∙aha
Keep your child within reach at all times when she's in the water.,Nangni bi.sako chi ro.ani somio pangna jak sokao rodilrangbo
"No, you're not a queen.","Ihing, Na﮲a rani ong﮲ja"
Keep your child's room dark.,Nangni bi.sani turamko andale donbo.
Keep your hands occupied for hours.,Kantani kantana nang jakko kam kae donbo.
Feeling far away from the natural wonders of Iceland?,Namen bilgrie nikenga ba rang∙sitna neng∙nika gita nikenga.
"Connect new knowledge to information you already bear in mind, whether or not it's new materials that builds on previous knowledge, or something as easy as an tackle of somebody who lives on a street where you already know somebody.","Nang∙ni gisiko chanchie donenggipa gital u∙ianirangko uiatbo, ian gitcham u∙ianirangna jakkalgipa gital bostu ong∙janaba donga ba maiba saoba jean ramao donggipako altue dakna man∙gipa jekon na∙a ma∙simangimin ong∙a."
Keep your outside lights on as well.,Nang﮲ni a﮲palo teng﮲atanirangkoba so﮲e donbo.
Keep your training sessions short - approximately 10 minutes each 2-3 times a day.,Nang﮲ni ranta ka﮲aniko bakkandikate minute 10 prak salo chang 2 ba 3 dake ka﮲bo.
"After achieving this milestone and looking back, I just can say - It's all worth it.",Chu∙sokanirangko man∙ani ja∙mano nipilaton‚ ian angna mairongpile gamchatgipa ong∙aha ine anga agangen
Both teams have scored 97 runs.,Dolgnian 97 run-ko man∙aha
How is the weather forecast for the next couple of days ?,Re.baenggipa salrangna mai dakgipa salrangko aganso.aniko onnaha?.
Connect the socket to the address of the server using the connect system call.,Connect system () cal-ko jakkale Socketko server-o tekbo.
Keep your eyes closed during the whole process.,Nangni mikrongrangko pangnan mikchipe donna nanga.
How is the situation of the tourism between the two countries?,A.song gegni gisepo songre songbate an.sengna rebaggiprangni namlalarang mai rokom?
"Feeling I'm colliding with the world today,",A∙gilsak baksa da∙alo anga chatingrikenga gita chanchiman∙a.
Keep your name badge on all the time.,Nang﮲ni bimungko segipa badge ko pangnan ra﮲bitbo.
How is the word used in the sentence?,Kattako maidake chyu.soke se.anio jakkala?
Feeling that there's something in the eye,Mikron-o maiba donga gita nikenga.
Keep your children safe by way of online gaming.,Nangni bi.sako simsake donbo ongenggipa kalanirangoni.
How it is different from other products?,Mingippin bosturangko toede iara maidake dingtangbata?
Angni be∙en bigil wa∙al kamenga dake chanchia.,
"No, you can't, because they're two totally different things.","Inghing, na﮲a Man﮲jawa, maina iarang minggnian namen dingtanggrika"
Keep your child's environment clean:,Nangni bi.sani dongramko rongtale rakkibo.
How it differs from Western Europe?,Saliramo donggipa Europe a.song baksa iara maidake dingtanga?
Keep your shoulders back against the wall for one minute (or as long as you can possible hold it).,Nang﮲ni pakkreko pakmao dandane minute sa na dongbo ( man﮲a ong﮲ode ru﮲ute dongna jotton ka﮲bo)
How it should be handled is another issue.,Maikai iako dakna nanga uade mingsa chanchiani ong.a?
Both teams for the fourth test:,Dolgnian 4 gipa Test kal∙anina
Feel free to join his Facebook page and post your comments and questions.,Maming ra∙rikani grian uni facebooko napbo aro nang∙ni agananirangko aro sing∙anirangko sing∙bo.
How it influenced the US elections?,Maidake iara US o dilgipako seokaniko dingtangata?
Keep your right leg slightly bent.,Nang﮲ni jakrani ja﮲ako on﮲tisa kom﮲atbo.
Keep your cholesterol levels at or below normal.,Nangni be.en ni mitimrangko nama gadango ba ong.bewalo donbo.
Keep your software up-to-date,Nang﮲ni softwareko up-to-date dakbo.
Keep your drivers always up-to-date.,Nangni gari ko salgiparang pangnan a.sako ong.a obostarangni gimin talrong.e donna
Keep your eyes safe and healthy.,Nangni mikronrangko naljoke aro ansenge rakkibo.
How it is possible and when it will happen?,Iara maidake ongna ama aro basako iara onggen?
How it is different from traditional solutions?,Ma.gitcham pagitchamrangni dakbewalrangoni maidake iara dingtanga?
Keep your phone on the entire time.,Nang﮲ni phone-ko pilak somoirangon on ka﮲e donbo.
"Feeling the immense opportunity that is looming, nearly 200 emerging AI companies in India are innovating and creating AI-based solutions for various industries.","Bilakgipa cholko man∙enga gita nikenga jean mikkangchi ong∙gnigipa, India-o ge-200 AI company-rang dingtang dingtang karkanarangna namatani cholo pangchake AI-ko tarienga aro ong∙katatenga."
How it is presented is a special question.,Maidake dingtange mesokanina sing.anide dintangmancha?
Connect the two devices to your computer.,Ge∙gni deviceko nang∙ni computer-o tekbo
How it performs inside the body?,Maidake iara been ningao kam ka.a?
Feel free to ask questions on the comments.,Maming ra∙rikani grian agangimin-rango pangchake sing∙bo.
Keep yourself hydrated during the daytime.,Na﮲a an﮲tangni be﮲enko ran﮲angija salgimik chi gnang rakkibo.
Keep your cards in a safe place,Nangni nanga lekkarangko kadongna manggipa biapo donbo.
Keep your mind open for others.,Na﮲a sakgipinrangni giminba chanchigipa ong﮲bo.
Both teams remained scoreless in the first 45 minutes.,Dolgnian minit 45-na darangkoba chipgrikjaha
Don't take your medicines with cold water.,Nang∙ni samko chi ka∙sinchi ringnabe
Keep your eyes open to maintain balance.,Nangni mikronrangko apsan ongatnagita tarie donbo
Keep your cell phone with you.,Nangni ku.siliting ku.rang ong.atgipa ko nang baksa donbo
After about twenty minutes of rest I went at it again.,Minist kolgrikrangna neng∙takani ja∙man anga uanona re∙angpila.
Keep your phone at room temperature,Nang﮲ni phone-ko nokningni temperatureo donbo.
"It occurs when too much uric acid is released by the body, or not enough uric acid is absorbed.",Nanggijagipa moilarang be.enoni ongkata ba nangagita uko be.en ningao rana manjaha unon ia ongrongbata.
Feel relaxing and ready for the game.,Kal∙susana tarimanaha aro gisik dongtobatenga.
"After about an hour, I walk back home.",Baditaba kantani ja∙mano anga nokchi re∙angpilaha.
Feel free to use what you have on hand at your house.,Ja·jaman·gijaan nang·ni noko donggako jakkalbo.
How it didn't work out with socialism,Maidake iara jinma sorkario bak ra.anio chusokgipa ongjaha?
"No, you will get a full refund of your ticket.","inghing, na﮲a nang﮲ni ticket-ni damko chu﮲gimik man﮲pilgen"
Keep your face to the sun and you will never see the shadows. ~ Helen Keller .,Nangni mikkangko salchi nangatbo aro na.a Shadow Helen Keller koba nikjawa.
"No, you can't do this in Java.","inghing, na﮲aiako java -o dakna man﮲jawa"
How it differs from other life insurance,Maidake iara naljoke rakkiana donggipa tangakoni dingtang.a?
After about an hour they all returned to the drawing room.,Adita kantarangni ja∙mano uamang plakan asongchakram dringona pil∙batokaha.
Connect the card to your computer system.,Card-ko nang∙ni computer system-o tekbo.
Connect the drive to a USB 3.0 port.,USB-ni 3.0 port-o driveko tekbo.
Connect the unit to another power source.,Ia bostuko ge∙gipin bijoli man∙ao tekbo.
Feel the power inside of you.,An∙tangni ning∙ani bilko u∙ibo.
Connect it to a PC or Mac,Iako PC ba Mac-o tekbo
Keep your mouth shut if you are.,Na﮲a man﮲a dipet jrip dongbo.
"No, you won't lose all your data.","Inghing, na﮲a nang﮲ni gimik data-ko gimaatjawa"
Feel free to visit this page for more of similar or entirely different issues for this device.,Ja·jaman·gijaan ia bostuni dingtanggipa ba apsangipa neng·nikanirangna ia page-ko nibo.
Keep your dog quiet for approximately two weeks after he returns home from the hospital to allow him to heal.,Nangni a.chako nokningao jripjrip antigni rangna dongbo jensalo bia sanram biapo noktango rebaa maina ua nama gita somoirangko nanga.
Keep your oil infusion for about a year.,Nang﮲ni to tarianiko bilsisarangna donbo.
Feeling bad for a couple of days is common.,Baditaba salna namgija dake nikaniara ramramsa.
How it will change the internet in the future?,Altue skie rani cholko onggipani ambino maidake dingtanggen?
Feel out of control when you eat?,Cha·on na·a dontongna man·jawajok ine chanchiama?
Do you not take pride in your work?,Na∙a nang∙ni kamo rasong chajama?
How is the weather in your city?,Sal karirang na.songni songjinmao mai rokom?
"No, your machine isn't too fast.","Inghing, nang﮲ni machine indakpile ta﮲rakgipa ong﮲ja"
Keep your guac green with a little help from the oft-overlooked avocado pit.,Nangni avocado baksa bringipako tangsimme donbo.
Feel free to come along for a good conversation!,Maming ra∙rikani gri nama agngrikaniko agangrikna ang baksa re∙babo
Keep yourself protected from the cold.,Na﮲a an﮲tangko ka﮲sina man﮲aoni naljoke dongbo.
"No, you do not need to download or install anything.","Inghing, na﮲a mamungkoba download aro install ka﮲na nangjawa"
Connect the PC via USB or RS232.,USB ba RS232-ko PC-o nangdimatbo.
Keep your data safe by taking the following steps...,Nangni pangchakaniko simsake donna ia ja.kurangko jarikkbo.
Keep your face to the Sunshine And you can't see the Shadow Helen Keller,Nangni mikkangko salchi nangatbo aro na.a Shadow Helen Keller koba nikjawa.
"Keep your child's room quiet and free from distractions, such as a television or computer.",Nangni bi.sani turamko jripjrang dakgipa aro bingbangatgijagipao donbo jekai noksarangko niso.ani kol ba bijolichi chalaigipa kol dakgiparangoni chele.
Keep your work up-to-date,Nang﮲ni kamrangko up-to-date ka﮲bo.
Keep your child rear-facing as long as possible until he or she reaches the top height or weight limit allowed by your car seat's manufacturer.,Nangni bi.sako mikkangchi nie rena manggipagari ni biapo asongatbo jensalona bia chuongagita dalaha ba jreaha jekon gari tarigiparang tik ka.aha..
Keep your elbows towards your body.,Nangni jaksku ko been chipakna donatbo.
Feeling comfortable with the specialist is an important part of choosing the right person to evaluate you.,Saoba dingtangmanchagipaming ong∙na man∙anio dongtoaniko man∙aniara namen gamchatgipa ong∙a jekon an∙tangko nipilna gita chong∙mot mandeko baseaha.
Both teams lost all their group games.,Uamangni jinma kal∙susanio dolgnian ama cha∙aha
Keep your feet together and align them with your body.,Antangni ja.arangko apsan be.enming sronge donbo.
Both teams have arrived at the stadium and they are warming up.,Dolgnian kal∙chakramona sokaha aro uamang be∙en ding∙atna ranta ka∙aniko dakenga
Keep your legs slightly away from each other.,Nang﮲ni ja﮲arangko ge﮲sa gegipinoni on﮲tisa cheltangate donbo.
Feeling of pain in the legs while walking.,Rama re∙o ja∙ao sa∙dikaniko man∙enga.
"No, you distort and do not understand at all that the Germans were not able to immediately take Kiev, break our defenses and capture Stalingrad, they also failed to break through the defenses of 1 and Katukova, so they had to go in the direction of Prokhorovka.","Inghing, na﮲a dingtangatako man﮲aha aro Germanrang Kiev-ko rang﮲sanra﮲naman﮲jae,An﮲chingni champenggiparangko pe﮲aha aro Stalingrad-ko chagropaha, uamangba 1 ni aro Katukova-ni champenggiparangko pe﮲na man﮲jahani gimin Prokhorovka- chipakna re﮲angskaha ine na﮲a ma﮲sichaksrangjaha"
Feeling of laziness and lack of energy in the body,Be∙eno aratenga aro bilgrianiko man∙enga.
Feeling Good by Doing Good: A Guide to Authentic Self-Esteem and Well-Being,Namako dake nambate nikenga: Feeling Good by Doing Good: A Guide to An∙tangni bebera∙anio kim∙kim dongna aro namgipa mande ong∙na rama
Keep your eyes at the path.,Nangni mikronrangko kamo gisik onna nanga.
Keep your workouts fresh and challenging.,Nang﮲ni ranta ka﮲anitangko gital dakanirang aro ra﮲bianirang baksa ka﮲bo.
Don't take your protection lightly.,Nang∙na chel∙chakaniko altuae ra∙nabe.
Feel grief for a long time after a loss or death.,Gimaani ba siani ja·mano ru·uten simbrabejok
Feel free to make any adaptations that you want.,Maming ra∙rikani gri maikoba on∙dapnakode man∙gen.