English,Santali
"Major institutions of higher education are NIT Srinagar, IIT Jammu, IIM Jammu, NIFT Srinagar, and IHM Srinagar.","ᱞᱟᱯᱷᱟᱝ ᱥᱮᱪᱮᱫ ᱨᱮᱭᱟᱜ ᱢᱩᱬᱩᱫ ᱟᱥᱲᱟ ᱠᱚᱫᱚ ᱦᱩᱭᱩᱜ ᱠᱟᱱᱟ ᱮᱱ ᱟᱭ ᱴᱤ ᱥᱨᱤᱱᱚᱜᱚᱨ, ᱟᱭ ᱟᱭ ᱴᱤ ᱡᱚᱢᱢᱩ, ᱟᱭ ᱟᱭ ᱴᱤ ᱡᱚᱢᱢᱩ, ᱮᱱ ᱟᱭ ᱮᱯᱷ ᱴᱤ ᱥᱨᱤᱱᱚᱜᱚᱨ, ᱟᱨ ᱟᱭ ᱮᱭᱤᱪ ᱮᱢ ᱥᱨᱤᱱᱚᱜᱚᱨ ᱾"
It was established more than 50 years ago to aid in closing the education gender gap.,ᱥᱤᱠᱷᱱᱟᱹᱛ ᱨᱮ ᱡᱟᱱᱟᱝ ᱯᱷᱟᱨᱟᱠ ᱵᱚᱱᱫᱚᱭᱛᱮ ᱜᱚᱲᱚ ᱞᱟᱹᱜᱤᱫ ᱱᱚᱶᱟ ᱫᱚ ᱕᱐ ᱥᱮᱨᱢᱟ ᱠᱷᱚᱱ ᱦᱚᱸ ᱢᱟᱲᱟᱝ ᱛᱮ ᱛᱷᱟᱯᱚᱱ ᱦᱩᱭᱞᱮᱱᱟ ᱾
"Eventually, however, no tiger was sighted there, between October 2008 and May 2009.","ᱮᱱᱛᱮ, ᱢᱩᱪᱟᱹᱫ ᱨᱮ,ᱚᱠᱴᱳᱵᱚᱨ ᱒᱐᱐᱘ ᱠᱷᱚᱱ ᱢᱮᱹ ᱒᱐᱐᱙ ᱢᱩᱫᱽ ᱨᱮ ᱚᱸᱰᱮ ᱪᱮᱹᱞᱮ ᱛᱟᱨᱩᱵᱽ ᱦᱚᱸ ᱵᱟᱭ ᱧᱮᱞᱧᱟᱢ ᱟᱠᱟᱱᱟ ᱾"
"Kanha, Bandhavgarh, Pench, Panna, and Satpura National Parks are managed as Project Tiger areas.","ᱠᱟᱱᱦᱟ, ᱵᱟᱱᱫᱷᱚᱵᱽᱜᱚᱲ, ᱯᱮᱧᱪ, ᱯᱟᱱᱱᱟ ᱟᱨ ᱥᱟᱛᱯᱩᱨᱟ ᱨᱟᱥᱴᱨᱤᱭᱚ ᱩᱫᱽᱫᱟᱱ ᱠᱚᱫᱚ ᱯᱨᱚᱡᱮᱠᱴ ᱴᱟᱭᱜᱟᱨ ᱴᱚᱴᱷᱟ ᱨᱩᱯ ᱛᱮ ᱪᱟᱪᱟᱞᱟᱣᱚᱜᱼᱟ ᱾"
"Krikalev and Phillips will have light duty for the next two days, as they rest after completing a busy handover period.","ᱠᱨᱤᱠᱟᱞᱮᱵᱷ ᱟᱨ ᱯᱷᱤᱞᱤᱯᱥ ᱟᱜᱟᱢ ᱵᱟᱨ ᱢᱟᱦᱟ ᱞᱟᱹᱜᱤᱫ ᱱᱟᱥᱮ ᱟᱸᱜᱤᱵᱷᱟᱨ ᱠᱤᱱ ᱯᱟᱞᱟᱣᱼᱟ, ᱚᱡᱮ ᱫᱚ ᱩᱱᱠᱤᱱ ᱢᱤᱫᱴᱟᱝ ᱡᱚᱦᱚᱲ ᱪᱟᱞᱦᱟᱛᱟᱣ ᱟᱸᱜᱤᱵᱷᱟᱨ ᱨᱮᱭᱟᱜ ᱚᱠᱛᱚ ᱢᱩᱪᱟᱹᱫ ᱛᱟᱭᱚᱢ ᱠᱤᱱ ᱡᱤᱨᱟᱹᱜᱼᱟ ᱾"
"Chandipur, in the Baleswar district, is a calm and serene site, that is mostly unexplored by tourists.","ᱵᱟᱞᱮᱥᱥᱚᱨ ᱦᱚᱱᱚᱛ ᱨᱮᱭᱟᱜ ᱪᱟᱸᱫᱤᱯᱩᱨ ᱢᱤᱫᱴᱟᱝ ᱱᱤᱨᱞᱟᱹ ᱟᱨ ᱥᱟᱯᱷᱟ ᱴᱷᱟᱶ, ᱡᱟᱦᱟᱸ ᱫᱚ ᱰᱷᱮᱨᱠᱟᱭᱛᱮ ᱫᱟᱲᱟᱱᱠᱚ ᱫᱟᱨᱟᱭ ᱛᱮ ᱵᱟᱝ ᱛᱩᱱᱠᱷᱤᱧᱟᱢ ᱟᱠᱟᱱᱟ ᱾"
Some of the oldest rocks in the Indian subcontinent are found in Goa between Molem and Anmod on Goa's border with Karnataka.,ᱵᱷᱟᱨᱚᱛᱤᱭᱚ ᱩᱯᱚᱢᱟᱦᱟᱫᱤᱥᱚᱢ ᱨᱮᱭᱟᱜ ᱢᱟᱨᱮᱱ ᱥᱤᱞᱟᱹ ᱠᱚ ᱢᱩᱫᱽᱨᱮ ᱢᱤᱫ ᱵᱟᱨ ᱜᱳᱶᱟ ᱨᱮ ᱠᱚᱨᱱᱟᱴᱚᱠ ᱥᱟᱶᱛᱮ ᱜᱳᱣᱟ ᱥᱤᱢᱟᱹᱨᱮ ᱢᱳᱞᱮᱢ ᱟᱨ ᱟᱱᱢᱳᱫᱮᱨ ᱛᱟᱞᱟᱢᱟᱞᱟ ᱴᱚᱴᱷᱟ ᱨᱮ ᱧᱮᱞ ᱧᱟᱢᱚᱜᱼᱟ ᱾
"Also, you will have to turn over any medical records you have pertaining to your condition.","ᱱᱚᱶᱟ ᱵᱮᱜᱚᱨ, ᱟᱢᱟᱜ ᱦᱟᱞᱚᱛ ᱵᱟᱠᱷᱨᱟ ᱡᱟᱦᱟᱸᱱ ᱢᱮᱰᱤᱠᱮᱞ ᱫᱚᱞᱤᱞ ᱟᱢ ᱴᱷᱮᱱ ᱛᱟᱦᱮᱸᱱ ᱠᱷᱟᱱ ᱚᱱᱟ ᱠᱚᱦᱚᱸ ᱮᱢᱚᱜ ᱦᱳᱭᱳᱜᱼᱟ ᱾"
Each of these islands has its own dialect.,ᱱᱚᱶᱟ ᱰᱷᱤᱵ ᱠᱚᱫᱚ ᱱᱤᱡᱮᱨᱟᱜ ᱞᱮᱠᱟᱛᱮ ᱥᱟᱱᱟᱢᱟᱜ ᱪᱟᱸᱜᱟ ᱯᱟᱹᱨᱥᱤ ᱢᱮᱱᱟᱜᱼᱟ ᱾
Samyuktha Hegde is an Indian actress who predominantly works in Kannada and Tamil films.,ᱥᱚᱝᱡᱩᱠᱛᱟ ᱦᱮᱜᱚᱲ ᱢᱤᱫᱦᱚᱲ ᱵᱷᱟᱨᱚᱛᱤᱭᱟᱹ ᱯᱟᱴᱷᱚᱠᱤᱭᱟᱹ ᱡᱟᱦᱟᱸᱭ ᱫᱚ ᱟᱥᱚᱞᱨᱮ ᱠᱚᱱᱱᱚᱲ ᱟᱨ ᱛᱟᱹᱢᱤᱞ ᱪᱚᱞᱚᱠᱪᱤᱛᱟᱹᱨᱮᱭ ᱠᱟᱹᱢᱤ ᱞᱮᱫᱟ ᱾
Geetha Govindam and other such devotional songs are sung in praise of Krishna.,ᱜᱤᱛᱜᱳᱵᱤᱱᱫᱚ ᱟᱨ ᱱᱚᱝᱠᱟᱱ ᱮᱴᱟᱜ ᱵᱷᱚᱠᱛᱤᱭᱟᱱᱟᱜ ᱥᱮᱨᱮᱧ ᱠᱨᱤᱥᱱᱚᱣᱟᱜ ᱥᱛᱩᱛᱤ ᱨᱮ ᱥᱮᱨᱮᱧ ᱟᱠᱚ᱾
"The Maratha Empire, which had replaced the Mughal Empire as the overlord of the subcontinent, was finally replaced by the British Empire in 1818.","ᱢᱟᱨᱟᱴᱷᱟ ᱥᱟᱢᱨᱟᱡᱽᱡᱚ, ᱡᱟᱦᱟᱸ ᱫᱚ ᱢᱩᱜᱷᱚᱞ ᱥᱟᱢᱨᱟᱡᱽᱡᱚ ᱡᱚᱜᱚᱢᱚᱦᱟᱰᱤᱯ ᱨᱮᱱ ᱨᱟᱡᱟ ᱞᱮᱠᱟᱛᱮ ᱛᱷᱟᱯᱚᱱ ᱞᱮᱫ ᱛᱟᱦᱮᱸᱫ ᱠᱟᱱᱟᱭ ,ᱢᱩᱪᱟᱹᱫ ᱨᱮ ᱑᱘᱑᱘ ᱥᱟᱹᱦᱤᱛ ᱨᱮ ᱵᱨᱤᱴᱤᱥ ᱥᱟᱢᱨᱟᱡᱽᱡᱚ ᱫᱟᱨᱟᱭᱛᱮ ᱛᱷᱟᱯᱚᱱ ᱫᱚᱦᱲᱟ ᱞᱮᱱᱟ ᱾"
"A number of Gurukuls, such as that of Alauddin Khan at Maihar, flourished.",ᱢᱟᱭᱦᱚᱨ ᱨᱮ ᱟᱞᱟᱣᱩᱫᱽᱫᱤᱱ ᱠᱷᱟᱱ ᱞᱮᱠᱟ ᱟᱭᱢᱟ ᱜᱟᱱ ᱜᱩᱨᱩᱠᱩᱞ ᱩᱛᱱᱟᱹᱣ ᱞᱮᱱᱟ ᱾
The Indira Gandhi International Sports Stadium in Haldwani is the home ground of Uttarakhand football team.,ᱦᱚᱞᱚᱫᱚᱣᱟᱱᱤ ᱨᱮ ᱤᱱᱫᱤᱨᱟ ᱜᱟᱱᱫᱷᱤ ᱡᱮᱜᱮᱫ ᱠᱷᱮᱞᱳᱰ ᱥᱴᱮᱰᱤᱭᱟᱢ ᱫᱚ ᱩᱛᱛᱚᱨᱟ ᱠᱷᱚᱱᱰᱚ ᱨᱮᱭᱟᱜ ᱯᱷᱩᱴᱵᱚᱞ ᱠᱷᱮᱞ ᱫᱚᱞ ᱠᱚᱶᱟᱜ ᱚᱲᱟᱜ ᱨᱮᱭᱟᱜ ᱜᱚᱰᱟ ᱠᱟᱱᱟ ᱾
"The king himself composed an epic Telugu poem, Amuktamalyada.","ᱨᱟᱡᱟ ᱟᱡᱜᱮ ᱢᱤᱫᱴᱮᱱ ᱢᱟᱦᱟ ᱚᱱᱚᱲᱦᱮᱸ ᱛᱮᱞᱮᱜᱩ ᱚᱱᱚᱲᱦᱮᱸ, ᱟᱢᱩᱠᱛᱚᱢᱟᱞᱞᱚᱫᱟ ᱚᱞ ᱞᱮᱫᱟᱭ ᱾"
"Her next release was Cash, again opposite Ajay Devgn.","ᱟᱭᱟᱜ ᱛᱟᱭᱚᱢ ᱫᱟᱨᱟᱢ ᱨᱟᱲᱟ ᱫᱚ ᱛᱟᱦᱮᱸᱠᱟᱱᱟ ᱠᱮᱥ, ᱚᱱᱟ ᱫᱚ ᱟᱨᱦᱚᱸ ᱚᱡᱚᱭ ᱫᱮᱵᱽ ᱜᱚᱱᱟᱜ ᱩᱞᱴᱟᱹᱨᱮ ᱾"
"Community establishments exist in urban centers that arrange social events, sports events, musical concerts, comedy shows, and other activities.","ᱱᱟᱜᱟᱨ ᱛᱟᱞᱢᱟ ᱠᱚᱨᱮ ᱧᱮᱞᱚᱜᱼᱟ ᱥᱟᱶᱛᱟᱹᱨᱤ ᱟᱥᱲᱟ ᱠᱚ ᱥᱟᱶᱛᱟᱟᱹᱨᱤ ᱟᱠᱷᱲᱟ, ᱠᱷᱮᱞᱚᱸᱰ ᱟᱠᱷᱲᱟ, ᱥᱮᱹᱨᱮᱹᱧ ᱟᱠᱷᱲᱟ, ᱞᱟᱪᱷᱟᱲ ᱩᱫᱩᱜ ᱟᱨ ᱮᱴᱟᱜ ᱮᱴᱟᱜ ᱠᱟᱹᱢᱤᱦᱚᱨᱟ ᱨᱮᱭᱟᱜ ᱠᱚ ᱵᱚᱱᱫᱮᱡᱼᱟ ᱾"
"The word ""Manipur"" is made-up of two Sanskrit words (Maá¹‡i), which means jewel and (PurÇ_x009d_), which means land/place/abode, Manipur is translated as ""Jewelled land"".","ᱢᱚᱱᱤᱯᱩᱨ ᱟᱹᱲᱟᱹ ᱫᱚ ᱵᱟᱨᱭᱟ ᱥᱚᱝᱥᱠᱨᱤᱛ ᱟᱹᱲᱟᱹ ᱛᱮ ᱵᱮᱱᱟᱣ ᱟᱠᱟᱱᱟ 'ᱢᱚᱱᱤ' ᱨᱮᱭᱟᱜ ᱢᱟᱱᱮ ᱨᱚᱛᱱᱚ ᱟᱨ 'ᱯᱩᱨ', ᱡᱟᱦᱟᱸ ᱨᱮᱭᱟᱜ ᱢᱟᱱᱮ ᱚᱛ ᱦᱟᱥᱟ/ᱴᱷᱟᱶ/ᱜᱤᱨᱟᱹᱵᱟᱥᱤ, ᱢᱚᱱᱤᱯᱩᱨ ᱨᱮᱱᱟᱜ ᱢᱟᱱᱮ ""ᱫᱷᱚᱱ ᱫᱩᱨᱤᱵᱽ ᱯᱮᱨᱮᱡ ᱦᱟᱥᱟ"" ᱠᱟᱱᱟ ᱾"
This was the time of learning and acquisition of knowledge for me.,ᱱᱚᱶᱟ ᱫᱚ ᱤᱧ ᱞᱟᱹᱜᱤᱫ ᱪᱮᱫᱚᱜ ᱟᱨ ᱜᱮᱭᱟᱱ ᱟᱨᱡᱟᱣ ᱨᱮᱱᱟᱜ ᱚᱠᱛᱚ ᱛᱟᱦᱮ ᱠᱟᱱᱟ ᱾
"The stadium is directed by Dronacharya awardee, Mahabali Satpal.",ᱥᱴᱮᱰᱤᱭᱟᱢ ᱫᱚᱭ ᱪᱟᱪᱟᱞᱟᱣ ᱮᱫ ᱛᱟᱦᱮᱱ ᱫᱨᱳᱱᱟᱪᱟᱨᱡᱚ ᱥᱤᱨᱯᱟᱹ ᱦᱟᱢᱮᱴᱟᱱ ᱢᱚᱦᱟᱵᱟᱞᱤ ᱥᱚᱛᱯᱟᱞ ᱾
"To conserve and protect this animal in the northeast, the National Research Centre on Mithun was established by the Indian Council of Agricultural Research in 1988.","ᱩᱛᱛᱚᱨᱼᱯᱩᱨᱵᱚ ᱨᱮ ᱱᱩᱭ ᱡᱤᱭᱟᱹᱞᱤ ᱨᱟᱠᱷᱟ ᱫᱚᱦᱚ ᱥᱮ ᱨᱩᱠᱷᱤᱭᱟᱹ ᱞᱟᱹᱜᱤᱫ, ᱑᱙᱘᱘ ᱥᱟᱞᱨᱮ ᱤᱱᱰᱤᱭᱟᱱ ᱠᱟᱣᱩᱱᱥᱤᱞ ᱚᱯᱷ ᱮᱜᱽᱜᱨᱤᱠᱟᱞᱪᱟᱨ ᱨᱤᱥᱟᱨᱪ ᱦᱚᱛᱮᱛᱮ ᱢᱤᱛᱷᱩᱱ ᱟᱜ ᱡᱟᱹᱛᱤᱭᱟᱹᱨᱤ ᱠᱷᱚᱸᱫᱽᱨᱚᱸᱫᱽ ᱛᱟᱞᱢᱟ ᱛᱷᱟᱯᱚᱱ ᱞᱮᱱᱟ ᱾"
He also participated in the stunt-based reality show Fear Factor: Khatron Ke Khiladi 6.,ᱩᱱᱤ ᱫᱚ ᱥᱴᱟᱱᱴᱼᱟᱱᱟᱜ ᱨᱤᱭᱮᱞᱤᱴᱤ ᱥᱳ ᱯᱷᱤᱭᱟᱨ ᱯᱷᱮᱠᱴᱟᱨᱺ ᱠᱷᱟᱛᱨᱳ ᱠᱮ ᱠᱷᱤᱞᱟᱲᱤ ᱖ ᱨᱮᱦᱚᱸ ᱦᱤᱸᱥᱮ ᱦᱟᱛᱟᱣ ᱞᱮᱫᱟ ᱾
"Traditionally, kids receive very special attention from their family, including Birthday-like presents.","ᱢᱟᱨᱮᱱᱟᱜ ᱞᱮᱠᱟᱛᱮ, ᱜᱤᱫᱽᱨᱟᱹ ᱟᱜ ᱡᱟᱱᱟᱢ ᱢᱟᱦᱟ ᱨᱮ ᱥᱟᱸᱫᱮᱥ ᱥᱟᱶ ᱩᱱᱠᱩᱣᱟᱜ ᱜᱷᱟᱨᱚᱸᱡᱽ ᱨᱮ ᱧᱩᱢᱟᱱ ᱢᱟᱹᱱ ᱮ ᱧᱟᱢᱟ ᱾"
"Aishbagh Stadium in Bhopal is the home ground for World Series Hockey team, Bhopal Badshahs.",ᱵᱷᱩᱯᱟᱞ ᱨᱮᱭᱟᱜ ᱟᱭᱥᱵᱟᱜᱽ ᱮᱥᱴᱮᱰᱤᱭᱟᱢ ᱦᱩᱭᱩᱜ ᱠᱟᱱᱟ ᱳᱣᱟᱞᱨᱰ ᱥᱤᱨᱤᱡ ᱦᱚᱠᱤ ᱜᱟᱫᱮᱞ ᱵᱷᱳᱯᱟᱞ ᱵᱟᱫᱥᱟᱦᱚ ᱠᱚᱶᱟᱜ ᱚᱲᱟᱜ ᱨᱮᱭᱟᱜ ᱴᱟᱺᱰᱤ ᱾
"The origin of Khyal is controversial, although it is accepted that this style was based on dhrupad and influenced by other musical traditions.","ᱠᱷᱮᱭᱟᱞ ᱨᱮᱭᱟᱜ ᱥᱤᱨᱡᱟᱹᱣ ᱫᱚ ᱨᱟᱯᱟᱪᱟᱱᱟᱜ, ᱮᱱᱛᱮ ᱨᱮᱦᱚᱸ ᱱᱚᱶᱟ ᱥᱳᱭᱞᱤ ᱫᱚ ᱫᱷᱨᱩᱯᱫᱽ ᱟᱱᱟᱜ ᱟᱨ ᱮᱴᱟᱝ ᱥᱮᱨᱮᱧ ᱳᱭᱛᱤᱡᱽᱡᱷᱚ ᱛᱮ ᱚᱨᱥᱚᱝ ᱞᱮᱱᱟ ᱢᱮᱛᱮ ᱢᱟᱱᱚᱛ ᱟᱠᱟᱱᱟ ᱾"
Mopin is the main festival that runs from 5 to 6 April.,ᱢᱚᱯᱤᱱ ᱢᱩᱬᱩᱫ ᱯᱟᱨᱟᱵᱽ ᱠᱟᱱᱟ ᱡᱟᱦᱟᱸ ᱕ ᱠᱷᱚᱱ ᱖ ᱮᱯᱨᱤᱞ ᱦᱟᱹᱵᱤᱡ ᱪᱟᱞᱟᱜ ᱠᱟᱱᱟ ᱾
"US Olympic ice hockey silver medalist Molly Schaus returned to her hometown of Naperville, Illinois last weekend.",ᱡᱩᱠᱛᱚᱨᱟᱥᱴᱨᱚ ᱚᱞᱤᱢᱯᱤᱠ ᱟᱭᱤᱥ ᱦᱚᱠᱤᱨᱮ ᱨᱩᱯᱟᱹ ᱯᱚᱫᱚᱠ ᱫᱟᱲᱮᱭᱟᱱ ᱢᱚᱞᱚ ᱥᱟᱣᱩᱥ ᱪᱟᱞᱟᱣᱮᱱ ᱦᱟᱯᱛᱟ ᱤᱞᱤᱱᱚᱭ ᱨᱮᱭᱟᱜ ᱱᱮᱯᱟᱨᱵᱷᱤᱞ ᱨᱮ ᱟᱭᱟᱜ ᱥᱟᱦᱟᱨ ᱛᱮᱭ ᱨᱩᱣᱟᱹᱲ ᱟᱠᱟᱱᱟ ᱾
"If there are many of them, create a schedule for filling them all out.",ᱱᱚᱶᱟ ᱞᱮᱠᱟᱱ ᱟᱭᱢᱟᱜᱟᱱ ᱛᱟᱦᱮᱸ ᱞᱮᱱᱠᱷᱟᱱ ᱚᱱᱟᱠᱚ ᱯᱩᱨᱟᱹᱣ ᱞᱟᱹᱜᱤᱫ ᱢᱤᱫᱴᱮᱱ ᱚᱠᱛᱚᱼᱥᱩᱪᱤ ᱵᱮᱱᱟᱣ ᱡᱚᱝ ᱢᱮ ᱾
"However, if you prefer to do it here instead, you may go ahead with this form.","ᱡᱟᱭᱦᱳᱠ, ᱟᱢ ᱡᱩᱫᱤ ᱱᱚᱶᱟ ᱵᱟᱫᱟᱞᱛᱮ ᱱᱚᱰᱮ ᱱᱚᱶᱟ ᱠᱚᱨᱟᱣᱮ ᱠᱩᱥᱤᱭᱟᱜ ᱠᱟᱱᱟ, ᱮᱱᱠᱷᱟᱱ ᱟᱢ ᱱᱚᱶᱟ ᱯᱷᱚᱨᱚᱢ ᱟᱛᱮ ᱞᱟᱦᱟ ᱥᱮᱱ ᱫᱟᱲᱮᱭᱟᱜᱼᱟ ᱾"
The sixth nerve is one of the final common pathways for numerous cortical systems that control eye movement in general.,ᱛᱩᱨᱩᱭ ᱥᱩᱛᱟᱹᱢ ᱥᱤᱨᱟᱹ ᱟᱥᱳᱠᱟᱭᱛᱮ ᱢᱮᱫ ᱨᱮᱭᱟᱜ ᱥᱟᱢᱲᱟᱣ ᱱᱚᱝᱠᱟᱱ ᱟᱹᱰᱤᱜᱟᱱ ᱠᱚᱨᱴᱤᱠᱟᱞ ᱥᱤᱥᱴᱮᱢ ᱞᱟᱹᱜᱤᱫ ᱟᱥᱳᱠᱟᱭᱛᱮ ᱪᱩᱲᱟᱹ ᱰᱟᱦᱟᱨ ᱠᱚ ᱢᱩᱫᱨᱮ ᱢᱤᱫᱴᱟᱝ ᱾
Carmel College for Women is affiliated to Goa University.,ᱠᱟᱨᱢᱮᱞ ᱠᱚᱞᱮᱡᱽ ᱯᱷᱚᱨ ᱩᱭᱢᱮᱱ ᱫᱚ ᱜᱳᱣᱟ ᱡᱮᱸᱜᱮᱫᱵᱤᱨᱫᱟᱹᱜᱟᱲ ᱨᱮ ᱥᱮᱞᱮᱫ ᱢᱮᱱᱟᱜᱼᱟ ᱾
"The official languages of the state are English, Sikkimese Nepali, Sikkimese and Lepcha.","ᱯᱚᱱᱚᱛ ᱨᱮᱭᱟᱜ ᱥᱚᱨᱠᱟᱨᱤ ᱯᱟᱹᱨᱥᱤ ᱫᱚ ᱦᱳᱭᱳᱜ ᱠᱟᱱᱟ ᱤᱝᱨᱮᱡᱤ, ᱥᱤᱠᱤᱢᱤᱡᱽ ᱱᱮᱯᱟᱞᱤ, ᱥᱤᱠᱤᱢᱤᱡᱽ ᱟᱨ ᱞᱮᱯᱪᱟ ᱾"
Arunachal Pradesh has among the highest diversity of mammals and birds in India.,ᱚᱨᱩᱱᱟᱪᱚᱞ ᱯᱨᱚᱫᱮᱥ ᱨᱮ ᱵᱷᱟᱨᱚᱛ ᱨᱮᱱ ᱱᱩᱱᱩᱣᱟᱱ ᱡᱤᱭᱟᱹᱞᱤ ᱟᱨ ᱪᱮᱬᱮᱭᱟᱜ ᱡᱚᱛᱚᱠᱷᱚᱱ ᱰᱷᱮᱨ ᱵᱷᱮᱱᱮᱜᱟᱨ ᱢᱮᱱᱟᱜ ᱟᱠᱟᱫᱟ ᱾
"Nesting indigenous water birds as well as migratory water birds and waterside birds, this sanctuary is also inhabited by sambar, chital, nilgai and boar.","ᱱᱮᱥᱴᱤᱝ ᱫᱤᱥᱚᱢ ᱨᱤᱱ ᱫᱟᱜ ᱪᱮᱸᱬᱮ, ᱮᱴᱟᱜ ᱫᱤᱥᱚᱢ ᱨᱤᱱ ᱫᱟᱜ ᱪᱮᱸᱬᱮ ᱟᱨ ᱫᱟᱜ ᱪᱮᱸᱬᱮ ᱟᱦᱟᱨ ᱨᱮᱱ ᱪᱮᱸᱬᱮ ᱵᱮᱜᱚᱨ, ᱜᱟᱹᱦᱤᱨ ᱵᱤᱨ ᱥᱟᱢᱵᱟᱨ, ᱪᱤᱛᱚᱞ ᱱᱤᱞᱜᱟᱹᱭ ᱟᱨ ᱥᱩᱠᱨᱤ ᱦᱚᱸᱠᱚ ᱛᱟᱸᱦᱮᱱᱟ ᱾"
"While addressing viewers, station commander Dmitry Kondratyev referred to the portrait of Gagarin floating next to him as a representation of the achievement of 'humankind at large'.","ᱫᱚᱨᱥᱚᱠ ᱠᱚ ᱢᱟᱱᱚᱛ ᱮᱢ ᱚᱠᱛᱚ , ᱥᱴᱮᱥᱚᱱ ᱠᱚᱢᱟᱱᱰᱟᱨ ᱫᱤᱢᱤᱛᱛᱨᱤ ᱠᱚᱱᱰᱨᱟᱛᱤᱭᱮᱵᱷ ᱚᱱᱟ ᱥᱳᱨ ᱨᱮ ᱰᱚᱢᱵᱚᱞ ᱟᱠᱟᱱ ᱜᱟᱜᱟᱨᱤᱱ ᱨᱮᱭᱟᱜ ᱯᱨᱚᱛᱤᱠᱤᱨᱛᱤ ᱫᱚ 'ᱢᱟᱱᱣᱟ ᱡᱟᱛᱤ ᱠᱚᱣᱟᱜ ᱢᱟᱨᱟᱝ' ᱚᱨᱡᱚᱱ ᱞᱟᱹᱜᱤᱫ ᱛᱮ ᱯᱨᱚᱛᱤᱱᱤᱫᱷᱤᱛᱛᱚ ᱞᱮᱠᱟᱛᱮ ᱥᱚᱫᱚᱨ ᱥᱟᱢᱟᱝ ᱟᱠᱟᱫᱟᱭ ᱾"
"Additionally, almost 58% of Biharis are below the age of 25, giving Bihar the highest proportion of young people of any Indian state.","ᱮᱱᱛᱮᱨᱮᱦᱚᱸ ᱚᱱᱢᱟᱱ ᱕᱘% ᱵᱤᱦᱟᱨᱤ ᱠᱚᱣᱟᱜ ᱩᱢᱮᱨ ᱒᱕ ᱥᱮᱨᱢᱟ ᱞᱟᱛᱟᱨ ᱨᱮ , ᱡᱟᱦᱟᱸ ᱫᱚ ᱵᱷᱟᱨᱚᱛ ᱨᱮᱭᱟᱜ ᱡᱟᱦᱟᱸᱱ ᱯᱚᱱᱚᱛ ᱨᱮᱱ ᱡᱩᱭᱟᱹᱱ ᱠᱚ ᱛᱩᱞᱩᱡᱽᱛᱮ ᱵᱤᱦᱟᱨ ᱫᱚ ᱡᱚᱛᱚ ᱠᱷᱚᱱ ᱡᱟᱥᱛᱤ ᱯᱚᱲᱚᱱᱼᱮ ᱮᱢᱟ ᱾"
He tells her how much he loves her and asks for forgiveness.,ᱟᱡ ᱩᱱᱤᱭ ᱢᱮᱛᱟᱫᱮᱭᱟ ᱟᱡ ᱩᱱᱤ ᱛᱤᱱᱟᱹᱜ ᱮ ᱫᱩᱞᱟᱹᱲᱟᱭᱟ ᱢᱮᱱᱛᱮ ᱟᱨ ᱩᱱᱤ ᱴᱷᱮᱱ ᱤᱠᱟᱹᱭ ᱠᱷᱚᱡᱟ ᱾
I take this pledge in the spirit of unification of my country which was made possible by the vision and actions of Sardar Vallabhbhai Patel.,ᱤᱧ ᱤᱧᱟᱹᱜ ᱫᱤᱥᱚᱢ ᱨᱮ ᱵᱟᱨᱟᱵᱟᱨᱤ ᱠᱟᱜ ᱪᱮᱛᱟᱱ ᱛᱮ ᱱᱤᱭᱟ ᱠᱟᱛᱷᱟ ᱮᱢ ᱤᱧ ᱦᱟᱛᱟᱣ ᱮᱫᱟ ᱡᱟᱦᱟᱸ ᱥᱚᱨᱫᱟᱨ ᱵᱚᱞᱞᱚᱵᱷ ᱵᱷᱟᱭ ᱯᱮᱴᱮᱞ ᱟᱜ ᱧᱮᱛᱮᱞ ᱟᱨ ᱠᱟᱹᱢᱤ ᱦᱚᱨᱟᱛᱮ ᱦᱩᱭ ᱫᱟᱲᱮᱞᱮᱱᱟ ᱾
Religious sites play a major part in the tourism of Gujarat.,ᱜᱩᱡᱽᱨᱟᱴ ᱨᱮᱭᱟᱜ ᱯᱚᱨᱡᱚᱴᱚᱱ ᱨᱮ ᱫᱷᱚᱨᱚᱢ ᱴᱷᱟᱶ ᱢᱤᱫᱴᱟᱝ ᱢᱩᱬᱩᱫ ᱮᱱᱮᱢᱮ ᱠᱷᱮᱢᱟᱣ ᱟᱠᱟᱫᱟ ᱾
"In his younger days, he was committed to Gandhi and his ideals.","ᱟᱭᱟᱜ ᱜᱤᱫᱽᱨᱟᱹ ᱩᱢᱮᱨ ᱨᱮ, ᱩᱱᱤ ᱫᱚ ᱜᱟᱱᱫᱷᱤ ᱟᱨ ᱩᱱᱤᱭᱟᱜ ᱟᱫᱚᱨᱥᱚ ᱨᱮ ᱠᱟᱛᱷᱟ ᱫᱚᱦᱚᱭ ᱨᱤᱠᱟᱹ ᱞᱮᱫᱟ ᱾"
"The main worshippers, called parvaitin are usually women.",ᱯᱨᱚᱵᱚᱭᱛᱤᱱ ᱧᱩᱛᱩᱢᱟᱱ ᱢᱩᱲᱩᱫ ᱩᱯᱟᱥᱚᱠ ᱠᱚ ᱥᱟᱫᱷᱟᱨᱚᱱᱛᱚ ᱛᱤᱨᱞᱟᱹ ᱠᱚ ᱦᱚᱭᱩᱜᱼᱟ ᱾
Membership cards are typically mailed within 10 days.,ᱨᱟᱹᱥᱤᱭᱟᱹ ᱠᱟᱨᱰᱠᱚ ᱥᱟᱫᱷᱟᱨᱚᱱᱚᱛ ᱑᱐ ᱢᱟᱦᱟ ᱵᱷᱤᱛᱟᱹᱨ ᱨᱮ ᱢᱮᱞ ᱦᱩᱭᱩᱜᱼᱟ ᱾
"Some of Puducherry's regions are themselves amalgamations of non-contiguous enclaves, often called ""pockets"" in India.","ᱯᱚᱫᱩᱪᱮᱨᱤ ᱨᱮᱭᱟᱜ ᱢᱤᱫᱵᱟᱨ ᱴᱚᱴᱷᱟ ᱦᱟᱸᱰᱮ ᱱᱟᱰᱮ ᱪᱷᱤᱴ ᱢᱚᱦᱚᱞ ᱨᱮᱭᱟᱜ ᱢᱤᱫ ᱫᱚ, ᱵᱷᱟᱨᱚᱛ ᱡᱟᱦᱟᱸ ᱫᱚ ""ᱯᱚᱠᱮᱴ' ᱢᱮᱱᱛᱮᱠᱚ ᱢᱮᱛᱟᱜᱼᱟ ᱾"
Suhasini is an actress and married to film director Mani Ratnam.,ᱥᱩᱦᱟᱥᱤᱱᱤ ᱫᱚ ᱢᱤᱫ ᱦᱚᱲ ᱯᱟᱴᱷᱚᱠᱤᱭᱟᱹ ᱟᱨ ᱪᱚᱞᱚᱛ ᱪᱤᱛᱟᱹᱨ ᱥᱟᱯᱲᱟᱣᱤᱡ ᱢᱚᱱᱤ ᱨᱚᱛᱱᱚᱢᱮ ᱵᱟᱯᱞᱟ ᱞᱮᱫᱮ ᱛᱟᱦᱮᱸᱫ ᱾
They contain snippets of solfege to be used when performing the mentioned ragas.,ᱚᱞ ᱟᱠᱟᱱ ᱨᱟᱜ ᱠᱚ ᱢᱩᱪᱟᱹᱫ ᱚᱠᱛᱮ ᱵᱮᱣᱦᱟᱨ ᱞᱟᱹᱜᱤᱫ ᱱᱚᱣᱟ ᱠᱚᱨᱮ ᱥᱚᱞᱯᱷᱮᱡ ᱨᱮᱭᱟᱜ ᱠᱩᱴᱨᱟᱹ ᱛᱟᱸᱦᱮᱱᱟ ᱾
These belong mostly to the Sino-Tibetan language family.,ᱱᱚᱶᱟ ᱠᱚᱫᱚ ᱡᱟᱹᱥᱛᱤ ᱠᱟᱭᱛᱮ ᱪᱤᱱᱼᱛᱤᱵᱵᱚᱛ ᱯᱟᱹᱨᱥᱤ ᱜᱷᱟᱨᱚᱧᱡᱽ ᱨᱮ ᱥᱮᱞᱮᱫ ᱢᱮᱱᱟᱜᱼᱟ ᱾
There are legends associated with the Karwa Chauth festival.,ᱠᱟᱨᱳᱣᱟ ᱪᱚᱣᱛᱷᱚ ᱯᱚᱨᱚᱵᱽ ᱥᱟᱶᱛᱮ ᱨᱩᱯᱠᱟᱛᱷᱟ ᱢᱮᱱᱟᱜᱼᱟ ᱾
"At the conclusion of the first part of the wedding ceremony, it is customary to present gifts to the bride.","ᱵᱟᱯᱞᱟ ᱚᱲᱟᱜ ᱨᱮ ᱯᱳᱭᱞᱳ ᱦᱚᱨᱟ ᱢᱩᱪᱟᱹᱫ ᱛᱟᱭᱚᱢ, ᱱᱟᱶᱟ ᱵᱟᱦᱩᱣᱟᱜ ᱛᱤ ᱨᱮ ᱥᱟᱸᱫᱮᱥ ᱪᱟᱞ ᱨᱮᱭᱟᱜ ᱟᱹᱨᱤ ᱪᱚᱞ ᱢᱮᱱᱟᱜᱼᱟ ᱾"
"For instance, a community that was once a mission and they have had a large cross on a mountaintop that to them is more a historical marker.","ᱫᱟᱹᱭᱠᱟᱹ ᱥᱟᱞᱟᱜ , ᱢᱤᱫᱴᱟᱝ ᱜᱟᱛᱟᱜ ᱡᱟᱸᱦᱟ ᱢᱤᱫ ᱚᱠᱛᱚ ᱢᱤᱫᱴᱟᱝ ᱢᱤᱥᱚᱱ ᱛᱟᱦᱮᱸ ᱠᱟᱱᱟ ᱟᱨ ᱡᱟᱦᱟᱱ ᱵᱩᱨᱩ ᱪᱮᱛᱟᱱ ᱨᱮ ᱩᱱᱠᱩᱣᱟᱜ ᱢᱤᱫᱴᱟᱝ ᱢᱟᱨᱟᱝ ᱠᱩᱨᱩᱥ ᱛᱟᱦᱮᱸ ᱠᱟᱱᱟ ᱡᱟᱸᱦᱟ ᱫᱚ ᱩᱱᱠᱩ ᱴᱷᱮᱱ ᱟᱹᱰᱤ ᱡᱟᱥᱛᱤ ᱠᱟᱭᱛᱮ ᱱᱟᱜᱟᱢ ᱟᱱᱟᱜ ᱪᱤᱱᱦᱟᱹ ᱠᱟᱱᱟ ᱾"
"There are only few tourists sites like Chatjo River, Ramakrishna Mission Campus, St. George Catholic Church and nearby villages are the best attractions in Deomali.","ᱪᱟᱴᱡᱳ ᱜᱟᱰᱟ, ᱨᱟᱢᱠᱨᱤᱥᱱᱚ ᱢᱤᱥᱚᱱ ᱠᱮᱢᱯᱟᱥ, ᱥᱮᱱᱴ ᱡᱚᱨᱡᱽ ᱠᱮᱛᱷᱚᱞᱤᱠ ᱪᱟᱨᱪ ᱟᱨ ᱟᱰᱮᱯᱟᱥᱮ ᱨᱮᱭᱟᱜ ᱟᱛᱳ ᱠᱚ ᱞᱮᱠᱟᱱ ᱛᱤᱱᱟᱹᱜ ᱜᱟᱱ ᱧᱮᱞᱡᱚᱝ ᱴᱷᱟᱶ ᱢᱮᱱᱟᱜᱼᱟ ᱫᱮᱣᱢᱟᱞᱤ ᱨᱮᱭᱟᱜ ᱥᱚᱨᱮᱥ ᱚᱱᱚᱨ ᱾"
"You should then send out applications to several positions you think will be a good fit for you, based on your resume and your qualifications.",ᱚᱱᱟᱛᱟᱭᱚᱢ ᱟᱢᱟᱜ ᱡᱤᱭᱚᱱᱪᱩᱨᱤᱛ ᱟᱨ ᱟᱢᱟᱜ ᱡᱳᱜᱢᱟᱱ ᱪᱮᱛᱟᱱ ᱴᱮᱸᱦᱟᱴ ᱠᱟᱛᱮ ᱟᱢᱟᱜ ᱞᱟᱹᱜᱤᱫ ᱥᱚᱨᱮᱥ ᱢᱮᱱᱛᱮᱢ ᱢᱚᱱᱮᱭᱟ ᱮᱢᱚᱱ ᱵᱮᱥ ᱛᱤᱱᱟᱹᱜ ᱯᱚᱫ ᱨᱮᱭ ᱟᱨᱫᱟᱥ ᱥᱟᱠᱟᱢ ᱠᱳᱞ ᱢᱮ ᱾
"He also wore hand-spun clothes colloquially called ""Khadi"" as was advocated by Gandhi.",ᱩᱱᱤ ᱜᱟᱱᱫᱷᱤᱡᱤ ᱫᱟᱨᱟᱭᱛᱮ ᱵᱮᱱᱟᱣᱟᱜ 'ᱠᱷᱟᱫᱤ' ᱧᱩᱛᱩᱢᱛᱮ ᱩᱨᱩᱢᱚᱜ ᱛᱤᱛᱮ ᱛᱟᱠᱚᱭ ᱜᱮᱸᱫᱟᱜ ᱠᱤᱪᱨᱤᱡ ᱦᱚᱭ ᱦᱚᱨᱚᱜᱽ ᱛᱟᱦᱮᱱ ᱾
Reenu Mathews is an Indian actress who has acted in Malayalam films.,ᱨᱮᱱᱩ ᱢᱮᱛᱷᱤᱣᱩᱥ ᱫᱚ ᱠᱟᱱᱟᱭ ᱵᱷᱟᱨᱚᱛ ᱨᱮᱱ ᱢᱤᱫ ᱯᱟᱴᱷᱚᱠᱤᱭᱟᱹ ᱡᱟᱦᱟᱸᱭ ᱫᱚ ᱢᱟᱞᱟᱭᱚᱞᱚᱢ ᱪᱚᱞᱚᱛ ᱪᱤᱛᱟᱹᱨ ᱨᱮ ᱚᱵᱷᱤᱱᱚᱭ ᱟᱠᱟᱫᱟᱭ ᱾
"Ray was reluctant to go, due to his fondness for Calcutta and the low regard for the intellectual life at Santiniketan.",ᱠᱚᱞᱠᱟᱛᱟ ᱥᱟᱶ ᱟᱡᱟᱜ ᱡᱚᱯᱚᱲᱟᱣ ᱟᱨ ᱥᱟᱱᱛᱤᱱᱤᱠᱮᱛᱚᱱ ᱨᱮ ᱵᱩᱫᱽᱫᱷᱤᱡᱤᱵᱤ ᱡᱤᱣᱚᱱ ᱥᱟᱶ ᱠᱚᱢ ᱢᱟᱱᱚᱛ ᱨᱮᱱᱟᱜ ᱚᱡᱮᱛᱮ ᱥᱚᱹᱛᱛᱚᱡᱤᱛ ᱪᱟᱞᱟᱣ ᱞᱟᱹᱜᱤᱫ ᱛᱮ ᱨᱟᱹᱡᱤ ᱵᱟᱝᱮ ᱛᱟᱦᱮᱸᱠᱟᱱᱟ ᱾
Hindus are the majority in the state and are the dominant religion in all districts of the state.,ᱦᱤᱱᱫᱩ ᱠᱚᱫᱚ ᱯᱚᱱᱚᱛ ᱨᱮ ᱥᱟᱸᱜᱮᱼᱮᱞᱟᱱ ᱟᱨ ᱯᱚᱱᱚᱛ ᱨᱮᱭᱟᱜ ᱥᱟᱱᱟᱢ ᱦᱚᱱᱚᱛ ᱨᱮᱜᱮ ᱫᱟᱲᱮᱭᱟᱱ ᱫᱷᱚᱨᱚᱢ ᱾
"Over the years, the Mughals began to have internal disputes which greatly distracted them at times.","ᱥᱮᱨᱢᱟ ᱛᱟᱭᱚᱢ ᱥᱮᱨᱢᱟ ᱫᱷᱟᱹᱵᱤᱡ, ᱢᱩᱜᱷᱚᱞ ᱠᱚ ᱢᱩᱫᱨᱮ ᱵᱷᱤᱛᱨᱤ ᱵᱤᱨᱩᱫᱷ ᱪᱟᱞᱟᱜ ᱡᱟᱦᱟᱸ ᱩᱱᱠᱩ ᱜᱷᱟᱱᱮ ᱜᱷᱟᱱᱮ ᱟᱹᱰᱤ ᱟᱸᱴᱮ ᱟᱹᱲᱤᱥ ᱠᱚᱣᱟᱭ ᱾"
"She gained popularity as Neetu Singh, Zafar's girlfriend in Fukrey Series.",ᱩᱱᱤ ᱫᱚ ᱯᱷᱩᱠᱨᱮ ᱥᱤᱨᱤᱡᱽ ᱨᱮ ᱡᱟᱯᱷᱚᱨ ᱨᱮᱱ ᱜᱟᱛᱮᱠᱩᱲᱤ ᱱᱤᱛᱩ ᱥᱤᱝᱦᱚ ᱞᱮᱠᱟᱛᱮᱭ ᱧᱩᱢ ᱩᱨᱩᱢ ᱞᱮᱱᱟ ᱾
Each tribe has one or more dialects that are unintelligible to others.,"ᱥᱟᱱᱟᱢ ᱩᱯᱚᱡᱟᱹᱛᱤᱭᱟᱜ ᱢᱤᱫ ᱵᱟᱝᱠᱷᱟᱱ ᱟᱭᱢᱟ ᱪᱟᱸᱜᱟ ᱯᱟᱹᱨᱥᱤ ᱢᱮᱱᱟᱜᱼᱟ, ᱡᱟᱸᱦᱟ ᱮᱴᱟᱜ ᱠᱚ ᱴᱷᱮᱱ ᱟᱡᱷᱟᱴ ᱜᱮᱭᱟ ᱾"
She or he will also prepare you for deposition and/or testifying in a court trial.,ᱛᱤᱨᱞᱟᱹ ᱥᱮ ᱠᱚᱲᱟ ᱮᱴᱚᱨᱱᱤ ᱟᱢ ᱡᱚᱵᱟᱱ ᱠᱟᱛᱷᱟ ᱠᱚ ᱟᱨ/ ᱥᱮ ᱠᱟᱹᱪᱷᱟᱹᱨᱤ ᱨᱮᱭᱟᱜ ᱵᱤᱪᱟᱹᱨ ᱨᱮ ᱥᱟᱹᱠᱷᱤ ᱮᱢ ᱞᱟᱹᱜᱤᱫ ᱛᱮᱭᱟᱨ ᱢᱮᱭᱟᱭ ᱾
He was introduced to the educational aspects of the project and assisted greatly with the technical aspects and community-building efforts.,"ᱯᱚᱱᱛᱷᱟ ᱨᱮᱭᱟᱜ ᱥᱮᱪᱮᱫ ᱟᱱ ᱱᱟᱠᱷᱟᱠᱚ ᱥᱟᱞᱟᱜ ᱩᱱᱤ ᱩᱯᱨᱩᱢ ᱦᱳᱭ ᱞᱮᱱ ᱛᱟᱭᱟ, ᱟᱨ ᱯᱚᱨᱚᱡᱩᱠᱛᱤ ᱠᱷᱚᱱ ᱟᱨ ᱜᱩᱴ ᱵᱮᱱᱟᱣ ᱨᱮ ᱟᱹᱰᱤ ᱨᱤᱠᱤᱨ ᱛᱮ ᱩᱱᱤ ᱟᱹᱰᱤ ᱞᱮᱠᱟᱛᱮ ᱜᱚᱲᱚ ᱞᱮᱱᱟᱭ ᱾"
Madhya Pradesh is divided into 52 districts for administrative purposes.,ᱯᱨᱚᱥᱟᱥᱚᱱᱤᱠ ᱠᱷᱟᱛᱤᱨᱛᱮ ᱢᱚᱫᱽᱫᱷᱚᱯᱨᱚᱫᱮᱥ ᱫᱚ ᱕᱒ ᱜᱚᱴᱟᱝ ᱦᱚᱱᱚᱛ ᱨᱮ ᱦᱟᱹᱴᱤᱧ ᱟᱠᱟᱱᱟ ᱾
"Programmes by the government, local and international organisations are working to develop and rejuvenate this traditional system of healing.","ᱥᱚᱠᱟᱨ, ᱴᱚᱴᱷᱟᱨᱮᱱ ᱟᱨ ᱡᱮᱜᱮᱫ ᱡᱟᱠᱟᱫ ᱜᱟᱶᱛᱟ ᱠᱚ ᱠᱟᱹᱢᱤ ᱦᱚᱨᱟ ᱠᱚ ᱱᱚᱶᱟ ᱥᱮᱨᱣᱟ ᱟᱱᱟᱜ ᱥᱩᱫᱷᱨᱟᱹᱣ ᱟᱨ ᱩᱛᱱᱟᱹᱣ ᱥᱟᱶᱛᱮ ᱫᱚᱲᱦᱟᱡᱤᱭᱟᱹᱲ ᱞᱟᱹᱜᱤᱫ ᱮ ᱠᱟᱹᱢᱤ ᱠᱟᱱᱟ ᱾"
The trek to Roopkund passes through the meadows of Bugyal.,ᱨᱩᱯᱠᱩᱱᱰᱩ ᱫᱷᱟᱹᱵᱤᱡ ᱴᱨᱮᱠ ᱫᱚ ᱵᱩᱜᱤᱭᱟᱞ ᱛᱟᱥᱟᱫ ᱢᱮᱞᱟᱱ ᱛᱟᱞᱟᱛᱮ ᱪᱟᱞᱟᱣ ᱟᱠᱟᱱᱟ ᱾
"At the same time, a reorganisation act was also passed, which would reconstitute the state into two union territories, Jammu and Kashmir and Ladakh.","ᱤᱱᱟᱹ ᱚᱠᱛᱚ ᱨᱮᱜᱮ ᱢᱤᱫᱴᱟᱝ ᱫᱚᱲᱦᱟ ᱵᱮᱱᱟᱣ ᱟᱭᱤᱱ ᱯᱟᱥ ᱞᱮᱱᱟ, ᱡᱟᱸᱦᱟ ᱫᱚ ᱡᱚᱢᱢᱩᱼᱠᱟᱥᱢᱤᱨ ᱟᱨ ᱞᱟᱫᱟᱠᱷ, ᱱᱚᱶᱟ ᱵᱟᱨᱭᱟ ᱫᱤᱥᱚᱢ ᱥᱚᱨᱠᱟᱨᱟᱜ ᱥᱟᱥᱚᱱ ᱴᱷᱟᱶ ᱨᱮᱭ ᱵᱮᱱᱟᱶ ᱨᱩᱣᱟᱹᱲᱟ ᱾"
"The Pallavas ruled parts of South India, with Kanchipuram as their capital.",ᱯᱚᱞᱞᱚᱵᱽ ᱠᱚᱫᱚ ᱫᱩᱠᱠᱷᱤᱱ ᱵᱷᱟᱨᱚᱛ ᱨᱮᱭᱟᱜ ᱠᱤᱪᱷᱩ ᱦᱤᱸᱥ ᱠᱚ ᱥᱟᱥᱚᱱ ᱞᱮᱫᱟ ᱟᱨ ᱠᱟᱧᱪᱤᱯᱩᱨᱚᱢ ᱨᱮ ᱟᱠᱚᱣᱟᱜ ᱨᱟᱡᱽᱜᱟᱲ ᱛᱟᱦᱮᱸᱠᱟᱱᱟ ᱾
"If you think THOMAS may be able to help you track legislation, start by visiting the THOMAS site.","ᱟᱢ ᱡᱩᱫᱤᱢ ᱢᱚᱱᱮᱭᱟᱢ ᱛᱷᱚᱢᱟᱥ ᱟᱢ ᱟᱹᱱ ᱯᱟᱸᱡᱟᱭ ᱨᱮ ᱜᱚᱲᱚ ᱫᱟᱲᱮᱭᱟᱢᱟ, ᱮᱸᱰᱮᱠᱷᱟᱱ ᱛᱷᱚᱢᱟᱥ ᱥᱟᱭᱤᱴᱨᱮ ᱪᱟᱞᱟᱣ ᱠᱟᱛᱮ ᱠᱟᱹᱢᱤ ᱮᱛᱚᱦᱚᱵ ᱢᱮ ᱾"
"Meghalaya has two representatives in the Lok Sabha, one each from Shillong and Tura.","ᱢᱮᱜᱷᱟᱞᱚᱭ ᱨᱮᱭᱟᱜ ᱞᱳᱠᱥᱚᱵᱷᱟ ᱨᱮ ᱵᱟᱨᱦᱚᱲ ᱢᱟᱬᱛᱮ ᱢᱮᱱᱟᱜ ᱠᱤᱱᱟ, ᱥᱤᱞᱚᱝ ᱟᱨ ᱛᱩᱨᱟᱹ ᱠᱷᱚᱱ ᱢᱤᱫᱦᱚᱲ ᱠᱟᱛᱮ ᱾"
"There remain approximately 400â€“450 indigenous Andamanese in the Andaman islands, the Jarawa and Sentinelese, in particular, maintaining steadfast independence and refusing most attempts at contact.","ᱟᱱᱫᱟᱢᱟᱱ ᱫᱤᱯᱯᱩᱧᱡᱽ ᱨᱮ ᱯᱮᱨᱟᱭ ᱔᱐᱐ᱼ᱔᱕᱐ ᱦᱚᱲ ᱟᱱᱫᱟᱢᱟᱱᱤ ᱟᱹᱫᱤᱵᱟᱹᱥᱤ, ᱠᱷᱟᱥ ᱠᱟᱭᱛᱮ ᱡᱟᱨᱣᱟ ᱟᱨ ᱥᱮᱱᱴᱤᱱᱮᱞᱤᱡᱽ ᱢᱮᱱᱟᱜ ᱠᱚ ᱜᱮᱭᱟᱹ ᱡᱟᱸᱦᱟᱭ ᱠᱚ ᱟᱠᱳᱣᱟᱜ ᱯᱷᱩᱱᱩᱨᱜᱟᱹᱞ ᱠᱚ ᱡᱤᱭᱟᱹᱲ ᱫᱚᱦᱚ ᱟᱠᱟᱫᱟ ᱟᱨ ᱡᱳᱜᱟᱡᱳᱜᱽ ᱨᱮᱭᱟᱜ ᱟᱹᱰᱤ ᱜᱟᱱ ᱯᱚᱨᱚᱪᱮᱥᱴᱟ ᱠᱚ ᱮᱸᱰᱮᱞ ᱟᱠᱟᱫᱟ ᱾"
Cultures are not often taken or needed as most cases resolve either with time or typical antibiotics.,ᱫᱤᱱᱟᱹᱢ ᱫᱚ ᱵᱤᱰᱟᱶ ᱵᱟᱝ ᱦᱩᱭᱩᱜ ᱠᱟᱱᱟ ᱥᱮ ᱚᱱᱟ ᱨᱮᱱᱟᱜ ᱞᱟᱹᱠᱛᱤ ᱵᱟᱝ ᱦᱩᱭᱩᱜ ᱟ ᱪᱮᱫᱟᱜ ᱥᱮ ᱟᱹᱰᱤᱜᱟᱱ ᱢᱟᱢᱞᱟ ᱚᱠᱛᱚ ᱨᱮ ᱥᱮ ᱮᱢᱱᱤ ᱮᱱᱴᱤᱵᱟᱭᱳᱴᱤᱠ ᱨᱟᱱ ᱥᱟᱞᱟᱜ ᱛᱚᱨᱟᱣ ᱦᱩᱭᱩᱜ ᱠᱟᱱᱟ᱾
The Kingdom of Gorkha conquered many kingdoms and came to power in Nepal in 1768.,ᱜᱳᱨᱠᱷᱟ ᱯᱚᱱᱚᱛ ᱟᱭᱢᱟ ᱯᱚᱱᱚᱛ ᱮ ᱡᱤᱛᱟᱹᱣ ᱞᱮᱫᱟ ᱟᱨ ᱑᱗᱖᱘ ᱥᱟᱹᱦᱤᱛ ᱨᱮ ᱱᱮᱯᱟᱞ ᱨᱮ ᱠᱷᱚᱢᱚᱛᱟ ᱨᱮᱭ ᱦᱮᱡ ᱞᱮᱱᱟ ᱾
"Tripura lies in a geographically isolated location in India, as only one major highway, National Highway 8, connects it with the rest of the country.","ᱛᱨᱤᱯᱩᱨᱟ ᱫᱚ ᱵᱷᱟᱨᱚᱛ ᱨᱮᱭᱟᱜ ᱚᱛᱱᱚᱜ ᱟᱱᱟᱜ ᱞᱮᱠᱟᱛᱮ ᱵᱷᱮᱜᱟᱨ ᱟᱱ ᱴᱷᱟᱶ ᱨᱮ ᱢᱮᱱᱟᱜᱼᱟ, ᱪᱮᱫᱟᱜ ᱥᱮ ᱱᱚᱶᱟ ᱫᱚ ᱢᱤᱫᱴᱟᱝ ᱢᱩᱬᱩᱫ ᱰᱟᱦᱟᱨ, ᱡᱟᱹᱛᱤᱭᱟᱹᱨᱤ ᱰᱟᱦᱟᱨ ᱘, ᱱᱚᱶᱟ ᱫᱚ ᱫᱤᱥᱚᱢ ᱨᱮᱭᱟᱜ ᱮᱴᱟᱜ ᱦᱤᱸᱥ ᱥᱟᱞᱟᱜᱼᱮ ᱥᱮᱞᱮᱫ ᱟᱠᱟᱫᱟ ᱾"
"Eventually, her government by the 26th amendment to the constitution was successful in derecognising these former rulers and ending the privy purse paid to them in 1971.","ᱢᱩᱪᱟᱹᱫ ᱨᱮ, ᱟᱡᱨᱮᱱ ᱥᱚᱨᱠᱟᱨ ᱥᱚᱝᱵᱤᱫᱷᱟᱱ ᱨᱮᱭᱟᱜ ᱒᱖ ᱟᱱᱟᱜ ᱥᱩᱫᱷᱨᱟᱹᱣ ᱛᱟᱞᱟᱛᱮ ᱱᱩᱠᱩ ᱢᱟᱨᱮᱱ ᱥᱟᱥᱚᱱᱤᱭᱟᱹ ᱠᱚᱣᱟᱜ ᱥᱤᱠᱠᱨᱤᱛᱤ ᱵᱟᱛᱷᱤᱞ ᱞᱟᱹᱜᱤᱫ ᱟᱨ ᱑᱙᱗᱑ ᱥᱟᱦᱤᱛ ᱨᱮ ᱩᱱᱠᱠᱩᱠᱚ ᱮᱢᱞᱮᱫ ᱯᱨᱤᱵᱷᱤ ᱯᱟᱨᱥ ᱢᱩᱪᱟᱹᱫ ᱫᱟᱲᱮᱹᱭᱟᱜ ᱛᱟᱦᱮᱫ ᱾"
"Imaaduddin Shah is an Indian actor, musician, and lyricist.","ᱤᱢᱟᱫᱩᱫᱽᱫᱤᱱ ᱥᱟᱦᱚ ᱦᱚᱭᱩᱜ ᱠᱟᱱᱟᱭ ᱢᱤᱫᱴᱟᱝ ᱵᱷᱟᱨᱚᱛᱤᱭᱚ ᱚᱵᱷᱤᱱᱮᱛᱟ, ᱨᱟᱦᱟ ᱵᱟᱰᱳᱦᱤ ᱟᱨ ᱥᱮᱨᱮᱧ ᱵᱟᱰᱳᱦᱤ ᱾"
"In Bulgaria, Children's day is celebrated on 1 June.",ᱵᱩᱞᱜᱮᱨᱤᱭᱟ ᱨᱮ ᱑ ᱡᱩᱱ ᱥᱤᱥᱩ ᱜᱤᱫᱽᱨᱟ ᱢᱟᱦᱟ ᱯᱟᱞᱟᱣ ᱦᱩᱭᱱᱟ ᱾
"Buddhism was on a decline, having made its ingress into Southeast Asia.",ᱫᱷᱚᱠᱠᱤᱱᱼ ᱯᱩᱨᱵᱚ ᱮᱥᱤᱭᱟ ᱨᱮ ᱵᱚᱞᱚ ᱠᱷᱚᱱᱟᱜ ᱵᱳᱫᱽᱫᱷᱚ ᱫᱷᱚᱨᱢᱚ ᱱᱟᱥᱟᱣ ᱞᱮᱱᱟ ᱾
"A 12th district, Eastern West Khasi Hills, was created in 2021.","ᱢᱤᱫᱴᱟᱝ ᱑᱒ ᱟᱱᱟᱜ ᱦᱚᱱᱚᱛ, ᱯᱩᱨᱩᱵᱽ ᱯᱚᱪᱷᱤᱢ ᱠᱷᱟᱥᱤ ᱵᱩᱨᱩ, ᱒᱐᱒᱑ ᱥᱟᱞ ᱨᱮᱠᱚ ᱵᱮᱱᱟᱣ ᱞᱮᱜᱼᱟ᱾"
The territory falls under the jurisdiction of the Bombay High Court.,ᱱᱚᱶᱟ ᱴᱚᱴᱷᱟ ᱫᱚ ᱵᱳᱢᱵᱮ ᱦᱟᱭᱠᱳᱨᱴ ᱨᱮᱭᱟᱜ ᱦᱚᱠ ᱟᱣᱛᱟᱨᱮ ᱯᱟᱲᱟᱜᱼᱟ ᱾
"Dozens of newspapers are published in Kerala, in nine major languages, but principally Malayalam and English.","ᱠᱮᱨᱚᱞ ᱨᱮ ᱟᱨᱮ ᱜᱚᱴᱟᱝ ᱢᱩᱲᱩᱫ ᱯᱟᱹᱨᱥᱤ, ᱢᱮᱱᱠᱷᱟᱱ ᱢᱩᱲᱩᱫ ᱫᱚ ᱢᱟᱞᱟᱭᱟᱞᱚᱢ ᱟᱨ ᱤᱝᱨᱮᱡᱤ ᱛᱮ ᱠᱤᱪᱷᱩ ᱰᱚᱡᱚᱱ ᱠᱷᱚᱵᱚᱨ ᱠᱟᱜᱚᱡᱽ ᱩᱪᱷᱟᱹᱱᱚᱜᱼᱟ ᱾"
A Superintendent of Police is responsible for the police administration of each district.,ᱡᱷᱚᱛᱚ ᱦᱚᱱᱚᱛ ᱨᱮ ᱯᱩᱞᱤᱥ ᱯᱨᱚᱥᱟᱥᱚᱱ ᱟᱜ ᱟᱹᱜᱤᱵᱷᱟᱨ ᱨᱮ ᱢᱮᱱᱟᱭᱼᱟ ᱢᱤᱫᱦᱚᱲ ᱯᱩᱞᱤᱥ ᱥᱩᱯᱟᱨ ᱾
"Tamil Nadu covers an area of 130,058Â km2 and is the tenth-largest state in India.","ᱛᱟᱢᱤᱞᱱᱟᱲᱩ ᱑᱓᱐,᱐᱕᱘ ᱠᱤᱢᱤ ᱴᱚᱴᱷᱟᱨᱮ ᱯᱟᱥᱱᱟᱣᱼᱟ ᱟᱨ ᱱᱚᱶᱟ ᱵᱷᱨᱚᱛ ᱨᱮᱭᱟᱜ ᱜᱮᱞ ᱟᱱᱟᱝ ᱞᱟᱹᱴᱩ ᱯᱚᱱᱚᱛ ᱠᱟᱱᱟ ᱾"
Ajatashatru founded the city of Pataliputra which later became the capital of Magadha.,ᱚᱡᱟᱛᱥᱚᱛᱨᱩ ᱯᱟᱴᱞᱤᱯᱩᱛᱛᱚᱨᱚ ᱱᱟᱜᱟᱨ ᱮ ᱛᱷᱟᱯᱚᱱ ᱞᱮᱫᱟᱭ ᱾ ᱡᱟᱦᱟᱸ ᱛᱟᱭᱚᱢ ᱛᱮ ᱢᱚᱜᱚᱫᱷ ᱨᱮᱭᱟᱜ ᱨᱟᱡᱽᱱᱟᱜᱟᱨ ᱦᱳᱭ ᱞᱮᱱᱟ ᱾
"After a six-year relationship, the couple separated amicably in December 2014.","ᱛᱩᱨᱩᱭ ᱥᱮᱨᱢᱟ ᱥᱟᱹᱜᱟᱹᱭᱟᱱ ᱛᱟᱭᱚᱢ, ᱡᱩᱨᱤᱯᱟᱹᱨᱤ ᱒᱐᱑᱔ ᱥᱟᱹᱦᱤᱛ ᱨᱮᱭᱟᱜ ᱰᱤᱥᱮᱢᱵᱚᱨ ᱨᱮ ᱜᱟᱛᱮ ᱞᱮᱠᱟᱛᱮ ᱠᱤᱱ ᱵᱷᱮᱨᱟᱨ ᱮᱱᱟᱠᱤᱱ ᱾"
Silchar is the second most populous city in Assam and an important centre of business.,ᱥᱤᱞᱟᱪᱚᱨ ᱟᱥᱟᱢ ᱨᱮᱭᱟᱜ ᱫᱚᱥᱟᱨ ᱡᱚᱛᱚᱠᱷᱚᱱ ᱥᱟᱸᱜᱮ ᱦᱚᱲᱟᱱ ᱥᱟᱦᱟᱨ ᱟᱨ ᱵᱮᱯᱟᱨ ᱨᱮᱭᱟᱜ ᱢᱤᱫᱴᱟᱝ ᱞᱟᱹᱠᱛᱤᱭᱟᱱ ᱛᱟᱞᱢᱟ ᱾
Australian Matthew Mitcham took home gold with a final score of 537.95 in men's 10m diving.,ᱠᱚᱲᱟ ᱠᱚᱣᱟᱜ ᱑᱐ ᱢᱤᱴᱟᱨ ᱰᱟᱭᱵᱷᱤᱝ ᱨᱮ ᱚᱥᱴᱨᱮᱞᱤᱭᱟᱱ ᱢᱮᱛᱷᱤᱭᱩ ᱢᱤᱪᱮᱢ ᱕᱓᱗ᱹ᱙᱕ ᱨᱮ ᱞᱟᱯᱷᱟᱝ ᱥᱠᱳᱨ ᱠᱟᱛᱮ ᱥᱚᱱᱟᱭ ᱤᱫᱤ ᱠᱮᱫᱟ ᱾
It was built by the Kishangarh Royal family nearly 250 years ago.,ᱱᱚᱶᱟ ᱫᱚ ᱡᱟᱹᱱᱤᱡᱽ ᱒᱕᱐ ᱥᱮᱨᱢᱟ ᱢᱟᱲᱟᱝ ᱠᱤᱥᱟᱱᱜᱚᱲ ᱨᱟᱡᱽ ᱜᱷᱟᱨᱚᱸᱡᱽ ᱫᱟᱨᱟᱭᱛᱮ ᱵᱮᱱᱟᱣ ᱦᱩᱭ ᱞᱮᱱᱟ ᱾
"Urban centres include Guwahati, one of the 100 fastest growing cities in the world.",ᱱᱟᱜᱟᱨ ᱛᱟᱞᱢᱟ ᱠᱚ ᱢᱩᱫᱽᱨᱮ ᱜᱩᱣᱟᱦᱟᱹᱴᱤ ᱫᱚ ᱦᱩᱭᱩᱜ ᱠᱟᱱᱟ ᱡᱮᱜᱮᱫ ᱨᱮᱭᱟᱜ ᱑᱐᱐ ᱜᱚᱴᱟᱝ ᱟᱹᱰᱤ ᱩᱥᱟᱹᱨᱟ ᱵᱟᱹᱰᱚᱜ ᱠᱟᱱ ᱥᱟᱦᱟᱨ ᱠᱚ ᱢᱩᱫᱽ ᱨᱮ ᱢᱤᱫᱴᱟᱝ ᱾
Efforts are underway to preserve the intellectual property rights of amchi medicine for the people of Ladakh.,ᱞᱟᱫᱟᱠᱷ ᱨᱤᱱ ᱦᱚᱲ ᱠᱚ ᱞᱟᱹᱜᱤᱫ ᱚᱢᱪᱤ ᱨᱟᱱ ᱨᱮᱱᱟᱜ ᱵᱳᱫᱫᱷᱤᱠ ᱫᱩᱨᱤᱵ ᱟᱹᱭᱫᱟᱹᱨᱤ ᱠᱚ ᱨᱟᱠᱷᱟ ᱫᱚᱦᱚ ᱞᱟᱹᱜᱤᱫ ᱮ ᱨᱤᱠᱟᱹᱭ ᱪᱟᱞᱟᱶ ᱮᱫᱟ ᱾
"Similarly in Southeast Asia, the kentongan slit drum is used for the same purpose.","ᱱᱚᱝᱠᱟ ᱞᱮᱠᱟᱜᱮ ᱫᱚᱠᱠᱷᱤᱱ ᱯᱩᱨᱩᱵ ᱮᱥᱤᱭᱟᱨᱮ , ᱠᱮᱱᱛᱟᱝᱜᱟᱱ ᱥᱞᱤᱴ ᱰᱨᱟᱢ ᱫᱚ ᱱᱚᱣᱟ ᱞᱟᱹᱜᱤᱫ ᱜᱮᱠᱚ ᱵᱮᱣᱦᱟᱨᱟ ᱾"
"The 7th Nizam wanted to retain the independence of the Princely Hyderabad State from India, but the people of the region launched a movement to join the Indian Union.",ᱮᱭᱟᱭᱟᱱ ᱱᱤᱡᱟᱢ ᱵᱷᱟᱨᱛ ᱨᱮᱭᱟᱜ ᱱᱟᱯᱟᱭ ᱩᱛᱟᱹᱨ ᱦᱟᱭᱫᱨᱟᱵᱟᱫ ᱯᱚᱱᱚᱛ ᱨᱮᱭᱟᱜ ᱯᱷᱩᱨᱜᱟᱹᱞ ᱥᱟᱵ ᱫᱚᱦᱚᱭ ᱠᱷᱚᱡ ᱞᱮᱫᱟᱭ ᱢᱮᱱᱠᱷᱟᱱ ᱱᱚᱶᱟ ᱴᱚᱴᱷᱟᱨᱮᱱ ᱦᱚᱲᱠᱚ ᱫᱚ ᱵᱷᱟᱨᱚᱛ ᱥᱚᱨᱠᱟᱨ ᱨᱮ ᱥᱮᱞᱮᱫ ᱞᱟᱹᱜᱤᱫ ᱟᱸᱫᱳᱲᱮ ᱮᱦᱚᱵ ᱞᱮᱫᱟ ᱾
Bastar and Dantewada in south Chhattisgarh are the most illiterate districts and the dropout ratio is the highest among all the districts.,ᱫᱚᱠᱷᱤᱱ ᱪᱷᱚᱛᱛᱤᱨᱤᱥᱜᱚᱲ ᱨᱮᱭᱟᱜ ᱵᱚᱥᱛᱟ ᱟᱨ ᱫᱟᱱᱛᱮᱣᱟᱲᱟ ᱫᱚ ᱦᱩᱭᱩᱜ ᱠᱟᱱᱟ ᱡᱷᱚᱛᱚ ᱠᱷᱚᱱ ᱢᱩᱨᱩᱠ ᱦᱚᱱᱚᱛ ᱟᱨ ᱥᱟᱱᱟᱢ ᱦᱚᱱᱚᱛ ᱠᱚ ᱢᱩᱫᱨᱮ ᱵᱤᱫᱽᱫᱟᱹᱜᱟᱲ ᱵᱟᱹᱜᱤᱭᱟᱜ ᱨᱮᱭᱟᱜ ᱦᱟᱨ ᱡᱷᱚᱛᱚ ᱠᱷᱚᱱ ᱡᱟᱹᱥᱛᱤ ᱱᱚᱶᱟ ᱵᱟᱨ ᱦᱚᱱᱚᱛ ᱨᱮ ᱾
"The bordering states are Kerala to the west, Karnataka to the north-west, and Andhra Pradesh to the north.","ᱥᱤᱢᱟᱹ ᱟᱹᱲᱮ ᱯᱚᱱᱚᱛ ᱠᱚᱫᱚ ᱦᱩᱭᱩᱜ ᱠᱟᱱᱟ ᱯᱚᱪᱤᱢᱨᱮ ᱠᱮᱨᱟᱞᱟ, ᱩᱛᱛᱚᱨᱼᱯᱚᱪᱤᱢᱨᱮ ᱠᱚᱨᱱᱟᱴᱚᱠ ᱟᱨ ᱩᱛᱛᱚᱨ ᱨᱮ ᱚᱱᱫᱷᱨᱚ ᱯᱨᱚᱫᱮᱥ ᱾"
"The Hindu is the most read English language newspaper in the state, followed by The New Indian Express.","ᱫᱟ ᱦᱤᱱᱫᱩ ᱫᱚ ᱠᱟᱱᱟ ᱯᱚᱱᱚᱛ ᱨᱮᱭᱟᱜ ᱡᱷᱚᱛᱚ ᱠᱷᱚᱱ ᱵᱟᱹᱲᱛᱤ ᱯᱟᱲᱦᱟᱣ ᱟᱱ ᱠᱷᱚᱵᱚᱨ ᱥᱟᱠᱟᱢ , ᱱᱤᱭᱟᱹ ᱛᱟᱭᱱᱚᱢ ᱫᱚ ᱠᱟᱱᱟ ᱫᱟ ᱤᱱᱰᱤᱭᱟᱱ ᱮᱠᱥᱯᱨᱮᱥ ᱾"
The ban comes after the Bosnian Football Federation (NSBIH) rejected a demand from FIFA to change its three-man presidency to a single president.,ᱱᱚᱶᱟ ᱵᱟᱨᱚᱱ ᱫᱚ ᱵᱚᱥᱱᱤᱭᱟᱱ ᱯᱷᱩᱴᱵᱚᱞ ᱯᱷᱮᱰᱟᱨᱮᱥᱚᱱ (ᱮᱱ ᱮᱥ ᱵᱤ ᱟᱭ ᱮᱭᱤᱪ) ᱯᱷᱤᱯᱷᱟ ᱨᱮᱱ ᱯᱮ ᱨᱟᱹᱥᱤᱭᱟᱹ ᱟᱜ ᱥᱚᱵᱷᱟ ᱜᱚᱢᱠᱮ ᱛᱟᱞᱟᱛᱮ ᱢᱤᱫ ᱫᱤᱥᱚᱢ ᱜᱚᱢᱠᱮ ᱵᱚᱫᱚᱞ ᱫᱟᱹᱵᱤ ᱥᱟᱦᱟ ᱛᱟᱭᱚᱢ ᱦᱤᱡᱩᱜᱼᱟ ᱾
"It is also celebrated as Sajibu Nongma Panba Cheiraoba in countries like Nepal, Myanmar, Cambodia and other nations where there are lot of Hindus like Singapore and Malaysia.","ᱱᱚᱶᱟ ᱫᱚ ᱱᱮᱯᱟᱞ, ᱢᱟᱭᱟᱱᱢᱟᱨ, ᱠᱚᱢᱵᱳᱰᱤᱭᱟ ᱟᱨ ᱮᱴᱟᱜ ᱫᱤᱥᱚᱢ ᱡᱟᱦᱟᱸᱨᱮ ᱥᱤᱝᱜᱟᱯᱩᱨ ᱟᱨ ᱢᱟᱞᱚᱭᱮᱥᱤᱭᱟ ᱞᱮᱠᱟ ᱟᱭᱢᱟ ᱦᱤᱱᱫᱩ ᱢᱮᱱᱟᱜ ᱠᱚᱣᱟ ᱚᱸᱰᱮ ᱥᱟᱪᱤᱵᱩ ᱱᱳᱝᱢᱟ ᱯᱟᱱᱵᱟ ᱪᱮᱨᱟᱣᱵᱟ ᱞᱮᱠᱟᱛᱮᱠᱚ ᱯᱟᱞᱟᱣᱟ ᱾"
"Under these rules, if a man went down and could not continue after a count of 30 seconds, the fight was over.","ᱱᱚᱶᱟ ᱱᱮᱭᱟᱢ ᱨᱮᱭᱟᱜ ᱟᱶᱛᱟ ᱨᱮ, ᱡᱩᱫᱤ ᱢᱤᱫᱦᱚᱲ ᱟᱲᱜᱳᱱᱟᱭ ᱟᱨ ᱓᱐ ᱴᱤᱲᱤᱡ ᱞᱮᱠᱷᱟ ᱛᱟᱭᱱᱚᱢ ᱵᱟᱝᱼᱮ ᱪᱟᱞᱟᱣ ᱫᱟᱲᱮᱭᱟᱜᱼᱟ ᱩᱱᱫᱚ ᱞᱟᱹᱲᱦᱟᱹᱭ ᱢᱩᱪᱟᱹᱫ ᱞᱮᱱ ᱛᱟᱦᱮᱸᱫ ᱾"
"He got his breakthrough role as an actor in 1949 with Mehboob Khan's 'Andaz', in which he starred alongside Raj Kapoor and Nargis.","ᱩᱱᱤ ᱫᱚ ᱑᱙᱔᱙ ᱥᱟᱹᱦᱤᱛ ᱨᱮ ᱢᱮᱦᱚᱵᱩᱵᱽ ᱠᱷᱟᱱ ᱟᱜ 'ᱟᱱᱫᱟᱡᱽ' ᱛᱟᱞᱟᱛᱮ ᱢᱤᱫᱦᱚᱲ ᱯᱟᱴᱷᱚᱠ ᱞᱮᱠᱟᱛᱮ ᱟᱭᱟᱜ ᱡᱩᱜᱽᱡᱤᱭᱟᱹᱲ ᱚᱱᱩᱯᱩᱨᱩᱢ ᱦᱟᱢᱮᱴ ᱞᱮᱫᱟᱭ, ᱡᱟᱸᱦᱟ ᱨᱮ ᱩᱱᱤ ᱫᱚ ᱨᱟᱡᱽ ᱠᱟᱯᱩᱨ ᱟᱨ ᱱᱟᱨᱜᱤᱥ ᱥᱟᱶᱛᱮ ᱚᱵᱷᱤᱱᱚᱭ ᱞᱮᱫᱟᱭ ᱾"
Law enforcement within the territory is the responsibility of the Dadra and Nagar Haveli and Daman and Diu Police.,ᱱᱤᱭᱟᱹ ᱴᱚᱴᱷᱟ ᱢᱩᱫᱽᱨᱮ ᱟᱹᱱ ᱞᱟᱹᱜᱩᱨᱮᱭᱟᱜ ᱵᱷᱟᱹᱨᱤᱭᱟᱹ ᱫᱚ ᱫᱟᱫᱽᱨᱟ ᱟᱨ ᱱᱚᱜᱚᱨ ᱦᱟᱵᱷᱮᱞᱤ ᱟᱨ ᱫᱚᱢᱚᱱ ᱟ ᱫᱤᱭᱩ ᱨᱮᱱ ᱯᱩᱞᱤᱥᱟᱜ ᱾
Aakash Vani's television premiere was on Zee TV.,ᱟᱠᱟᱥ ᱵᱟᱱᱤ ᱴᱮᱞᱤᱵᱷᱤᱥᱚᱱ ᱯᱨᱤᱢᱤᱭᱟᱨ ᱛᱟᱦᱮᱸᱠᱟᱱᱟ ᱡᱤ ᱴᱤᱵᱷᱤ ᱨᱮ ᱾
"However, many men also observe this festival as Chhath is not a gender-specific festival.","ᱡᱟᱦᱟᱸᱭᱮᱱᱜᱮ, ᱪᱷᱚᱴ ᱡᱟᱦᱟᱸᱱ ᱡᱟᱱᱟᱝ ᱴᱟᱣᱠᱟᱹ ᱯᱚᱨᱚᱵᱽ ᱵᱟᱝ ᱦᱩᱭ ᱟᱠᱟᱱ ᱚᱡᱮᱛᱮ ᱟᱭᱢᱟ ᱠᱚᱲᱟᱦᱚᱲ ᱦᱚᱸ ᱱᱚᱣᱟ ᱯᱚᱨᱚᱵ ᱫᱚᱠᱚ ᱯᱟᱞᱟᱣᱟ ᱾"
"Paddy, the main food crop, is mostly cultivated in the Andaman group of islands, whereas coconut and areca nut are the cash crops of the Nicobar group of islands.","ᱢᱩᱲᱩᱫ ᱟᱨᱡᱟᱣ ᱦᱳᱲᱳ ᱫᱚ ᱵᱟᱲᱛᱤᱠᱟᱭᱛᱮ ᱟᱱᱫᱟᱢᱟᱱ ᱰᱷᱤᱯ ᱠᱚᱨᱮ ᱪᱟᱥ ᱦᱳᱭᱳᱜᱼᱟ, ᱟᱨ ᱢᱤᱫ ᱯᱟᱦᱟᱴᱟ ᱫᱚ ᱱᱟᱨᱠᱮᱹᱞ ᱟᱨ ᱥᱩᱯᱟᱹᱨᱤ ᱱᱤᱠᱳᱵᱚᱨ ᱰᱷᱤᱯ ᱨᱮᱭᱟᱜ ᱠᱟᱣᱰᱤᱭᱟᱱ ᱟᱨᱡᱟᱣ ᱡᱚ ᱠᱟᱱᱟ ᱾"
"Mr. Jones talked to the girl for up to 30 minutes, trying to convince her to take off the crucifix.","ᱢᱤᱥᱴᱟᱨ ᱡᱳᱱᱥ ᱓᱐ ᱴᱤᱲᱤᱡ ᱫᱷᱟᱹᱵᱤᱡ ᱠᱩᱲᱤ ᱥᱟᱶ ᱠᱟᱛᱷᱟᱭ ᱨᱚᱲ ᱠᱮᱫᱟ, ᱩᱱᱤ ᱠᱨᱩᱥ ᱫᱚ ᱨᱟᱲᱟ ᱜᱤᱰᱤᱭ ᱨᱟᱹᱡᱤ ᱩᱪᱩᱭᱮ ᱠᱩᱨᱩᱢᱩᱴᱩ ᱠᱮᱫᱟ ᱾"
There are 13 municipal corporations and 132 municipalities in the state.,ᱯᱚᱱᱚᱛ ᱨᱮ ᱑᱓ ᱜᱚᱴᱟᱝ ᱯᱳᱣᱨᱚᱱᱤᱜᱚᱢ ᱟᱨ ᱑᱓᱒ ᱜᱚᱴᱟᱝ ᱯᱳᱣᱨᱚᱥᱚᱵᱷᱟ ᱢᱮᱱᱟᱜᱼᱟ᱾
A specimen of the rock is exhibited at Goa University.,ᱫᱷᱤᱨᱤ ᱨᱮᱭᱟᱜ ᱢᱤᱫᱴᱟᱝ ᱪᱤᱱᱦᱟᱹ ᱜᱳᱣᱟ ᱡᱮᱜᱮᱫ ᱵᱤᱨᱫᱟᱹᱜᱟᱲᱨᱮ ᱩᱫᱩᱜ ᱥᱚᱫᱚᱨ ᱦᱩᱭ ᱟᱠᱟᱱᱟ ᱾
"In the period between the decline of the Mughal dynasty and the upsurgence of British Imperial rule, polo almost vanished from mainland India.","ᱢᱩᱜᱷᱚᱞ ᱨᱟᱡᱽᱜᱷᱟᱨᱚᱧᱡ ᱠᱚᱶᱟᱜ ᱱᱟᱥᱟᱣ ᱟᱨ ᱵᱨᱤᱴᱤᱥ ᱥᱟᱢᱨᱟᱡᱽ ᱥᱟᱥᱚᱱ ᱨᱮᱭᱟᱜ ᱨᱟᱠᱟᱵ ᱚᱠᱛᱮ ᱨᱮ, ᱯᱳᱞᱳ ᱢᱩᱬᱩᱫ ᱚᱛᱮᱫ ᱠᱷᱚᱱ ᱯᱨᱟᱭ ᱟᱸᱜᱮᱱ ᱩᱛᱟᱹᱨ ᱞᱮᱱᱟ ᱾"
"Simha, along with his friends, started a theatre group called ""Nataranga"" in 1972.","ᱥᱤᱝᱦᱚ, ᱟᱡᱨᱮᱱ ᱜᱟᱛᱮᱠᱚ ᱥᱟᱶ ᱑᱙᱗᱒ ᱥᱟᱹᱦᱤᱛ ᱨᱮ 'ᱱᱚᱴ ᱨᱚᱝᱜᱚ' ᱧᱩᱛᱩᱢᱟᱱ ᱢᱤᱫᱴᱟᱝ ᱜᱟᱭᱟᱱ ᱫᱚᱞᱮ ᱮᱛᱚᱦᱚᱵ ᱞᱮᱫᱟ ᱾"
"In some tellings, the tales are interlinked, with one acting as a frame story for another.","ᱢᱤᱫ ᱵᱟᱨ ᱨᱚᱲ ᱛᱟᱞᱟᱨᱮ, ᱠᱟᱦᱱᱤᱠᱚ ᱢᱤᱫᱴᱟᱝ ᱥᱟᱶ ᱢᱤᱫᱴᱟᱝ ᱡᱚᱯᱲᱟᱣ ᱛᱟᱦᱮᱸᱱᱟ, ᱢᱤᱫᱴᱟᱝ ᱥᱟᱶ ᱟᱨ ᱢᱤᱫᱴᱟᱝ ᱞᱟᱹᱜᱤᱫ ᱯᱷᱨᱮᱢ ᱠᱟᱦᱱᱤ ᱞᱮᱠᱟᱭ ᱠᱟᱹᱢᱤᱭᱟ ᱾"
The central government may appoint advisers to assist the administrator with his duties.,ᱛᱟᱞᱢᱟ ᱥᱚᱨᱠᱟᱨ ᱥᱟᱥᱱᱤᱭᱟᱹ ᱞᱮᱠᱟᱛᱮ ᱩᱱᱤᱭᱟ ᱟᱸᱜᱤᱵᱷᱟᱨ ᱨᱮ ᱜᱚᱲᱚ ᱥᱚᱯᱚᱦᱚᱫ ᱞᱟᱹᱜᱤᱫᱛᱮ ᱢᱤᱫ ᱦᱚᱲ ᱥᱟᱞᱦᱟ ᱮᱢᱚᱜ ᱤᱡ ᱠᱚ ᱵᱟᱪᱷᱱᱟᱣ ᱫᱟᱲᱮᱭᱟᱭᱟ ᱾
You can always circle back later if you have more time.,ᱟᱢ ᱴᱷᱮᱱ ᱟᱨᱦᱚᱸ ᱚᱠᱛᱚ ᱛᱟᱸᱦᱮᱱ ᱠᱷᱟᱱ ᱟᱢ ᱫᱚ ᱥᱟᱨᱟ ᱜᱷᱟᱹᱲᱤᱢ ᱨᱩᱣᱟᱹᱲ ᱫᱟᱲᱮᱹᱭᱟᱜᱼᱟ ᱾
The great majority of Mizoram's population consists of several ethnic tribes that are either culturally or linguistically linked.,ᱢᱤᱡᱳᱨᱟᱢ ᱨᱮᱱ ᱦᱚᱲᱞᱮᱠᱷᱟ ᱨᱮᱭᱟᱜ ᱵᱤᱨᱟᱹᱴ ᱥᱟᱸᱜᱮ ᱞᱮᱠᱷᱟ ᱦᱟᱹᱴᱤᱧ ᱢᱮᱱᱟᱜ ᱟᱠᱟᱫᱟ ᱟᱭᱢᱟ ᱡᱟᱹᱛᱤᱭᱟᱱ ᱪᱟᱸᱜᱟᱡᱟᱹᱛᱤ ᱡᱟᱦᱟᱸᱭᱠᱚ ᱦᱩᱭᱩᱜᱼᱟ ᱫᱚ ᱞᱟᱠᱪᱟᱨ ᱞᱮᱠᱟᱛᱮ ᱥᱮ ᱯᱟᱹᱨᱥᱤ ᱞᱮᱠᱟᱛᱮ ᱠᱚ ᱥᱮᱞᱮᱫ ᱟᱠᱟᱱᱟ ᱾
"Notable athlete, Ravi Dahiya, was born in Nahri village of Sonipat District.","ᱧᱩᱢᱟᱱ ᱠᱷᱮᱞᱚᱸᱰ ᱜᱟᱹᱠᱷᱩᱲᱤᱭᱟᱹ, ᱨᱚᱵᱤ ᱫᱟᱦᱤᱭᱟ, ᱥᱳᱱᱤᱯᱟᱛ ᱯᱚᱱᱚᱛ ᱨᱮᱭᱟᱜ ᱱᱟᱦᱚᱨᱤ ᱟᱹᱛᱩ ᱨᱮᱭ ᱡᱟᱱᱟᱢ ᱞᱮᱱᱟ ᱾"
"Initially, members of the national media were well aware of Rogers' sexual orientation, and it was widely reported that Rogers was not married and left no children.","ᱮᱛᱚᱦᱚᱱ ᱞᱮᱠᱟᱛᱮ, ᱡᱮᱜᱮᱛ ᱞᱮᱠᱟᱛᱮ ᱨᱟᱹᱥᱤᱭᱟᱹ ᱨᱚᱡᱟᱥ ᱨᱮᱭᱟᱜ ᱢᱤᱞᱚᱱ ᱱᱟᱯᱟᱭ ᱛᱮ ᱛᱟᱦᱮᱜ ᱠᱟᱱᱟᱭ, ᱟᱨ ᱨᱚᱡᱟᱥ ᱟᱜ ᱵᱟᱯᱞᱟ ᱵᱟᱝ ᱦᱩᱭ ᱠᱷᱟᱛᱤᱨ ᱟᱨ ᱜᱤᱫᱽᱨᱟᱹ ᱵᱟᱝ ᱛᱟᱸᱦᱮᱱ ᱠᱷᱟᱸᱛᱤᱨ ᱠᱷᱚᱵᱚᱨ ᱫᱚ ᱜᱚᱴᱟ ᱥᱮᱛ ᱯᱟᱥᱱᱟᱣ ᱞᱮᱱᱟ ᱾"
"Major Malayalam periodicals include Mathrubhumi Azhchappathippu, Vanitha, India Today Malayalam, Madhyamam Weekly, Grihalakshmi, Dhanam, Chithrabhumi, and Bhashaposhini.","ᱢᱩᱬᱩᱫ ᱢᱟᱞᱟᱭᱟᱞᱚᱢ ᱥᱟᱢᱚᱭᱤᱠ ᱯᱟᱛᱷᱟᱢ ᱠᱚ ᱢᱩᱫᱽᱨᱮ ᱢᱮᱱᱟᱜᱼᱟ ᱢᱟᱛᱨᱤ ᱵᱷᱩᱢᱤ ᱟᱨᱞᱪᱚᱯᱫᱤᱯᱚᱯᱩ ᱵᱷᱚᱱᱤᱛᱷᱟ , ᱤᱱᱰᱤᱭᱟ ᱴᱩᱰᱮ ᱢᱟᱞᱚᱭᱟᱞᱚᱢ, ᱢᱚᱫᱫᱷᱚᱢᱚᱢᱚ ᱩᱭᱠᱞᱤ, ᱜᱨᱤᱦᱚᱞᱚᱠᱠᱷᱤ, ᱫᱷᱟᱱᱚᱢ, ᱪᱤᱛᱨᱚᱵᱷᱩᱢᱤ ᱟᱨ ᱵᱷᱟᱥᱟ ᱯᱳᱥᱤᱱᱤ ᱾"
"The western part of the plateau, comprising the Garo Hills region with lower elevations, experiences high temperatures for most of the year.","ᱢᱟᱞᱵᱷᱩᱢᱤ ᱯᱚᱪᱷᱤᱢ ᱯᱟᱦᱟᱴᱟ ᱨᱮ, ᱜᱟᱨᱳ ᱯᱚᱨᱯᱚᱛᱟ ᱴᱚᱴᱷᱟ ᱨᱮ ᱞᱟᱛᱟᱨ ᱪᱮᱛᱟᱱ ᱥᱚᱦᱚᱸ, ᱥᱮᱨᱢᱟ ᱨᱮᱭᱟᱜ ᱟᱭᱢᱟᱜᱟᱱ ᱚᱠᱛᱚ ᱨᱮ ᱩᱥᱩᱞ ᱞᱚᱞᱚᱥᱚᱝ ᱧᱮᱞ ᱧᱟᱢᱚᱜᱼᱟ ᱾"
"However recently in March 2013, the Meghalaya High Court was separated from the Gauhati High Court and now the state has its own High Court.","ᱢᱮᱱᱠᱷᱟᱱ ᱱᱮᱦᱟᱹᱞᱤ ᱒᱐᱑᱓ ᱥᱟᱹᱦᱤᱛ ᱨᱮᱭᱟᱜ ᱢᱟᱨᱪ ᱪᱟᱸᱫᱚ ᱨᱮ, ᱢᱮᱜᱷᱟᱞᱚᱭ ᱦᱟᱭᱠᱳᱨᱴ ᱨᱮ ᱜᱳᱶᱦᱟᱹᱴᱤ ᱦᱟᱭᱠᱳᱴ ᱠᱷᱚᱱ ᱵᱷᱮᱜᱟᱨ ᱞᱮᱫᱮᱭᱟᱠᱚ ᱟᱨ ᱱᱤᱛᱚᱜ ᱦᱚᱱᱚᱛ ᱨᱮᱭᱟᱜ ᱤᱧᱟᱜ ᱦᱟᱭᱠᱳᱴ ᱢᱮᱱᱟᱜᱼᱟ ᱾"
Wikinews also took a deeper look at the claim and investigated further.,ᱣᱤᱠᱤᱱᱤᱭᱩᱡᱽ ᱫᱟᱹᱵᱤ ᱫᱚ ᱟᱨᱦᱚᱸ ᱜᱟᱹᱦᱤᱨᱥᱟᱹᱦᱤᱡᱽ ᱧᱮᱞ ᱟᱠᱟᱫᱟ ᱟᱨᱮ ᱠᱷᱚᱸᱡ ᱟᱠᱟᱫᱟ ᱾
"For, as Shankar explained, 90 percent of all the music played was improvised.","ᱚᱡᱮ, ᱥᱚᱝᱠᱚᱨ ᱡᱟᱸᱦᱟ ᱞᱮᱠᱟᱭ ᱵᱤᱪᱷᱱᱟᱹᱣ ᱟᱠᱟᱫᱟ, ᱨᱩ ᱨᱮᱭᱟᱜ ᱥᱟᱱᱟᱢ ᱥᱮᱨᱮᱧ ᱨᱮ ᱙᱐ ᱥᱟᱭ ᱠᱟᱲᱟ ᱤᱢᱯᱨᱳᱵᱷᱟᱭᱤᱡ ᱠᱚᱨᱟᱶ ᱦᱳᱭ ᱞᱮᱱᱟ ᱾"
There are a total of 12 cities in the state.,ᱯᱚᱱᱚᱛ ᱨᱮ ᱜᱩᱴ ᱑᱒ ᱜᱚᱴᱟᱝ ᱥᱟᱦᱟᱨ ᱢᱮᱱᱟᱜᱼᱟ ᱾
"The auditor will produce a report, which must be filed with Companies House.","ᱧᱮᱞᱥᱟᱢᱴᱟᱣᱤᱡ ᱢᱤᱫᱴᱮᱱ ᱨᱮᱛᱮᱫ ᱵᱮᱱᱟᱣ ᱟᱭ, ᱡᱟᱦᱟᱸ ᱠᱳᱢᱯᱟᱱᱤ ᱚᱲᱟᱜ ᱨᱮ ᱥᱟᱢᱟᱝ ᱦᱩᱭᱩᱜᱼᱟ ᱾"
"He then proceeded to convert some 500,000 of his supporters who were gathered around him.","ᱚᱱᱟ ᱛᱟᱭᱚᱢ ᱩᱱᱤ ᱫᱚ ᱟᱡ ᱥᱩᱨᱼᱥᱩᱯᱩᱨ ᱡᱟᱣᱨᱟ ᱟᱠᱟᱱ ᱢᱚᱴᱟᱢᱚᱴᱤ ᱕᱐᱐,᱐᱐᱐ ᱥᱚᱢᱚᱨᱛᱷᱚᱠ ᱠᱚ ᱵᱚᱫᱚᱞ ᱞᱟᱹᱜᱤᱫ ᱠᱚ ᱞᱟᱦᱟ ᱥᱮᱱ ᱞᱮᱱᱟ᱾"
He recently had a friendly appearance as a film star in Madhur Bhandarkar's film Heroine.,ᱩᱱᱤᱫᱚ ᱱᱤᱭᱟᱹ ᱜᱷᱟᱹᱲᱤ ᱢᱚᱫᱷᱩᱨ ᱵᱷᱟᱱᱫᱟᱨ ᱨᱮ ᱯᱟᱴᱚᱠᱤᱭᱟ ᱪᱚᱞᱚᱛ ᱪᱤᱛᱟᱹᱨ ᱨᱮ ᱢᱤᱫᱦᱚᱲ ᱪᱚᱞᱚᱛ ᱪᱤᱛᱟᱹᱨ ᱞᱮᱠᱟᱛᱮ ᱢᱤᱫᱴᱟᱝ ᱵᱷᱟᱞᱮᱭᱟᱱᱟᱜ ᱥᱮᱞᱮᱫ ᱠᱚᱨᱟᱣ ᱞᱮᱫᱟᱭ ᱾
Other names for the festival are ratha jatra or chariot festival.,ᱯᱟᱨᱟᱵᱽ ᱨᱮᱭᱟᱜ ᱮᱴᱟᱜ ᱧᱩᱛᱩᱢ ᱨᱚᱛᱷ ᱡᱟᱛᱨᱟ ᱥᱮ ᱨᱚᱛᱷ ᱩᱛᱥᱚᱵᱽ ᱠᱟᱱᱟ ᱾
"When the game starts, each of the other members can only move sideways/horizontally.","ᱜᱮᱢ ᱮᱦᱚᱵᱚᱜ ᱛᱟᱭᱚᱢ, ᱮᱴᱟᱜ ᱠᱷᱮᱞᱳᱸᱰᱤᱭᱟᱹ ᱠᱚᱫᱚ ᱥᱟᱱᱟᱢ ᱜᱮ ᱮᱠᱷᱮᱱ ᱢᱤᱫ ᱥᱮᱫ ᱚᱪᱚᱜ/ ᱥᱚᱢᱟᱱ ᱛᱮ ᱥᱚᱨᱟᱣᱚᱜᱼᱟ ᱾"
"You receive fixed interest payments, usually twice per year until the term of the bond expires.",ᱵᱚᱱᱰ ᱨᱮᱭᱟᱜ ᱢᱮᱭᱟᱫ ᱢᱩᱪᱟᱹᱫ ᱫᱷᱟᱹᱵᱤᱡ ᱛᱮ ᱥᱟᱫᱷᱟᱨᱚᱱ ᱞᱮᱠᱟᱛᱮ ᱥᱮᱨᱢᱟᱨᱮ ᱵᱟᱨᱫᱷᱟᱣ ᱥᱩᱫ ᱛᱮ ᱟᱢ ᱴᱟᱠᱟᱢ ᱧᱟᱢᱟ ᱾
Mobile connections outnumber landline connections by a wide margin.,ᱢᱳᱵᱟᱭᱤᱞ ᱛᱮ ᱡᱚᱲᱟᱣ ᱨᱮᱭᱟᱜ ᱞᱮᱠᱷᱟ ᱞᱮᱱᱰᱞᱟᱭᱤᱱ ᱡᱚᱲᱟᱣ ᱠᱷᱚᱱ ᱟᱭᱢᱟ ᱰᱷᱮᱨᱟ ᱾
The ATP Chennai Open tournament is held in Chennai every January.,ᱮᱴᱤᱯᱤ ᱪᱮᱱᱱᱟᱭ ᱳᱯᱮᱱ ᱦᱮᱯᱲᱟᱣ ᱫᱚ ᱪᱮᱱᱱᱟᱭ ᱨᱮ ᱡᱚᱛᱚ ᱡᱟᱱᱩᱣᱟᱹᱨᱤ ᱨᱮᱜᱮ ᱦᱩᱭᱩᱜᱼᱟ ᱾
The cause of death was announced as cancer by his family.,ᱩᱱᱤ ᱨᱮᱱ ᱜᱷᱟᱨᱚᱸᱡᱽ ᱯᱟᱦᱴᱟ ᱠᱷᱚᱱ ᱜᱚᱡ ᱨᱮᱭᱟᱜ ᱚᱡᱮ ᱫᱚ ᱠᱚᱨᱠᱚᱴ ᱟᱡᱟᱨ ᱢᱮᱱᱛᱮ ᱠᱚ ᱪᱷᱟᱹᱴᱭᱟᱹᱨ ᱞᱮᱫᱟ ᱾
"Among the marginalized groups, STs are at the bottom of the rankings, further emphasizing the lack of social development in the state.","ᱯᱚᱱᱚᱛ ᱨᱮ ᱥᱟᱶᱛᱟ ᱨᱮᱭᱟᱜ ᱩᱛᱷᱱᱟᱹᱣ ᱚᱵᱷᱟᱵᱽ ᱠᱟᱴᱩᱵᱛᱮ ᱩᱫᱩᱜ ᱠᱟᱛᱮᱫ, ᱛᱟᱭᱚᱢ ᱟᱠᱟᱱ ᱜᱟᱛᱟᱠ ᱠᱚ ᱢᱩᱫᱽᱨᱮ, ᱮᱥ ᱴᱤ ᱠᱚᱫᱚ ᱛᱷᱟᱨ ᱨᱮᱭᱟᱜ ᱞᱟᱛᱟᱨ ᱥᱮᱫ ᱢᱮᱱᱟᱜ ᱠᱚᱣᱟ ᱾"
"Five gods- Shiva, Vishnu, Durga, Sun and Ganesha are worshiped as one deity in a single Garbhagriha or sanctum sanctorum there.","ᱢᱚᱲᱮ ᱜᱚᱴᱟᱝ ᱵᱚᱸᱜᱟ ᱵᱩᱨᱩᱼ ᱥᱤᱵᱽ, ᱫᱩᱨᱜᱟ, ᱥᱩᱨᱡᱚ ᱟᱨ ᱜᱚᱱᱮᱥ ᱚᱸᱰᱮ ᱢᱤᱢᱤᱫ ᱠᱩᱠᱷᱤᱨᱮ ᱢᱤᱫᱴᱟᱝ ᱵᱚᱸᱜᱟ ᱞᱮᱠᱟᱛᱮ ᱯᱩᱡᱟᱹ ᱦᱩᱭᱩᱜᱼᱟ ᱾"
"When the bond expires, the bond issuer pays you back the principal.","ᱵᱚᱱᱰ ᱨᱮᱭᱟᱜ ᱢᱮᱭᱟᱫᱽ ᱪᱟᱵᱟ ᱞᱮᱱᱠᱷᱟᱱ, ᱵᱚᱱᱰ ᱮᱢᱚᱜᱤᱡ ᱟᱢᱟᱜ ᱟᱥᱚᱞᱮ ᱨᱩᱣᱟᱹᱲ ᱟᱢᱟ ᱾"
"The National Chambal Sanctuary is managed for conservation of gharial and mugger, river dolphin, smooth-coated otter and a number of turtle species.","ᱡᱟᱹᱛᱤᱭᱟᱹᱨᱤ ᱪᱚᱢᱵᱚᱞ ᱜᱟᱹᱦᱤᱨᱵᱤᱨ ᱜᱷᱚᱲᱤᱭᱟᱞ ᱟᱨ ᱢᱚᱠᱚᱨ , ᱱᱟᱹᱭ ᱨᱮᱱ ᱰᱚᱞᱯᱷᱤᱱ, ᱞᱮᱸᱡᱮᱨ ᱦᱚᱲᱢᱚᱣᱟᱱ ᱳᱴᱟᱨ ᱟᱨ ᱠᱤᱪᱷᱩᱜᱟᱱ ᱦᱚᱨᱚ ᱞᱮᱠᱟᱱ ᱠᱚ ᱡᱚᱜᱟᱣ ᱡᱚᱛᱚᱱ ᱞᱟᱹᱜᱤᱫ ᱪᱟᱪᱞᱟᱣᱚᱜᱼᱟ ᱾"
The game was invented in Sweden in the late 1960s.,ᱠᱷᱮᱹᱞ ᱫᱚ ᱑᱙᱖᱐ ᱜᱮᱞᱟᱝ ᱨᱮᱭᱟᱜ ᱢᱩᱪᱟᱹᱫ ᱥᱮᱫ ᱥᱩᱭᱰᱮᱱ ᱨᱮ ᱮᱛᱚᱦᱚᱵ ᱞᱮᱱᱟ ᱾
The world floorball championships are an annual event where teams from across the world gather to play in a tournament in order to win the world championship.,ᱡᱮᱜᱮᱫ ᱯᱷᱞᱳᱨᱵᱚᱞ ᱪᱮᱢᱯᱤᱭᱚᱱᱥᱤᱯ ᱦᱳᱭᱚᱜ ᱠᱟᱱᱟ ᱢᱤᱫᱴᱟᱝ ᱥᱮᱨᱢᱟ ᱯᱩᱨᱟᱹᱣ ᱤᱵᱷᱮᱱᱴ ᱡᱟᱦᱟᱸ ᱨᱮ ᱡᱮᱜᱮᱫ ᱡᱟᱠᱟᱛ ᱫᱚᱞᱠᱚ ᱡᱮᱜᱮᱫ ᱪᱮᱢᱯᱤᱭᱟᱱᱥᱤᱯ ᱡᱤᱛᱠᱟᱹᱨ ᱞᱟᱹᱜᱤᱫ ᱢᱤᱫᱴᱟᱝ ᱴᱩᱨᱱᱟᱢᱮᱱᱴ ᱨᱮ ᱠᱷᱮᱹᱞᱳᱰ ᱞᱟᱹᱜᱤᱫ ᱠᱚ ᱢᱤᱫᱚᱜᱼᱟ ᱾
The members of the Assembly formally took the pledge of being in the service of the country.,ᱥᱚᱝᱥᱚᱫ ᱨᱟᱹᱥᱤᱭᱟᱹ ᱟᱠᱷᱲᱟ ᱩᱰᱷᱟᱶ ᱛᱟᱞᱟᱛᱮ ᱫᱤᱥᱚᱢ ᱥᱮᱵᱟ ᱨᱮᱱᱟᱜ ᱠᱤᱨᱭᱟᱹ ᱠᱚ ᱦᱟᱛᱟᱶᱼᱟ ᱾
Cliffs are present in the Tirathgarh waterfall area and in the western portion of the national park along the Kanger River and Kolab River.,ᱛᱤᱨᱛᱷᱚᱜᱚᱲ ᱫᱟᱜ ᱫᱩᱱᱩᱞ ᱴᱚᱴᱷᱟ ᱟᱨ ᱠᱟᱝᱜᱮᱨ ᱱᱟᱹᱭ ᱟᱨ ᱠᱳᱞᱟᱵ ᱱᱟᱹᱭ ᱟᱲᱤ ᱡᱟᱹᱛᱭᱟᱹᱨᱤ ᱜᱟᱰᱟ ᱨᱮᱱᱟᱜ ᱯᱚᱪᱷᱤᱢ ᱦᱤᱸᱥ ᱨᱮ ᱪᱩᱲᱟᱹ ᱠᱚ ᱢᱮᱱᱟᱜᱼᱟ ᱾
The air routes connect the state with Delhi and Chandigarh.,ᱥᱮᱨᱢᱟ ᱰᱟᱦᱟᱨ ᱠᱚ ᱯᱚᱱᱚᱛ ᱫᱚ ᱫᱤᱞᱞᱤ ᱟᱨ ᱪᱚᱱᱰᱤᱜᱚᱲ ᱥᱟᱶ ᱥᱮᱞᱮᱫᱟᱭ ᱾
"She then starred in the blockbuster film Maine Pyar Kiya as Salman Khan's mother and then in Saajan, also a superhit success at the box office.",ᱱᱚᱶᱟ ᱯᱚᱨᱮ ᱩᱱᱤᱫᱚ ᱵᱞᱚᱠ ᱵᱟᱥᱴᱟᱨ ᱪᱤᱛᱟᱹᱨ ᱢᱮᱭᱱᱮ ᱯᱮᱭᱟᱨ ᱠᱤᱭᱟ ᱨᱮ ᱥᱚᱞᱢᱚᱱ ᱠᱷᱟᱱ ᱟᱜ ᱟᱭᱳᱣᱟᱜ ᱪᱩᱨᱤᱛ ᱨᱮ ᱟᱨ ᱤᱱᱟᱹ ᱯᱚᱨᱮ ᱥᱟᱡᱚᱱ ᱨᱮᱦᱚᱸ ᱚᱵᱷᱤᱱᱚᱭᱮ ᱠᱚᱨᱟᱣ ᱞᱮᱫᱟ ᱡᱟᱦᱟᱸ ᱫᱚ ᱵᱚᱠᱥ ᱚᱯᱷᱤᱥ ᱨᱮ ᱥᱩᱯᱟᱨᱦᱤᱴ ᱞᱮᱱ ᱛᱟᱦᱮᱸᱫ ᱾
He stopped wearing footwear from the day Gandhi died and never wore them again.,ᱜᱟᱱᱫᱷᱤ ᱜᱚᱡ ᱛᱟᱭᱚᱢ ᱫᱤᱱ ᱠᱷᱚᱱ ᱩᱱᱤᱫᱚ ᱯᱟᱱᱟᱦᱤ ᱦᱚᱨᱚᱜ ᱵᱟᱹᱜᱤ ᱠᱮᱫᱟᱭ ᱟᱨ ᱛᱤᱥ ᱨᱮᱦᱚᱸ ᱟᱫᱚ ᱯᱟᱱᱟᱦᱤ ᱵᱟᱝᱮ ᱦᱚᱨᱚᱜ ᱟᱠᱟᱫᱟ ᱾
"Kim, 35, was found at 12 noon Wednesday, half a mile away from the Rogue River.",ᱥᱟᱹᱜᱩᱱ ᱢᱟᱦᱟ ᱛᱤᱠᱤᱱ ᱑᱒ ᱴᱟᱲᱟᱝ ᱥᱮᱫ ᱓᱕ ᱥᱮᱨᱢᱟ ᱩᱢᱮᱨᱟᱱ ᱠᱤᱢ ᱫᱚ ᱨᱳᱜ ᱱᱟᱹᱭ ᱠᱷᱚᱱ ᱟᱫᱷᱟ ᱢᱟᱭᱤᱞ ᱥᱟᱹᱜᱤᱧ ᱨᱮᱭ ᱧᱟᱢ ᱞᱮᱱᱟ ᱾
The Zanskar gets frozen during winter and the famous Chadar trek takes place on this magnificent frozen river.,ᱡᱟᱱᱥᱠᱟᱨ ᱨᱟᱵᱟᱝ ᱫᱤᱱ ᱨᱮ ᱨᱮᱭᱟᱲᱚᱜᱼᱟ ᱟᱨ ᱧᱩᱛᱩᱢᱟᱱ ᱪᱟᱫᱚᱨ ᱴᱨᱮᱹᱠ ᱱᱚᱶᱟ ᱱᱟᱯᱟᱭ ᱨᱟᱵᱟᱝ ᱱᱟᱹᱭ ᱪᱮᱛᱟᱱᱨᱮ ᱦᱳᱭᱳᱜᱼᱟ ᱾
Gujarat records highest decadal agricultural growth rate of 10.97%.,ᱜᱩᱡᱨᱟᱴ ᱜᱮᱞ ᱥᱮᱨᱢᱟ ᱨᱮᱭᱟᱜ ᱡᱚᱛᱚᱠᱷᱚᱱ ᱑᱐ᱹ᱙᱗ ᱪᱟᱥ ᱵᱟᱹᱲᱛᱤ ᱨᱮᱭᱟᱜ ᱦᱟᱨ ᱮ ᱨᱮᱠᱚᱨᱰ ᱞᱮᱫᱟ ᱾
"The subjugation, colonization and tax imposition by the British East India Company resulted in spontaneous resistance from the local people.",ᱵᱨᱤᱴᱤᱥ ᱤᱥᱴ ᱤᱱᱰᱤᱭᱟ ᱠᱳᱯᱟᱱᱤ ᱦᱚᱛᱮᱛᱮ ᱮᱴᱟᱜ ᱦᱚᱲᱟᱜ ᱛᱟᱹᱨᱤ ᱩᱯᱚᱱᱤᱵᱮᱥ ᱮᱥᱛᱟᱯᱚᱱ ᱟᱨ ᱠᱚᱨ ᱟᱨᱳᱯ ᱴᱚᱴᱷᱟ ᱦᱚᱲᱞᱮᱠᱷᱟ ᱠᱷᱚᱱ ᱥᱚᱛᱚᱥᱚᱯᱷᱩᱨᱛᱚ ᱯᱨᱚᱛᱤᱨᱳᱫ ᱞᱟᱹᱜᱤᱫ ᱡᱟᱱᱟᱢ ᱞᱮᱱᱟ ᱾
This area is also mentioned in Ramayana and Mahabharata.,ᱨᱟᱢᱟᱭᱚᱱ ᱟᱨ ᱢᱚᱦᱟᱵᱷᱟᱨᱚᱛ ᱨᱮᱦᱚᱸ ᱱᱚᱣᱟ ᱴᱚᱴᱷᱟ ᱫᱚ ᱚᱞ ᱢᱮᱱᱟᱜᱼᱟ ᱾
It was recognised as the international governing body for the sport by the Olympic Movement in 1990.,ᱱᱚᱶᱟ ᱫᱚ ᱑᱙᱙᱐ ᱥᱟᱞ ᱨᱮ ᱚᱞᱤᱢᱯᱤᱠ ᱢᱩᱵᱷᱢᱮᱱᱴ ᱫᱟᱨᱟᱭᱛᱮ ᱠᱷᱮᱞ ᱞᱟᱹᱜᱤᱫ ᱡᱮᱜᱮᱫ ᱡᱟᱠᱟᱛ ᱧᱮᱞ ᱥᱟᱢᱴᱟᱣ ᱜᱟᱶᱛᱟ ᱞᱮᱠᱟᱛᱮ ᱢᱟᱱᱟᱣ ᱦᱩᱭᱞᱮᱱᱟ ᱾
The reason for this is the extreme poverty in rural areas.,ᱟᱹᱛᱩ ᱚᱲᱟᱜ ᱨᱮᱱᱟᱜ ᱟᱹᱰᱤ ᱛᱮᱫ ᱨᱮᱸᱜᱮᱡ ᱦᱟᱞᱚᱛ ᱱᱚᱶᱟ ᱨᱮᱱᱟᱜ ᱚᱡᱮ ᱾
Avari is a member of the Avari-Madan family of Darjeeling and Calcutta.,ᱟᱵᱷᱚᱨᱤ ᱫᱚ ᱫᱟᱨᱡᱤᱞᱤᱝ ᱟᱨ ᱠᱳᱞᱠᱟᱛᱟ ᱨᱮᱱ ᱟᱵᱷᱚᱨᱤᱼᱢᱚᱫᱚᱱ ᱜᱷᱟᱨᱚᱸᱡᱽ ᱨᱮᱱ ᱨᱟᱹᱥᱤᱭᱟᱹ ᱾
"Vrishadhvaja and also his heir-son were dead, and his grandchildren, Dharmadhvaja and Kushadhvaja were now worshiping Lakshmi to gain her favor.","ᱵᱨᱤᱥᱫᱷᱚᱡᱽ ᱟᱨ ᱩᱱᱤᱨᱮᱱ ᱵᱤᱨᱟᱹᱫᱟᱹᱞᱤ ᱦᱚᱯᱚᱱ ᱦᱚᱸᱭ ᱜᱚᱡ ᱟᱠᱟᱱᱟ ᱟᱨ ᱩᱱᱤ ᱨᱮᱱ ᱜᱚᱲᱚᱢ ᱠᱚᱲᱟ ᱠᱤᱱ, ᱫᱷᱚᱨᱢᱚᱫᱷᱚᱡᱽ ᱟᱨ ᱠᱩᱥᱫᱷᱚᱡᱽ ᱱᱤᱛᱚᱜ ᱞᱚᱠᱷᱤ ᱧᱟᱢ ᱟᱸᱥᱛᱮ ᱩᱱᱤᱭᱟᱜ ᱯᱩᱡᱟᱹ ᱠᱤᱱ ᱠᱚᱨᱟᱣᱟ᱾"
"After meetings with the Sri Lankan Buddhist monk Hammalawa Saddhatissa, Ambedkar organised a formal public ceremony for himself and his supporters in Nagpur on 14 October 1956.","ᱥᱨᱤᱞᱚᱝᱠᱟᱨᱮᱱ ᱵᱳᱫᱽᱫᱷᱚ ᱠᱚᱠᱚᱭ ᱡᱩᱜᱤ ᱦᱟᱢᱢᱟᱞᱟᱣᱟ ᱥᱟᱫᱽᱫᱟᱛᱤᱥᱟᱨ ᱥᱟᱶᱛᱮ ᱧᱟᱯᱟᱢ ᱛᱟᱭᱚᱢ, ᱟᱢᱵᱮᱫᱽᱠᱚᱨ ᱑᱔ ᱚᱠᱴᱚᱵᱚᱨ ᱑᱙᱕᱖ ᱨᱮ ᱱᱟᱜᱽᱯᱩᱨ ᱨᱮ ᱟᱡᱟᱜ ᱟᱨ ᱟᱡᱨᱮᱱ ᱥᱚᱢᱚᱨᱛᱷᱚᱠ ᱠᱚ ᱞᱟᱹᱜᱤᱫ ᱢᱤᱫᱴᱟᱝ ᱡᱚᱢᱮᱞᱟᱭ ᱟᱠᱷᱲᱟᱭ ᱥᱟᱯᱲᱟᱣ ᱞᱮᱫᱟ ᱾"
Manipur is mentioned in historic texts as Kangleipak or Meeteileipak.,ᱢᱚᱱᱤᱯᱩᱨ ᱫᱚ ᱱᱟᱜᱟᱢᱤᱭᱟᱹ ᱯᱩᱛᱷᱤᱨᱮ ᱠᱟᱝᱞᱮᱭᱯᱟᱠ ᱵᱟᱝᱠᱷᱟᱱ ᱢᱤᱴᱮᱭᱞᱤᱯᱟᱠ ᱞᱮᱠᱟᱛᱮ ᱚᱞ ᱢᱮᱱᱟᱜ ᱟᱠᱟᱫᱟ ᱾
"During World War II, the islands were practically under Japanese control, only nominally under the authority of the Arzi Hukumate Azad Hind of Subhash Chandra Bose.","ᱫᱚᱥᱟᱨ ᱡᱮᱜᱮᱫ ᱞᱟᱹᱲᱦᱟᱹᱭ ᱚᱠᱛᱮ, ᱰᱷᱤᱯ ᱠᱚᱫᱚ ᱡᱟᱯᱟᱱᱤ ᱥᱟᱢᱵᱲᱟᱣ ᱨᱮ ᱛᱟᱦᱮᱸᱠᱟᱱᱟ, ᱮᱠᱷᱮᱱ ᱧᱩᱛᱩᱢ ᱞᱮᱠᱟ ᱥᱩᱵᱷᱟᱥ ᱪᱚᱱᱫᱚᱨᱚ ᱵᱚᱥᱩ ᱟᱜ ᱟᱨᱡᱤ ᱦᱚᱠᱩᱢ ᱛᱮ ᱟᱡᱟᱫᱽ ᱦᱤᱱᱫᱽ ᱜᱚᱵᱚᱞ ᱨᱮ ᱛᱟᱦᱮᱸᱠᱟᱱᱟ ᱾"
"The principal languages of Lakshadweep are Malayalam, Jeseri (Dweep Bhasha) and Mahl.","ᱞᱟᱠᱠᱷᱟ ᱰᱷᱤᱯ ᱨᱮᱭᱟᱜ ᱢᱩᱬᱩᱫ ᱯᱟᱹᱨᱥᱤ ᱫᱚ ᱠᱟᱱᱟ ᱢᱟᱞᱟᱭᱚᱞᱟᱢ, ᱡᱮᱥᱤᱨᱤ (ᱰᱷᱤᱯ ᱯᱟᱹᱨᱥᱤ) ᱟᱨ ᱢᱟᱦᱚᱞ ᱾"
The dress of Krishna Nritya and Nadubhangi Nritya is yellow and blue keeping in line with the attire of Lord Krishna.,ᱪᱟᱸᱫᱳ ᱵᱚᱸᱜᱟ ᱠᱨᱤᱥᱱᱚᱣᱟᱜ ᱦᱚᱨᱚᱜ ᱵᱟᱸᱫᱮ ᱥᱟᱶ ᱥᱚᱢᱟᱱ ᱫᱚᱦᱚ ᱠᱟᱛᱮ ᱠᱨᱤᱥᱱᱚ ᱮᱱᱮᱡ ᱟᱨ ᱱᱟᱫᱩᱵᱷᱚᱝᱜᱤ ᱮᱱᱮᱡ ᱨᱮᱭᱟᱜ ᱦᱚᱨᱚᱜᱼᱵᱟᱸᱫᱮ ᱥᱟᱥᱟᱝ ᱟᱨ ᱞᱤᱞ ᱦᱳᱭᱳᱜᱼᱟ ᱾
But it is conspicuous that Chhattisgarh always had a better female-to-male ratio compared with the national average.,ᱢᱮᱱᱠᱷᱟᱱ ᱱᱚᱶᱟ ᱫᱚ ᱯᱩᱥᱴᱟᱣ ᱞᱮᱱᱟ ᱡᱮ ᱡᱟᱹᱛᱤᱭᱟᱹᱨᱤ ᱡᱩᱲᱩ ᱛᱩᱞᱩᱡ ᱨᱮ ᱪᱷᱚᱛᱛᱤᱥᱜᱚᱲ ᱨᱮ ᱥᱟᱨᱟᱠᱷᱚᱱ ᱛᱤᱨᱞᱟᱹ ᱠᱚᱲᱟ ᱨᱮᱭᱟᱜ ᱯᱚᱲᱚᱱ ᱫᱚ ᱵᱷᱟᱜᱮ ᱛᱟᱦᱮᱸ ᱠᱟᱱᱟ ᱾
"The flooding was referred to in the Indian media as a ""Himalayan Tsunami"".",ᱱᱚᱶᱟ ᱵᱟᱱᱫᱚ ᱵᱷᱟᱨᱚᱛ ᱨᱮᱭᱟᱜ ᱜᱚᱱᱚᱢᱟᱫᱽᱫᱷᱚᱢ ᱨᱮ 'ᱦᱤᱢᱟᱞᱚᱭᱟᱱ ᱥᱩᱱᱟᱹᱢᱤ' ᱦᱤᱥᱟᱹᱵᱽᱛᱮ ᱠᱚ ᱚᱞᱥᱚᱫᱚᱨ ᱞᱮᱫᱟ ᱾
Many organizations and shelters will do an initial heartworm test when a new animal arrives to their facility.,ᱡᱚᱠᱷᱮᱡ ᱢᱤᱫᱴᱟᱝ ᱱᱟᱶᱟ ᱡᱤᱭᱟᱹᱞᱤ ᱟᱠᱚᱣᱟᱜ ᱛᱟᱞᱢᱟᱨᱮ ᱦᱤᱡᱩᱜᱼᱟᱭ ᱩᱱᱫᱚ ᱟᱹᱭᱢᱟ ᱥᱮᱢᱞᱮᱫ ᱟᱨ ᱟᱥᱨᱟᱭ ᱛᱟᱞᱢᱟ ᱢᱤᱫᱴᱟᱝ ᱮᱛᱚᱦᱚᱵ ᱦᱟᱨᱴᱳᱣᱟᱨᱢ ᱵᱤᱰᱟᱹᱣᱟ ᱾
The Sports Development Authority of Tamil Nadu (SDAT) owns Nungambakkam tennis stadium which hosts Chennai Open and Davis Cup play-off tournaments.,ᱪᱮᱱᱱᱟᱭ ᱳᱯᱮᱱ ᱟᱨ ᱰᱮᱵᱷᱤᱥ ᱠᱟᱯ ᱯᱞᱮᱼᱚᱯᱷ ᱴᱩᱨᱱᱟᱢᱮᱱᱴ ᱠᱚᱨᱮᱱ ᱥᱟᱯᱲᱟᱣᱭᱤᱡ ᱱᱩᱝᱜᱚᱢᱵᱚᱠᱠᱚᱢ ᱴᱮᱱᱤᱥ ᱥᱴᱮᱰᱤᱭᱟᱢ ᱛᱟᱢᱤᱞᱱᱟᱲᱩ ᱠᱷᱮᱞ ᱩᱛᱱᱟᱹᱣ ᱠᱚᱨᱛᱤᱯᱚᱠᱠᱷᱚ ( ᱮᱥᱰᱤᱴᱤ)ᱼ ᱨᱮᱱ ᱢᱟᱞᱤᱠᱟᱱᱟᱫᱷᱤᱱ ᱾
It is the headquarters of the Mirik subdivision.,ᱱᱚᱟᱶ ᱫᱚ ᱢᱤᱨᱤᱠ ᱢᱚᱦᱚᱠᱩᱢᱟ ᱨᱮᱭᱟᱜ ᱥᱚᱫᱚᱨ ᱫᱚᱯᱛᱚᱨ ᱾
"The recently established Kaziranga National Orchid and Biodiversity Park boasts more than 500 of the estimated 1,314 orchid species found in India.","ᱦᱟᱹᱞᱤ ᱨᱮ ᱛᱷᱟᱹᱯᱤᱛ ᱞᱮᱱ ᱠᱟᱡᱤ ᱨᱟᱝᱜᱟ ᱨᱟᱥᱴᱨᱤᱭᱚ ᱚᱨᱠᱤᱰ ᱟᱨ ᱡᱤᱶᱤ ᱵᱳᱭᱪᱤᱛᱟᱹᱨ ᱯᱟᱨᱠ ᱨᱮ ᱵᱷᱟᱨᱚᱛ ᱨᱮ ᱧᱟᱢ ᱞᱮᱱ ᱟᱹᱭᱩᱢᱟᱹᱱ ᱑,᱓᱑᱔ ᱚᱨᱠᱤᱰ ᱮᱴᱟᱜᱡᱟᱹᱛ ᱠᱷᱚᱱ ᱦᱚᱸ ᱕᱐᱐ ᱠᱷᱚᱱ ᱰᱷᱮᱨ ᱚᱰᱮᱸ ᱢᱮᱱᱟᱜ ᱛᱮᱭ ᱜᱚᱨᱚᱵ ᱟᱠᱟᱱᱟ ᱾"
The Delhi division of Punjab province formed the bulk of Haryana.,ᱯᱟᱧᱡᱟᱵᱽ ᱯᱚᱱᱚᱛ ᱨᱮᱭᱟᱜ ᱫᱤᱞᱞᱤ ᱛᱷᱚᱱᱚᱛ ᱦᱚᱨᱤᱭᱟᱱᱟ ᱨᱮᱭᱟᱜ ᱥᱟᱸᱜᱮ ᱦᱟᱹᱴᱤᱧᱮ ᱛᱮᱭᱟᱨ ᱞᱮᱫᱟ ᱾
"The tenth and the last guru of Sikhism, Guru Gobind Singh, was born in Patna in 1666.","ᱥᱤᱠᱷ ᱫᱷᱚᱨᱚᱢ ᱨᱮᱱ ᱜᱮᱞᱟᱱ ᱟᱨ ᱢᱩᱪᱟᱹᱫ ᱜᱩᱨᱩ, ᱜᱩᱨᱩ ᱜᱳᱵᱤᱱᱫᱚ ᱥᱤᱝᱦᱚ, ᱑᱖᱖᱖ ᱥᱟᱹᱦᱤᱛ ᱨᱮ ᱯᱟᱴᱱᱟ ᱨᱮᱭ ᱡᱟᱱᱟᱢ ᱞᱮᱱᱟ ᱾"
The Alvarado score is the most known scoring system.,ᱟᱞᱵᱷᱟᱨᱟᱰᱳ ᱥᱠᱳᱨ ᱫᱚ ᱡᱚᱛᱚ ᱠᱷᱚᱱ ᱧᱩᱛᱩᱢᱟᱱ ᱥᱠᱳᱨᱤᱝ ᱵᱚᱱᱫᱷᱮᱡᱽ ᱾
Assam is remarkably rich in Orchid species and the Foxtail orchid is the state flower of Assam.,ᱚᱥᱚᱢ ᱚᱨᱠᱤᱰ ᱯᱨᱚᱡᱟᱛᱤ ᱚᱥᱟᱸᱵᱷᱮᱲ ᱨᱩᱯ ᱛᱮ ᱯᱮᱨᱮᱡ ᱟᱨ ᱯᱷᱠᱥᱴᱮᱹᱞ ᱚᱨᱠᱤᱰ ᱟᱥᱟᱢ ᱨᱮᱭᱟᱜ ᱡᱟᱹᱛᱤᱭᱟᱹᱨᱤ ᱵᱟᱦᱟ ᱠᱟᱱᱟ᱾
Nagaland's schools are run by the state and central government or by a private organisation.,ᱱᱟᱜᱟᱞᱮᱸᱱᱰ ᱨᱮᱭᱟᱜ ᱵᱤᱨᱫᱟᱹᱜᱟᱲ ᱠᱚ ᱯᱚᱱᱚᱛ ᱟᱨ ᱛᱟᱞᱢᱟ ᱥᱚᱨᱠᱟᱨ ᱵᱟᱝᱠᱷᱟᱱ ᱡᱟᱦᱟᱱ ᱵᱮᱥᱚᱨᱠᱟᱹᱨᱤ ᱥᱮᱢᱞᱮᱫ ᱠᱚ ᱫᱟᱨᱟᱭᱛᱮ ᱥᱟᱹᱦᱤᱡᱩᱦᱤᱜᱼᱟ ᱾
"For this reason, touch the fake $100 as little as possible.",ᱱᱚᱶᱟ ᱚᱡᱮᱛᱮ ᱡᱟᱞ ᱑᱐᱐ ᱰᱚᱞᱟᱨ ᱫᱚ ᱡᱟᱸᱦᱟ ᱛᱤᱱᱟᱹᱜ ᱠᱚᱢ ᱡᱚᱴᱮᱫ ᱢᱮ ᱾
"The gymnosperm diversity of the country is 64 species, of which Tamil Nadu has four indigenous species and about 60 introduced species.","ᱫᱤᱥᱚᱢ ᱨᱮ ᱡᱤᱢᱱᱳᱥᱯᱨᱟᱢ ᱵᱷᱮᱱᱮᱜᱟᱨ ᱫᱚ ᱦᱳᱭᱳᱜ ᱠᱟᱱᱟᱠᱚ ᱖᱔ ᱜᱚᱴᱟᱝ ᱡᱤᱵᱽ ᱡᱤᱭᱟᱹᱞᱤ, ᱡᱟᱦᱟᱸᱭ ᱠᱚ ᱢᱩᱫᱽ ᱨᱮ ᱛᱟᱢᱤᱞᱱᱟᱲᱩ ᱨᱮ ᱯᱳᱱᱭᱟ ᱫᱤᱥᱚᱢ ᱨᱮᱱ ᱜᱮ ᱡᱤᱭᱟᱹᱞᱤ ᱟᱨ ᱞᱟᱹᱭ ᱜᱟᱱᱚᱜᱼᱟ ᱖᱐ ᱜᱚᱴᱟᱝ ᱜᱮ ᱟᱹᱨᱩ ᱯᱷᱮᱨᱟᱣ ᱟᱱ ᱡᱤᱭᱟᱹᱞᱤ ᱢᱮᱱᱟᱜ ᱠᱚᱶᱟ ᱾"
Her performance earned her her first nomination for an award in the Best Supporting Actress category at the 60th Filmfare Awards South.,ᱩᱱᱤᱭᱟᱜ ᱚᱵᱷᱤᱱᱚᱭ ᱖᱐ ᱟᱱᱟᱜ ᱯᱷᱤᱞᱤᱢ ᱯᱷᱮᱭᱟᱨ ᱮᱣᱟᱨᱰᱥ ᱧᱩᱢᱢᱟᱱ ᱡᱚᱜ ᱚᱵᱷᱤᱱᱚᱭ ᱛᱷᱚᱱᱚᱛ ᱨᱮ ᱥᱤᱨᱯᱟᱹ ᱞᱟᱹᱜᱤᱫ ᱮᱦᱚᱵ ᱵᱟᱪᱷᱟᱶ ᱞᱮᱫᱟᱭ ᱾
"She also appeared in Tamil, Malayalam and Telugu language films.","ᱩᱱᱤ ᱫᱚ ᱛᱟᱢᱤᱞ, ᱢᱟᱞᱟᱭᱟᱞᱟ ᱟᱨ ᱛᱮᱞᱜᱩ ᱯᱟᱹᱨᱥᱤ ᱨᱮᱭᱟᱜ ᱪᱚᱞᱚᱛᱪᱤᱛᱟᱹᱨ ᱨᱮᱦᱚᱸᱭ ᱯᱟᱴ ᱟᱠᱟᱫᱟ ᱾"
The Tulihal Airport has been renamed as Bir Tikendrajit Airport.,ᱛᱩᱞᱤᱦᱟᱞ ᱩᱰᱟᱹᱱ ᱟᱰᱟ ᱨᱮᱭᱟᱜ ᱧᱩᱛᱩᱢ ᱵᱚᱫᱚᱞ ᱠᱟᱛᱮ ᱵᱤᱨ ᱴᱤᱠᱮᱱᱫᱨᱚᱡᱤᱛ ᱩᱰᱟᱹᱱ ᱟᱰᱟ ᱫᱚᱦᱚ ᱦᱩᱭ ᱟᱠᱟᱱᱟ᱾
Hydel and thermal power projects in the state meet the power requirements of the state.,ᱯᱚᱱᱚᱛ ᱨᱮᱭᱟᱜ ᱫᱟᱜ ᱛᱮ ᱵᱮᱱᱟᱜ ᱵᱤᱡᱞᱤ ᱵᱤᱨᱤᱫ ᱟᱨ ᱵᱷᱟᱵ ᱛᱮ ᱵᱮᱱᱟᱜ ᱵᱤᱡᱞᱤ ᱵᱤᱨᱤᱫ ᱯᱟᱱᱛᱷᱟ ᱠᱚ ᱯᱚᱱᱚᱛ ᱨᱮᱭᱟᱜ ᱵᱤᱡᱞᱤ ᱨᱮᱭᱟᱜ ᱞᱟᱹᱠᱛᱤᱭ ᱢᱮᱴᱟᱣᱼᱟ ᱾
"It was released on 9 March 2012, received generally negative reviews.","ᱱᱚᱶᱟ ᱫᱚ ᱒᱐᱑᱒ ᱨᱮᱭᱟᱜ ᱙ ᱢᱟᱨᱪ ᱨᱮ ᱥᱚᱫᱚᱨ ᱦᱩᱭᱞᱮᱱᱟ, ᱥᱟᱫᱷᱟᱨᱚᱱᱛᱚ ᱵᱟᱝᱼᱟᱱ ᱟᱹᱨᱤᱵᱟᱺᱫᱤᱭ ᱧᱟᱢᱞᱮᱫᱟ ᱾"
Chalcolithic sites belonging to Kayatha culture and Malwa culture have been discovered in the western part of the state.,ᱯᱚᱱᱚᱛ ᱨᱮᱭᱟᱜ ᱯᱚᱪᱷᱤᱢ ᱴᱷᱚᱴᱷᱟ ᱨᱮ ᱠᱟᱭᱛᱷᱟ ᱞᱟᱠᱪᱟᱨ ᱟᱨ ᱢᱟᱞᱳᱣᱟ ᱞᱟᱠᱪᱟᱨ ᱨᱮ ᱢᱮᱱᱟᱜ ᱪᱮᱞᱠᱳᱞᱤᱛᱷᱤᱠ ᱥᱛᱷᱚᱞ ᱥᱤᱨᱡᱟᱹᱣ ᱟᱠᱟᱱᱟ ᱾
Rock climbing competitions have the objectives of either completing the route in the least amount of attempts or attaining the farthest point on an increasingly difficult route.,ᱨᱚᱠ ᱠᱞᱟᱭᱵᱤᱝ ᱦᱮᱯᱨᱟᱶ ᱨᱮᱭᱟᱜ ᱡᱚᱥᱫᱚ ᱠᱟᱱᱟ ᱡᱷᱚᱛᱚ ᱠᱷᱚᱱ ᱞᱟᱛᱟᱨ ᱨᱮᱭᱟᱜ ᱨᱩᱴ ᱯᱩᱨᱟᱹᱣ ᱟᱨ ᱡᱷᱚᱛᱚ ᱠᱷᱚᱱᱟᱜ ᱠᱮᱴᱮᱡ ᱨᱩᱴ ᱨᱮᱭᱟᱜ ᱥᱟᱹᱜᱤᱧ ᱯᱚᱭᱮᱱᱴ ᱟᱨᱡᱟᱶ ᱾
The climate of the state ranges from dry sub-humid to semi-arid.,ᱯᱚᱱᱚᱛᱨᱮ ᱦᱚᱭᱫᱟᱜ ᱱᱟᱥᱮᱹ ᱨᱚᱦᱚᱲ ᱚᱞᱟᱦᱮᱫ ᱠᱷᱚᱱ ᱟᱛᱨᱟ ᱨᱚᱦᱚᱲ ᱛᱟᱞᱟᱛᱮ ᱟᱨᱩᱯᱷᱮᱨᱟᱣᱚᱜᱼᱟ ᱾
Jogimara caves contain ancient Brahmi inscriptions and the oldest painting known in India.,ᱡᱳᱜᱤᱢᱟᱨᱟ ᱜᱷᱚᱸᱜᱚᱨ ᱨᱮ ᱥᱮᱫᱟᱭ ᱵᱨᱟᱢᱦᱤ ᱫᱷᱤᱨᱤ ᱟᱠᱷᱚᱨ ᱟᱨ ᱵᱷᱟᱨᱚᱛᱨᱮ ᱩᱯᱨᱩᱢᱟᱱ ᱥᱮᱫᱟᱭᱩᱛᱟᱹᱨ ᱪᱤᱛᱟᱹᱨ ᱠᱟᱹᱢᱤ ᱢᱮᱱᱟᱜᱼᱟ ᱾
"Additional official languages include Gurung, Limbu, Magar, Mukhia, Newar, Rai, Sherpa and Tamang for the purpose of preservation of culture and tradition in the state.","ᱯᱚᱱᱚᱛ ᱨᱮᱭᱟᱜ ᱞᱟᱠᱪᱟᱨ ᱟᱨ ᱥᱮᱨᱣᱟ ᱡᱚᱜᱟᱣ ᱨᱮᱭᱟᱜ ᱡᱚᱥ ᱠᱷᱟᱹᱛᱤᱨ ᱜᱩᱨᱩᱝ, ᱞᱤᱢᱵᱩ, ᱢᱟᱜᱟᱨ, ᱢᱩᱠᱷᱤᱭᱟᱹ, ᱱᱮᱣᱟᱨ, ᱨᱟᱭ, ᱥᱮᱨᱯᱟ, ᱟᱨ ᱛᱟᱢᱟᱝ ᱟᱰᱤ ᱡᱟᱥᱛᱤ ᱥᱚᱨᱠᱟᱨᱤ ᱯᱟᱹᱨᱥᱤ ᱨᱮ ᱥᱮᱞᱮᱫ ᱢᱮᱱᱟᱜᱼᱟ ᱾"
"Notable among them are North East Today, G Plus, Northeast Now, Time8 etc.","ᱱᱚᱶᱟ ᱢᱩᱫᱽᱨᱮ ᱧᱩᱢᱟᱱᱟᱜ ᱦᱩᱭᱩᱜ ᱠᱟᱱᱟ ᱱᱚᱨᱛᱷ ᱤᱥᱴ ᱴᱩᱰᱮ, ᱡᱤ ᱯᱞᱟᱥ, ᱱᱚᱨᱛᱷᱼᱤᱥᱴ ᱱᱟᱣ, ᱴᱟᱭᱤᱢ ᱘ ᱮᱢᱟᱱᱟᱜ ᱾"
The Sidi Saiyyed Mosque and Jama Masjid are holy mosques for Gujarati Muslims.,ᱥᱤᱫᱤ ᱥᱟᱭᱮᱫ ᱢᱚᱥᱡᱤᱫ ᱟᱨ ᱡᱟᱢᱟ ᱢᱚᱥᱡᱤᱫ ᱜᱩᱡᱨᱟᱛᱤ ᱫᱚ ᱢᱩᱥᱞᱟᱹ ᱠᱚᱣᱟᱜ ᱫᱷᱚᱨᱚᱢ ᱴᱷᱟᱶ ᱢᱚᱥᱡᱤᱫ ᱠᱟᱱᱟ ᱾
The Thanjavur doll is a type of traditional Indian bobblehead or roly-poly toy made of terracotta material.,ᱛᱟᱧᱡᱟᱵᱷᱩᱨ ᱯᱩᱛᱞᱟᱹ ᱫᱚ ᱢᱤᱫ ᱞᱮᱠᱟᱱ ᱥᱮᱨᱣᱟ ᱟᱱ ᱵᱷᱟᱨᱚᱛᱤᱭᱚ ᱵᱟᱵᱚᱞᱦᱮᱰ ᱥᱮ ᱨᱚᱞᱤ ᱯᱚᱞᱤ ᱠᱷᱤᱞᱳᱱᱟ ᱨᱟᱯᱟᱜ ᱦᱟᱥᱟ ᱛᱮ ᱵᱮᱱᱟᱣ ᱾
A number of new power projects are coming up in the State which is expected to generate additional power capacity in the state.,ᱯᱚᱱᱚᱛ ᱨᱮ ᱵᱮᱥ ᱛᱤᱱᱟᱹᱜ ᱱᱟᱶᱟ ᱵᱤᱡᱞᱤ ᱯᱟᱱᱛᱷᱟ ᱦᱤᱡᱩᱜ ᱠᱟᱱᱟ ᱡᱟᱸᱦᱟ ᱰᱷᱮᱨ ᱵᱤᱡᱞᱤ ᱫᱟᱲᱮ ᱵᱮᱱᱟᱶ ᱦᱩᱭᱩᱜᱼᱟ ᱢᱮᱱᱛᱮ ᱟᱥᱟ ᱦᱩᱭᱩᱜ ᱠᱟᱱᱟ ᱾
"Next, look over your financial documents and record any fixed expenses you have, or those that are essential and do not change much from month to month.","ᱱᱤᱭᱟᱹ ᱛᱟᱭᱚᱢ, ᱠᱟᱹᱣᱰᱤ ᱱᱩᱛᱷᱤ ᱠᱚ ᱧᱮᱞᱢᱮ ᱟᱨ ᱟᱢᱟᱜ ᱴᱷᱟᱹᱣᱠᱟᱹ ᱜᱚᱴᱟ ᱠᱷᱚᱨᱚᱪ ᱚᱞᱠᱟᱜᱼᱢᱮ,ᱥᱮ ᱡᱟᱦᱟᱸᱠᱚ ᱟᱹᱰᱤ ᱡᱟᱹᱨᱩᱲᱟ ᱟᱨ ᱚᱱᱟᱠᱚᱫᱚ ᱪᱟᱸᱫᱳ ᱪᱟᱸᱫᱳ ᱡᱟᱹᱥᱛᱤ ᱵᱟᱝ ᱵᱚᱫᱚᱞᱚᱜᱼᱟ ᱾"
"Chirand, on the northern bank of the Ganga River, in the Saran district, has an archaeological record from the Neolithic age.","ᱜᱚᱝᱜᱟ ᱱᱟᱹᱭ ᱨᱮᱭᱟᱜ ᱩᱛᱛᱚᱨ ᱫᱷᱟᱨᱮ ᱨᱮ, ᱥᱟᱨᱟᱱ ᱦᱚᱱᱚᱛ ᱨᱮᱭᱟᱜ ᱪᱤᱨᱚᱱᱫᱚᱨᱮ ᱱᱟᱶᱟᱫᱷᱤᱨᱤ ᱡᱩᱜᱽ ᱨᱮᱭᱟᱜ ᱢᱤᱫᱴᱟᱝ ᱞᱟᱼᱩᱰᱩᱠ ᱞᱤᱯᱤ ᱢᱮᱱᱟᱜ ᱟᱠᱟᱫᱟ ᱾"
"As India's second largest airport in the northeast, it serves as a key logistical centre for northeastern states.","ᱩᱛᱛᱟᱹᱨᱼᱯᱩᱨᱩᱵᱽ ᱵᱷᱟᱨᱚᱛ ᱨᱮᱭᱟᱜ ᱫᱚᱥᱟᱨ ᱞᱟᱹᱴᱩ ᱩᱛᱟᱹᱨ ᱩᱰᱟᱹᱱ ᱟᱰᱟ ᱞᱮᱠᱟᱛᱮ, ᱱᱤᱭᱟᱹ ᱫᱚ ᱩᱛᱛᱟᱹᱨᱼᱯᱩᱨᱩᱵᱽ ᱯᱚᱱᱚᱛ ᱠᱚ ᱞᱟᱹᱜᱤᱫ ᱢᱤᱫᱴᱮᱱ ᱢᱩᱲᱩᱫ ᱠᱟᱹᱭᱛᱩᱠ ᱛᱟᱞᱢᱟ ᱞᱮᱠᱟᱛᱮᱭ ᱠᱟᱹᱢᱤᱭᱟ ᱾"
This is the step that formally initiates the lawsuit.,ᱱᱚᱶᱟ ᱫᱚ ᱚᱱᱟ ᱯᱟᱣᱲᱤ ᱡᱟᱦᱟᱸ ᱫᱚ ᱟᱠᱷᱲᱟ ᱞᱮᱠᱟᱛᱮ ᱢᱟᱢᱞᱟ ᱮᱛᱚᱦᱚᱵᱚᱜᱼᱟ ᱾
"Apart from friendship, Ajit also credited Rajendra Kumar with advising and helping him to become a ""leading villain"" rather than a second-lead hero.","ᱜᱟᱛᱮ ᱪᱷᱟᱰᱟ ᱦᱚᱸ, ᱚᱡᱤᱛ ᱫᱚ ᱨᱟᱡᱮᱱᱫᱽᱨᱚ ᱠᱩᱢᱟᱨ ᱮᱱᱮᱢᱮ ᱮᱢᱟᱫᱮᱭᱟ ᱫᱚᱥᱟᱨ ᱢᱩᱲᱩᱫ ᱱᱟᱭᱚᱠᱟᱜ ᱵᱚᱫᱚᱞᱛᱮ ᱢᱤᱫᱴᱟᱝ ""ᱢᱩᱲᱩᱫ ᱵᱷᱤᱞᱮᱱ"" ᱦᱩᱭᱩᱜ ᱨᱮᱭᱟᱜ ᱫᱤᱥᱦᱩᱫᱤᱥ ᱟᱨ ᱜᱚᱲᱚ ᱟᱭ ᱞᱟᱹᱜᱤᱫ ᱾"
"Himachal has three Domestic Airports in Kangra, Kullu, and Shimla districts.","ᱠᱟᱝᱲᱟ, ᱠᱩᱞᱞᱩ ᱟᱨ ᱥᱤᱢᱞᱟᱹ ᱦᱚᱱᱚᱛ ᱨᱮ ᱦᱤᱢᱟᱪᱚᱞ ᱨᱮᱭᱟᱜ ᱯᱮᱭᱟ ᱟᱯᱱᱟᱨ ᱫᱤᱥᱚᱢ ᱨᱮᱭᱟᱜ ᱩᱰᱟᱹᱱ ᱟᱰᱟ ᱢᱮᱱᱟᱜᱼᱟ ᱾"
"Naga dishes use a lot of locally grown herbs, ghost peppers, ginger, and garlic.","ᱱᱟᱜᱟ ᱡᱚᱢᱟᱜᱼᱨᱮ ᱟᱭᱢᱟ ᱛᱷᱟᱹᱱᱤᱛ ᱞᱮᱠᱟᱱᱛᱮ ᱨᱟᱠᱟᱵᱚᱺ ᱨᱟᱱ ᱫᱟᱨᱮᱠᱚ, ᱵᱷᱩᱛ ᱢᱟᱨᱤᱪ, ᱟᱫᱦᱮ ᱟᱨ ᱨᱟᱹᱥᱩᱱ ᱵᱮᱶᱦᱟᱨᱚᱜ ᱠᱟᱱᱟ ᱾"
"Guwahati is also referred to as the ""Gateway to the North-East India"".",ᱜᱩᱣᱟᱦᱟᱴᱤᱫᱚ ᱩᱛᱛᱚᱨᱼᱯᱩᱨᱩᱵᱽ ᱵᱷᱟᱨᱚᱛ ᱨᱮᱭᱟᱜ ᱵᱚᱞᱚᱱ ᱫᱩᱣᱟᱹᱨ ᱞᱮᱠᱟᱛᱮᱦᱚᱸ ᱥᱚᱫᱚᱨ ᱦᱳᱭᱳᱜᱼᱟ ᱾
The lopped branches are good as fencing material.,ᱜᱮᱫ ᱟᱜ ᱯᱷᱮᱸᱜᱽᱲᱟ ᱠᱚ ᱮᱴᱮᱫ ᱞᱮᱠᱟᱛᱮ ᱵᱷᱟᱜᱮᱹᱭᱟ ᱾
This milestone marks an important point in Wikipedia's short history.,ᱱᱚᱶᱟ ᱢᱟᱭᱤᱤᱞ ᱯᱷᱚᱞᱚᱠ ᱩᱭᱠᱤᱯᱤᱰᱤᱭᱟ ᱦᱩᱰᱤᱧ ᱱᱟᱜᱟᱢ ᱨᱮ ᱢᱤᱫᱴᱟᱝ ᱮᱱᱮᱢᱟᱱᱟᱜ ᱜᱷᱚᱴᱚᱱᱟᱭ ᱪᱤᱱᱦᱟᱹᱣᱼᱟ ᱾
Municipal services in New Delhi are provided by the New Delhi Municipal Council.,ᱱᱟᱶᱟ ᱫᱤᱞᱞᱤ ᱨᱮ ᱯᱳᱣᱨᱚ ᱡᱚᱛᱱᱟᱣ ᱠᱚᱫᱚ ᱱᱟᱶᱟ ᱫᱤᱞᱞᱤ ᱯᱳᱣᱨᱚ ᱯᱚᱨᱤᱥᱚᱫ ᱫᱟᱨᱟᱭ ᱛᱮ ᱮᱢᱚᱜᱚᱜᱼᱟ ᱾
"In the film, Sinha plays Pia, an innocent woman who becomes a victim of circumstances.","ᱪᱚᱞᱚᱛ ᱪᱤᱛᱟᱹᱨ ᱨᱮ, ᱥᱤᱱᱦᱟ ᱯᱤᱭᱟ ᱪᱩᱨᱤᱛ ᱨᱮᱭ ᱯᱟᱴ ᱞᱮᱫᱟ, ᱢᱤᱫᱦᱚᱲ ᱢᱟᱹᱦᱤᱨ ᱛᱤᱨᱞᱟᱹ ᱡᱟᱦᱟᱸᱭ ᱦᱟᱞᱚᱛ ᱨᱮᱭ ᱯᱟᱲᱟᱣ ᱞᱮᱱᱟ ᱾"
"Over recent years, there has been increasing political stability.",ᱱᱮᱵᱮᱴᱟᱨ ᱥᱮᱨᱢᱟᱠᱚ ᱨᱮ ᱨᱟᱡᱽᱟᱹᱨᱤ ᱥᱛᱷᱤᱛᱤᱥᱤᱞᱛᱟ ᱵᱟᱹᱲᱛᱤ ᱟᱠᱟᱱᱟ ᱾
"Ladakh is the highest plateau in India, with most of it being over 9,800Â ft.","ᱞᱟᱫᱟᱠᱷ ᱦᱩᱭᱩᱜ ᱠᱟᱱᱟ ᱵᱷᱟᱨᱚᱛ ᱨᱮᱱᱟᱜ ᱞᱟᱯᱷᱟᱝ ᱩᱛᱟᱹᱨ ᱢᱟᱞᱵᱷᱩᱢᱤ, ᱡᱟᱦᱟᱸ ᱫᱚ ᱰᱷᱮᱨ ᱦᱤᱸᱥᱜᱮ ᱙᱘᱐᱐ ᱯᱷᱩᱴ ᱠᱷᱚᱱᱦᱚᱸ ᱰᱷᱮᱨ ᱜᱮᱭᱟ ᱾"
She has acted in more than 800 films.,ᱩᱱᱤ ᱫᱚ ᱘᱐᱐ ᱠᱷᱚᱱ ᱦᱚᱸ ᱡᱟᱹᱥᱛᱤ ᱪᱚᱞᱚᱛ ᱪᱤᱛᱟᱹᱨ ᱨᱮ ᱯᱟᱴᱷ ᱟᱠᱟᱫᱟᱭ ᱾
"The raids are headed by Dolois, who are responsible for performing the executive and ceremonial functions at the Raid level.","ᱨᱮᱭᱤᱰ ᱨᱮᱱ ᱟᱹᱭᱩᱨᱤᱡ ᱫᱚ ᱰᱞᱳᱭᱤᱥ, ᱡᱟᱦᱟᱭ ᱠᱚ ᱨᱮᱭᱤᱰ ᱛᱷᱟᱨ ᱨᱮ ᱠᱟᱹᱢᱤ ᱧᱮᱞᱟᱱᱟᱜ ᱟᱨ ᱟᱠᱷᱲᱟ ᱠᱟᱹᱢᱤ ᱦᱚᱨᱟ ᱠᱟᱹᱢᱤ ᱯᱩᱨᱟᱹᱣ ᱞᱟᱹᱜᱤᱫ ᱫᱟᱹᱭᱤ ᱾"
An inscription on the Southern Gateway records that it was the work of Satakarni II's royal architect Ananda.,ᱫᱟᱹᱠᱠᱷᱤᱱ ᱵᱚᱞᱚᱱ ᱫᱩᱣᱟᱹᱨ ᱨᱮᱱᱟᱜ ᱥᱤᱞᱟᱞᱤᱯᱤ ᱨᱮ ᱨᱮᱠᱚᱨᱰ ᱠᱚᱨᱟᱣ ᱢᱮᱱᱟᱜᱼᱟ ᱡᱮ ᱱᱚᱶᱟ ᱫᱚ ᱫᱚᱥᱟᱨ ᱥᱟᱛᱠᱚᱨᱱᱤ ᱟᱜ ᱨᱟᱡᱳᱪᱤᱛᱚ ᱠᱩᱸᱫᱟᱹᱣ ᱨᱟᱹᱥᱠᱟᱹ ᱟᱱᱟᱜ ᱠᱟᱹᱢᱤ ᱾
These officials work with the village councils in each district.,ᱱᱩᱠᱩ ᱠᱟᱹᱢᱤ ᱢᱩᱠᱷᱤᱭᱟᱹ ᱠᱚ ᱥᱟᱱᱟᱢ ᱦᱚᱱᱚᱛ ᱨᱮᱱᱟᱜ ᱟᱛᱩ ᱯᱚᱨᱤᱥᱚᱫᱽ ᱥᱟᱶᱛᱮ ᱠᱚ ᱠᱟᱹᱢᱤᱭᱟ ᱾
Practitioners of the day produced a number of new compositions.,ᱚᱱᱟ ᱚᱠᱛᱮ ᱨᱮᱱ ᱪᱟᱨᱪᱟᱣᱠᱚ ᱠᱤᱪᱷᱩ ᱜᱟᱱ ᱱᱟᱣᱟᱱ ᱦᱚᱨᱟ ᱠᱚ ᱵᱮᱱᱟᱣ ᱞᱮᱫᱟ ᱾
"On 1 November of every year, the state declared a holiday for the Kut celebration.",ᱡᱟᱶ ᱥᱮᱨᱢᱟ ᱨᱮᱭᱟᱜ ᱑ ᱱᱚᱵᱷᱮᱢᱵᱚᱨ ᱠᱩᱴ ᱯᱟᱞᱟᱣ ᱞᱟᱹᱜᱤᱫ ᱪᱷᱩᱴᱤᱭ ᱩᱪᱷᱟᱹᱱ ᱟᱠᱟᱫᱟ ᱯᱚᱱᱚᱛ ᱾
A recent development in adventure tourism in the region has been whitewater rafting in Rishikesh.,ᱨᱤᱥᱤᱠᱮᱥ ᱦᱳᱭᱟᱤᱴᱳᱣᱟᱴᱟᱨ ᱨᱟᱯᱷᱴᱤᱝ ᱴᱚᱴᱷᱟᱨᱮ ᱨᱟᱥᱹᱠᱟᱹ ᱟᱱ ᱥᱟᱸᱜᱷᱟᱨ ᱨᱮ ᱢᱤᱫᱴᱟᱝ ᱱᱟᱦᱟᱜᱟᱠ ᱮ ᱡᱚᱲᱟᱣ ᱞᱮᱫᱟ ᱾
"Vasudhara Falls, near Badrinath, is a waterfall with a height of 122 metres set in a backdrop of snow-clad mountains.",ᱵᱚᱫᱽᱨᱤᱱᱟᱛᱷ ᱴᱷᱮᱱ ᱵᱚᱥᱩᱫᱷᱟᱨᱟ ᱦᱩᱫᱦᱩᱫᱤ ᱦᱩᱭᱩᱜ ᱠᱟᱱᱟ ᱤᱛᱤᱧ ᱫᱟᱜᱽᱛᱮ ᱯᱚᱴᱚᱢ ᱵᱩᱨᱩ ᱨᱮᱱᱟᱜ ᱚᱱᱚᱝᱨᱮ ᱢᱮᱱᱟᱜ ᱢᱤᱫ ᱑᱒᱒ ᱢᱤᱴᱟᱨ ᱩᱥᱩᱞᱟᱱ ᱢᱤᱫᱟᱱ ᱦᱩᱫᱦᱩᱫᱤ ᱾
"Major terms have their own separate article pages, while minor terms are defined/described here.","ᱢᱩᱬᱩᱫ ᱦᱩᱫᱟᱹ ᱠᱚᱨᱮᱭᱟᱜ ᱟᱯᱱᱟᱨᱟᱜ ᱵᱷᱤᱱᱟᱹ ᱚᱱᱚᱞ ᱥᱟᱦᱚᱴᱟ ᱢᱮᱱᱟᱜ ᱟᱠᱟᱫᱟ, ᱡᱟᱦᱟᱨᱮ ᱢᱩᱬᱩᱫ ᱦᱩᱫᱟᱹᱠᱚ ᱱᱚᱰᱮ ᱯᱟᱹᱱᱟᱹᱨᱥᱤ/ᱵᱚᱨᱱᱚᱱ ᱦᱩᱭ ᱟᱠᱟᱱᱟ ᱾"
The barasingha is the state animal and the dudhraj is the state bird of Madhya Pradesh.,ᱢᱟᱨᱟᱝ ᱠᱩᱞ ᱮ ᱦᱳᱭᱳᱜ ᱠᱟᱱᱟ ᱯᱚᱱᱚᱛ ᱨᱮᱱ ᱡᱤᱭᱟᱹᱞᱤ ᱟᱨ ᱫᱩᱫᱷᱨᱟᱡᱽ ᱫᱚ ᱦᱳᱭᱳᱜ ᱠᱟᱱᱟᱭ ᱢᱚᱫᱽᱫᱷᱚᱯᱨᱚᱫᱮᱥ ᱨᱮᱱ ᱫᱤᱥᱚᱢ ᱪᱮᱸᱬᱮ ᱾
Ken-gharial and Son-gharial sanctuaries are managed for the conservation of gharial and mugger.,ᱠᱮᱱᱼᱜᱷᱚᱲᱤᱭᱟᱞ ᱟᱨ ᱥᱳᱱᱼᱜᱷᱚᱲᱤᱭᱟᱞ ᱚᱵᱷᱚᱭᱟᱨᱚᱱᱱᱚ ᱜᱷᱚᱲᱤᱭᱟᱞ ᱟᱨ ᱛᱟᱭᱟᱝ ᱨᱟᱠᱷᱟᱫᱚᱦᱚ ᱞᱟᱹᱜᱤᱫ ᱪᱟᱪᱟᱞᱟᱣ ᱦᱩᱭᱩᱜᱼᱟ ᱾
"The Naga people number around 1.8 million in the state, constituting over 90% of the population.","ᱯᱚᱱᱚᱛ ᱨᱮ ᱱᱟᱜᱟ ᱦᱚᱲᱜᱩᱴ ᱠᱚᱣᱟᱜ ᱞᱮᱠᱷᱟ ᱚᱱᱢᱟᱱ ᱑ ᱞᱟᱠᱷ ᱘᱐ ᱦᱟᱡᱟᱨ , ᱡᱟᱦᱟᱸ ᱫᱚ ᱦᱚᱲ ᱞᱮᱠᱷᱟ ᱨᱮᱭᱟᱜ ᱙᱐% ᱠᱷᱚᱱ ᱦᱚᱸ ᱰᱷᱮᱨ ᱾"
"Gevra, Dipka, Kusmunda open cast coal mines in Korba, Chhattisgarh are the largest in India and biggest man-made structure visible in satellite images of India.","ᱪᱷᱚᱛᱛᱤᱥᱜᱚᱲ ᱨᱮᱭᱟᱜ ᱠᱳᱨᱵᱟᱭ ᱜᱮᱵᱷᱨᱟ, ᱰᱤᱯᱠᱟ, ᱠᱩᱥᱢᱩᱱᱰᱟ ᱠᱷᱩᱞᱟᱹ ᱰᱷᱟᱹᱞᱟᱭ ᱨᱮᱭᱟᱜ ᱠᱷᱟᱫᱟᱱ ᱠᱚᱫᱚ ᱵᱷᱟᱨᱚᱛ ᱨᱮᱭᱟᱜ ᱢᱟᱨᱟᱝ ᱟᱨ ᱵᱷᱟᱨᱚᱛ ᱨᱮᱭᱟᱜ ᱥᱮᱴᱮᱞᱟᱭᱤᱴ ᱪᱤᱛᱟᱹᱨ ᱠᱚᱨᱮ ᱧᱮᱧᱮᱞᱟᱱ ᱢᱟᱲᱟᱝ ᱢᱟᱱᱶᱟᱼᱟᱜ ᱢᱟᱨᱟᱝ ᱫᱟᱲᱢᱟᱠᱟᱨ ᱾"
Savouries believed to be Krishna's favourites are prepared with great care.,ᱠᱨᱤᱥᱱᱚ ᱡᱟᱸᱦᱟᱭ ᱠᱩᱥᱤᱭᱟᱜ ᱡᱚᱢ ᱠᱚ ᱢᱚᱱᱮᱭᱟᱱ ᱚᱱᱟ ᱟᱹᱰᱤ ᱡᱚᱛᱚᱱ ᱛᱮ ᱵᱮᱱᱟᱶ ᱦᱳᱭᱚᱜᱼᱟ ᱾
They consist of a few lines of Persian poetry with soft syllables or bols set to a tune.,ᱱᱚᱣᱟ ᱠᱚ ᱫᱚ ᱢᱤᱫ ᱨᱟᱦᱟᱛᱮ ᱵᱟᱪᱷᱟᱣ ᱟᱠᱟᱫ ᱨᱟᱣᱟᱞ ᱥᱤᱞᱮᱵᱚᱞ ᱥᱮ ᱵᱳᱞ ᱥᱟᱶᱛᱮ ᱯᱷᱟᱨᱥᱤ ᱚᱱᱚᱬᱦᱮᱸ ᱨᱮᱱᱟᱜ ᱠᱤᱪᱷᱤ ᱛᱷᱟᱨ ᱛᱮ ᱵᱮᱱᱟᱣ ᱟᱠᱟᱱᱟ ᱾
"Airtel Broadband, Act Broadband, BSNL, Hathway, and a few others are providing high-speed Fiber Optic broadband connection in many cities and rural areas across Tamil Nadu.","ᱮᱭᱟᱨᱴᱮᱞ ᱵᱚᱨᱰᱵᱮᱱᱰ, ᱮᱠᱴ ᱵᱚᱨᱰᱰᱮᱱᱰ, ᱵᱤ ᱮᱥ ᱮᱱ ᱮᱞ , ᱦᱮᱛᱚᱭᱮ ᱟᱨ ᱟᱭᱢᱟᱜᱟᱱ ᱛᱟᱹᱢᱤᱞᱱᱟᱲᱩ ᱨᱮ ᱯᱟᱥᱱᱟᱶ ᱟᱹᱰᱤᱜᱟᱱ ᱥᱟᱦᱟᱨ ᱟᱨ ᱟᱛᱳ ᱴᱚᱴᱷᱟᱨᱮ ᱪᱮᱛᱟᱱ ᱜᱚᱛᱤ ᱨᱮᱭᱟᱜ ᱯᱷᱟᱭᱵᱟᱨ ᱚᱯᱴᱤᱠ ᱵᱚᱨᱰᱰᱮᱱᱰ ᱡᱚᱲᱟᱶ ᱦᱳᱭᱳᱜ ᱠᱟᱱᱟ ᱾"
It is played in a similar fashion as Mridangam.,ᱱᱚᱶᱟ ᱫᱚ ᱛᱩᱢᱫᱟᱜ ᱞᱮᱠᱟ ᱠᱟᱛᱮ ᱨᱩᱭ ᱦᱩᱭᱩᱜᱼᱟ ᱾
Shafer came up with his own classification system for languages found in and around Nagaland.,ᱥᱮᱯᱷᱟᱨ ᱱᱟᱜᱟᱞᱮᱱᱰ ᱟᱨ ᱚᱱᱟ ᱨᱮᱭᱟᱜ ᱥᱩᱨᱥᱩᱯᱩᱨ ᱨᱮ ᱧᱟᱢᱚᱜ ᱯᱟᱹᱨᱥᱤ ᱞᱟᱹᱜᱤᱫ ᱟᱡᱟᱜ ᱱᱤᱡᱮᱨᱟᱜ ᱦᱟᱹᱱᱟᱹᱴᱤᱧ ᱵᱚᱱᱫᱷᱮᱡᱽ ᱟᱛᱮᱭ ᱦᱮᱡ ᱞᱮᱱᱟ ᱾
"On average, most people walk at speeds between 2 and 4 mph.",ᱡᱟᱹᱥᱛᱤ ᱦᱚᱲ ᱜᱮ ᱜᱚᱲ ᱨᱮ ᱒ ᱠᱷᱚᱱ ᱔ ᱢᱟᱭᱤᱞ ᱡᱟᱣ ᱴᱟᱲᱟᱝ ᱡᱩᱨ ᱛᱮᱠᱚ ᱛᱟᱲᱟᱢᱟ ᱾
"The line run by the South Western Railway was built during the colonial era linking the port town of Vasco da Gama, Goa with Belgaum, Hubli, Karnataka via Margao.","ᱫᱚᱠᱠᱷᱤᱱ ᱯᱚᱪᱷᱤᱢ ᱨᱮᱞᱣᱮ ᱪᱟᱼᱪᱟᱞᱟᱶ ᱛᱮ ᱞᱟᱭᱤᱱᱫᱚ ᱢᱟᱨᱜᱟᱶ ᱦᱳᱭ ᱠᱟᱛᱮ ᱵᱮᱞᱜᱟᱢ, ᱦᱩᱵᱞᱤ, ᱠᱚᱨᱱᱟᱴᱚᱠ ᱥᱟᱞᱟᱜ ᱜᱳᱣᱟ ᱥᱟᱢᱩᱫ ᱜᱷᱟᱴ ᱥᱟᱦᱟᱨ ᱵᱷᱟᱥᱠᱳ ᱫᱟ ᱜᱟᱢᱟ ᱫᱚ ᱡᱚᱲᱟᱣ ᱠᱟᱛᱮ ᱳᱣᱯᱚᱱᱤᱵᱮᱥᱤᱠ ᱡᱩᱜ ᱨᱮ ᱵᱮᱱᱟᱣ ᱞᱮᱱᱟ ᱾"
Famous actors Shammi Kapoor and Shashi Kapoor were his uncles.,ᱧᱩᱛᱩᱢᱟᱱ ᱚᱵᱷᱤᱱᱮᱛᱟ ᱥᱟᱢᱢᱤ ᱠᱟᱯᱩᱨ ᱟᱨ ᱥᱚᱥᱤ ᱠᱟᱯᱩᱨ ᱛᱟᱦᱮᱸ ᱠᱟᱱᱟᱭ ᱟᱡ ᱢᱟᱢᱟ ᱾
"The southernmost tip of the Indian Peninsula is Kanyakumari, which is the meeting point of the Arabian Sea, the Bay of Bengal, and the Indian Ocean.","ᱵᱷᱟᱨᱚᱛᱤᱭᱟᱹ ᱥᱟᱸᱜᱟ ᱰᱷᱤᱯ ᱨᱮᱭᱟᱜ ᱫᱚᱠᱷᱤᱱ ᱫᱷᱟᱨᱮ ᱦᱳᱭᱳᱜ ᱠᱟᱱᱟ ᱠᱚᱱᱱᱟᱠᱩᱢᱟᱨᱤ, ᱡᱟᱸᱦᱟ ᱫᱚ ᱟᱨᱚᱵᱽ ᱫᱚᱨᱭᱟ, ᱵᱚᱝᱳᱯᱚᱥᱟᱜᱚᱨ ᱟᱨ ᱵᱷᱟᱨᱚᱛ ᱢᱟᱦᱟ ᱫᱚᱨᱭᱟ ᱨᱮᱭᱟᱜ ᱢᱤᱞᱚᱱ ᱴᱷᱟᱶ᱾"
Instruction is mainly in English â€” the official language of Nagaland.,ᱥᱮᱪᱮᱫ ᱮᱢᱚᱜ ᱦᱳᱭᱳᱜᱼᱟ ᱟᱥᱚᱞᱨᱮ ᱱᱟᱜᱟᱞᱮᱱᱰ ᱨᱮᱭᱟᱜ ᱥᱚᱨᱠᱟᱨᱤ ᱯᱟᱹᱨᱥᱤ ᱤᱝᱨᱮᱡᱤᱛᱮ ᱾
"Many online sellers, like Amazon and eBay, offer a huge variety of products for lower prices than you can find them in-store.","ᱟᱹᱰᱤᱜᱟᱱ ᱚᱱᱞᱟᱭᱤᱱ ᱟᱠᱷᱨᱤᱧᱤᱭᱟᱹ, ᱡᱮᱞᱮᱠᱟ ᱟᱢᱟᱡᱚᱱ ᱟᱨ ᱤᱵᱮ ᱟᱢ ᱫᱚᱠᱟᱱ ᱨᱮ ᱡᱟᱦᱟᱢ ᱧᱟᱢᱟ ᱚᱱᱟ ᱠᱷᱚᱱᱦᱚᱸ ᱠᱚᱢ ᱫᱟᱢ ᱨᱮᱭᱟᱜ ᱟᱹᱰᱤ ᱞᱮᱠᱟᱱ ᱫᱩᱨᱤᱵᱽ ᱮᱢᱚᱜᱼᱟ ᱾"
"This parameter assesses whether the cell nuclei are uniform like those in normal breast duct epithelial cells, or whether they are larger, darker, or irregular.","ᱱᱚᱶᱟ ᱥᱛᱷᱤᱛᱤ ᱢᱟᱯ ᱫᱚ ᱥᱚᱜ ᱥᱮᱴᱮᱡᱟᱭ ᱡᱮ ᱠᱳᱥ ᱨᱮᱭᱟᱜ ᱱᱤᱭᱩᱠᱞᱤᱭᱟᱥ ᱞᱮᱠᱟᱛᱮ ᱥᱛᱚᱱ ᱱᱟᱹᱞᱤ ᱮᱯᱤᱛᱷᱮᱞᱤᱭᱟᱞ ᱠᱳᱥ ᱠᱚᱫᱚ ᱮᱴᱟᱜᱟᱜ ᱟᱨ ᱚᱱᱟᱠᱚᱫᱚ ᱢᱟᱨᱟᱝ, ᱫᱟᱹᱨᱭᱟᱹ ᱵᱟᱝᱠᱷᱟᱝ ᱚᱱᱤᱭᱚᱭᱚᱢᱤᱛᱚᱜ ᱠᱟᱱᱟ ᱥᱮ ᱵᱟᱝ ᱾"
"He is credited with systematizing some aspects of Hindustani music, and also introducing several ragas such as Yaman Kalyan, Zeelaf and Sarpada.","ᱩᱱᱤ ᱢᱟᱹᱱ ᱮᱢ ᱦᱳᱭ ᱞᱮᱱᱟ ᱦᱤᱱᱫᱩᱥᱛᱷᱟᱱᱤ ᱥᱮᱨᱮᱧ ᱨᱮ ᱠᱤᱪᱷᱤ ᱱᱟᱠᱷᱟ ᱨᱮ ᱯᱚᱫᱫᱷᱚᱛᱤ ᱟᱨ ᱟᱭᱢᱟ ᱠᱤᱪᱷᱤ ᱨᱟᱜ ᱨᱮᱭᱟᱜ ᱡᱟᱸᱦᱟ ᱞᱮᱠᱟ ᱤᱢᱚᱱ ᱠᱚᱞᱞᱟᱱ, ᱡᱤᱞᱟᱯᱷ ᱟᱨ ᱥᱚᱨᱯᱚᱫ ᱠᱳᱶᱟᱜ ᱨᱟᱠᱟᱵ ᱦᱮᱪ ᱞᱟᱹᱜᱤᱫ ᱾"
This was followed by the annexation of Sikkim in 1975.,ᱚᱱᱟ ᱛᱟᱭᱚᱢ ᱑᱙᱗᱕ ᱥᱟᱞ ᱨᱮ ᱥᱤᱠᱤᱢ ᱨᱮᱭᱟᱜ ᱥᱟᱹᱢᱤᱞ ᱦᱩᱭ ᱞᱮᱱᱟ ᱾
They teach Pali and Khamti scripts in addition to typical education subjects.,ᱩᱱᱠᱩ ᱫᱚ ᱥᱟᱫᱷᱟᱨᱚᱱ ᱥᱮᱪᱮᱫ ᱥᱟᱛᱟᱢ ᱪᱷᱟᱰᱟ ᱦᱚᱸ ᱯᱟᱹᱞᱤ ᱟᱨ ᱠᱷᱟᱢᱛᱤ ᱞᱤᱯᱤ ᱠᱚ ᱪᱮᱫ ᱟᱠᱚᱣᱟ ᱾
The Uttarakhand State Football Association is the governing body for association football.,ᱩᱛᱛᱚᱨᱟᱠᱷᱚᱱᱰ ᱯᱚᱱᱚᱛ ᱯᱷᱩᱴᱵᱚᱞ ᱜᱟᱶᱛᱟ ᱫᱚ ᱦᱩᱭᱩᱜ ᱠᱟᱱᱟ ᱯᱷᱩᱴᱵᱚᱞ ᱪᱟᱪᱞᱟᱶ ᱜᱟᱶᱛᱟ ᱾
The headquarters of the wazarat was at Leh for six months of the year and at Skardu for six months.,ᱩᱡᱟᱨᱚᱛ ᱨᱮᱭᱟᱜ ᱥᱚᱫᱚᱨ ᱫᱚᱯᱛᱚᱨ ᱫᱚ ᱛᱟᱦᱮᱸ ᱠᱟᱱᱟ ᱥᱮᱨᱢᱟ ᱨᱮᱭᱟᱜ ᱛᱩᱨᱩᱭ ᱪᱟᱸᱫᱳ ᱫᱚ ᱞᱮᱦᱚᱨᱮ ᱟᱨ ᱛᱩᱨᱩᱭ ᱪᱟᱸᱫᱳ ᱫᱚ ᱥᱠᱟᱨᱫᱩᱛ ᱨᱮ ᱾
Ragas in Yakshagana are closely associated with a set of melodic forms called mattu.,ᱢᱟᱴᱴᱩ ᱧᱩᱛᱩᱢᱟᱱ ᱨᱟᱦᱟ ᱥᱟᱶ ᱢᱤᱫᱴᱟᱝ ᱨᱩᱯ ᱥᱟᱞᱟᱜ ᱥᱳᱨ ᱥᱳᱯᱳᱨ ᱡᱚᱲᱟᱣ ᱢᱮᱱᱟᱜᱼᱟ ᱡᱚᱠᱠᱷᱚ ᱠᱚᱶᱟᱜ ᱨᱟᱜᱽ ᱠᱚ ᱾
"Fixed expenses can include things like mortgage payments or rent, credit card payments, car payments, and essential utilities like electric, water, and sewage.","ᱜᱚᱴᱟ ᱵᱩᱴᱟᱹ ᱠᱷᱚᱨᱚᱪ ᱠᱚ ᱢᱩᱫᱽ ᱨᱮ ᱵᱚᱱᱫᱷᱚ ᱠᱷᱚᱨᱚᱪ ᱥᱮ ᱵᱷᱟᱲᱟ, ᱠᱨᱮᱰᱤᱴ ᱠᱟᱨᱰ ᱠᱷᱚᱨᱚᱪ, ᱜᱟᱺᱰᱤ ᱠᱷᱚᱨᱚᱪ ᱟᱨ ᱠᱟᱨᱮᱱ, ᱫᱟᱜ, ᱟᱨ ᱵᱟᱹᱲᱤᱡ ᱫᱟᱜ ᱠᱚ ᱥᱟᱦᱟᱜᱤᱰᱤᱭ ᱞᱟᱹᱜᱤᱫ ᱛᱮ ᱞᱟᱹᱠᱛᱤᱭᱟᱱ ᱤᱭᱩᱴᱤᱞᱤᱴᱤ ᱠᱚ ᱥᱮᱞᱮᱫ ᱦᱳᱭ ᱫᱟᱲᱮᱭᱟᱜᱼᱟ ᱾"
"This sanctuary is on the bank of Pranahita River, 35Â km away from Mancherial town.",ᱢᱟᱱᱪᱮᱨᱤᱭᱟᱞ ᱱᱟᱜᱟᱨ ᱠᱷᱚᱱ ᱓᱕ ᱠᱤᱞᱳᱢᱤᱴᱟᱨ ᱥᱟᱹᱜᱤᱧ ᱨᱮ ᱯᱮᱨᱟᱱᱦᱤᱛᱟ ᱜᱟᱰᱟ ᱟᱲᱮ ᱨᱮ ᱢᱮᱱᱟᱜᱼᱟ ᱵᱤᱱ ᱵᱚᱛᱚᱨᱟᱱ ᱵᱤᱨ ᱾
It extends from the Himalayan to the Kunlun Ranges and includes the upper Indus River valley.,ᱱᱚᱶᱟ ᱫᱚ ᱦᱤᱢᱟᱞᱚᱭ ᱠᱷᱚᱱ ᱠᱩᱱᱞᱩᱱ ᱨᱟᱛᱟᱝᱵᱩᱨᱩ ᱢᱟᱞᱟ ᱦᱟᱹᱵᱤᱡ ᱯᱟᱥᱱᱟᱣᱟ ᱟᱨ ᱪᱮᱛᱟᱱ ᱨᱮᱭᱟᱜ ᱥᱤᱱᱫᱷᱩ ᱜᱟᱰᱟ ᱫᱷᱟᱥᱱᱟᱭ ᱥᱮᱞᱮᱫ ᱟᱠᱟᱫᱟ ᱾
The names are initially sorted by the scores at the end of the season.,ᱧᱩᱛᱩᱢ ᱠᱚᱫᱚ ᱮᱛᱚᱦᱚᱵ ᱞᱮᱠᱟᱛᱮ ᱢᱩᱨᱥᱩᱢ ᱨᱮᱭᱟᱜ ᱢᱩᱪᱟᱹᱫ ᱥᱠᱳᱨ ᱞᱮᱠᱟᱛᱮᱠᱚ ᱥᱟᱡᱟᱜᱼᱟ ᱾
It will further boost Faridabad's connectivity with Delhi.,ᱱᱚᱶᱟ ᱫᱚ ᱫᱤᱞᱞᱤ ᱥᱟᱶᱛᱮ ᱯᱷᱚᱨᱤᱫᱟᱵᱟᱫᱽ ᱨᱮᱭᱟᱜ ᱡᱚᱯᱲᱟᱣ ᱟᱨᱦᱚᱸᱭ ᱵᱟᱹᱲᱛᱤᱭᱟ ᱾
A new railway line is being laid westwards from Agartala to Akhaura in Bangladesh.,ᱵᱟᱝᱞᱟᱫᱮᱥ ᱨᱮᱭᱟᱜ ᱟᱜᱚᱨᱛᱚᱞᱟ ᱠᱷᱚᱱ ᱟᱠᱷᱟᱩᱲᱟ ᱫᱷᱟᱹᱵᱤᱡ ᱯᱚᱪᱷᱤᱢ ᱱᱟᱠᱷᱟ ᱥᱮᱫ ᱢᱤᱫᱴᱟᱝ ᱱᱟᱶᱟ ᱨᱮᱞᱞᱟᱭᱤᱱ ᱛᱷᱟᱯᱚᱱ ᱦᱩᱭᱩᱜ ᱠᱟᱱᱟ ᱾
Shabnam was another box office hit that was also released in 1949.,ᱥᱚᱵᱽᱱᱚᱢ ᱟᱨ ᱢᱤᱫᱴᱟᱝ ᱵᱚᱠᱥ ᱟᱹᱯᱷᱤᱥ ᱦᱤᱴ ᱛᱟᱦᱮᱸᱠᱟᱱᱟ ᱡᱟᱦᱟᱸᱫᱚ ᱑᱙᱔᱙ ᱥᱟᱹᱦᱤᱛ ᱨᱮ ᱯᱟᱨᱥᱟᱞ ᱞᱮᱱᱟ ᱾
Zanskar is the main river of the region along with its tributaries.,ᱡᱟᱱᱥᱠᱟᱨ ᱦᱩᱭᱩᱜ ᱠᱟᱱᱟ ᱱᱚᱶᱟ ᱨᱮᱭᱟᱜ ᱥᱟᱸᱜᱟ ᱱᱟᱹᱭ ᱢᱮᱥᱟ ᱱᱚᱶᱟ ᱴᱚᱴᱷᱟ ᱨᱮᱭᱟᱜ ᱢᱩᱬᱩᱛ ᱱᱟᱹᱭ ᱠᱟᱱᱟ ᱾
"A total of 48,675 hectares (120,280 acres) of land is used for agriculture purposes.","ᱜᱩᱴ ᱔᱘,᱖᱗᱕ ᱦᱮᱠᱴᱟᱨ (᱑᱒᱐,᱒᱘᱐ ᱮᱠᱚᱨ) ᱠᱷᱮᱛ ᱪᱟᱥ ᱠᱟᱹᱢᱤ ᱨᱮ ᱵᱮᱣᱦᱟᱨ ᱦᱩᱭᱩᱜᱼᱟ ᱾"
"However, it is worth checking whether the author updated the staging system during the study, or modified the usual classification rules for specific use in the investigation.","ᱡᱟᱦᱟᱸᱭᱮᱱ ᱜᱮ, ᱚᱱᱚᱞᱤᱭᱟᱹ ᱯᱚᱲᱦᱚᱱ ᱨᱮᱭᱟᱜ ᱚᱠᱛᱚ ᱟᱠᱷᱲᱟᱣᱟᱱ ᱵᱚᱱᱫᱮᱡᱽ ᱟᱱ ᱱᱟᱦᱟᱜ ᱟᱹᱨᱩᱭ ᱥᱮ ᱠᱷᱚᱡ ᱛᱚᱞᱟᱥ ᱠᱟᱹᱢᱤ ᱨᱮ ᱴᱷᱟᱣᱠᱟᱹ ᱥᱟᱹᱦᱤᱡ ᱵᱮᱵᱷᱟᱨ ᱞᱟᱹᱜᱤᱫ ᱥᱟᱫᱷᱟᱨᱚᱱ ᱛᱷᱟᱠ ᱨᱮᱭᱟᱜ ᱱᱮᱭᱟᱢ ᱠᱚ ᱥᱩᱫᱷᱨᱟᱹᱣ ᱞᱮᱫᱟ ᱥᱮ ᱵᱟᱝ ᱚᱱᱟ ᱵᱤᱰᱟᱹᱣ ᱫᱚ ᱟᱹᱰᱤ ᱡᱟᱹᱨᱩᱲᱟ ᱾"
"In Namchi, 9% of the population is under 6 years of age.",ᱱᱟᱢᱪᱤ ᱥᱟᱦᱟᱨ ᱨᱮᱭᱟᱜ ᱦᱚᱲᱞᱮᱠᱷᱟ ᱨᱮᱭᱟᱜ ᱙% ᱦᱩᱭᱩᱜ ᱠᱟᱱᱟ ᱖ ᱥᱮᱨᱢᱟ ᱟᱨᱵᱟᱝ ᱚᱱᱟ ᱠᱷᱚᱱ ᱠᱚᱢ ᱩᱢᱮᱨᱟᱱ ᱾
"Waverley High School, Taranaki, has already been suspended from administering internal NCEA assessments after it was confirmed in December that they were letting their students cheat.","ᱳᱭᱮᱹᱵᱷᱟᱨᱞᱤ ᱩᱱᱩᱥᱩᱞ ᱵᱤᱫᱽᱫᱟᱹᱜᱟᱲ, ᱛᱟᱨᱟᱱᱟᱠᱤ, ᱰᱤᱥᱮᱢᱵᱚᱨ ᱨᱮ ᱜᱚᱴᱟ ᱛᱟᱭᱚᱢ ᱵᱷᱤᱛᱟᱹᱨᱟᱱ ᱮᱱ ᱥᱤ ᱤ ᱮᱹ ᱵᱤᱰᱟᱹᱣ ᱪᱟᱼᱪᱟᱞᱟᱣ ᱠᱷᱚᱱ ᱦᱟᱹᱯᱤᱫ ᱦᱳᱭ ᱞᱮᱱᱟ ᱡᱮ, ᱩᱱᱠᱩ ᱟᱠᱚᱨᱮᱱ ᱯᱟᱹᱴᱷᱩᱣᱟᱹ ᱠᱚ ᱠᱳᱢᱲᱳ ᱦᱚᱪᱚ ᱭᱮᱫ ᱠᱚᱣᱟ ᱠᱚ ᱾"
How the usage of the Internet had affected the lives of these three characters forms the crux of the story.,ᱤᱱᱴᱟᱨᱱᱮᱴ ᱨᱮᱭᱟᱜ ᱵᱮᱣᱦᱟᱨ ᱪᱮᱫ ᱞᱮᱠᱟᱛᱮ ᱱᱚᱶᱟ ᱯᱮᱭᱟ ᱪᱩᱨᱤᱛᱟᱜ ᱡᱤᱭᱚᱱᱮ ᱮᱥᱮᱨᱟ ᱚᱱᱟ ᱤᱫᱤ ᱠᱟᱛᱮᱫ ᱜᱮ ᱠᱟᱹᱦᱚᱱᱤ ᱨᱮᱱᱟᱜ ᱢᱩᱬᱩᱫ ᱥᱟᱛᱟᱢ ᱾
Vrishadhvaja and also his heir-son were dead and his grandchildren Dharmadhvaja and Kushadhvaja were now worshiping Lakshmi to gain her favor.,"ᱵᱨᱤᱥᱫᱷᱚᱡᱽ ᱟᱨ ᱩᱱᱤᱨᱮᱱ ᱵᱤᱨᱟᱹᱫᱟᱹᱞᱤ ᱦᱚᱯᱚᱱ ᱦᱚᱸᱭ ᱜᱚᱡ ᱟᱠᱟᱱᱟ ᱟᱨ ᱩᱱᱤ ᱨᱮᱱ ᱜᱚᱲᱚᱢ ᱠᱚᱲᱟ ᱠᱤᱱ, ᱫᱷᱚᱨᱢᱚᱫᱷᱚᱡᱽ ᱟᱨ ᱠᱩᱥᱫᱷᱚᱡᱽ ᱱᱤᱛᱚᱜ ᱞᱚᱠᱷᱤ ᱧᱟᱢ ᱟᱸᱥᱛᱮ ᱩᱱᱤᱭᱟᱜ ᱯᱩᱡᱟᱹ ᱠᱤᱱ ᱠᱚᱨᱟᱣᱟ᱾"
He portrayed Reema Lagoo's husband and Raj Babbar's brother in Shashi Kapoor's Filmwalas Productions' Kalyug.,ᱥᱚᱥᱤ ᱠᱟᱯᱩᱨᱟᱜ ᱯᱷᱤᱞᱢᱳᱣᱟᱞᱟᱥ ᱯᱨᱳᱰᱟᱠᱥᱚᱱ ᱠᱟᱞ ᱡᱩᱜᱽᱨᱮ ᱩᱱᱤ ᱨᱤᱢᱟ ᱞᱟᱜᱩ ᱨᱮᱱ ᱪᱷᱟᱛᱟ ᱫᱟᱨᱮᱹ ᱟᱨ ᱨᱟᱡᱽ ᱵᱚᱵᱽᱵᱚᱨ ᱨᱮᱱ ᱵᱚᱠᱚᱛᱛᱮᱫᱟᱜ ᱪᱩᱨᱤᱛ ᱨᱮᱭ ᱯᱟᱴᱷ ᱞᱮᱫᱟ ᱾
Kashmir University located in Srinagar is the main university in the territory.,ᱥᱨᱤᱱᱚᱜᱚᱨ ᱨᱮ ᱢᱮᱱᱟᱜ ᱠᱟᱥᱢᱤᱨ ᱡᱮᱜᱮᱫ ᱵᱤᱨᱫᱟᱹᱜᱟᱲ ᱫᱚ ᱱᱚᱶᱟ ᱴᱚᱴᱷᱟ ᱨᱮᱭᱟᱜ ᱢᱟᱨᱟᱝ ᱡᱮᱜᱮᱫ ᱵᱤᱨᱫᱟᱹᱜᱟᱲ ᱠᱟᱱᱟ ᱾
You can also investigate saving money on transportation by forgoing a car.,ᱟᱢᱫᱚ ᱢᱤᱫᱴᱟᱝ ᱜᱟᱹᱰᱤ ᱟᱲᱟᱜ ᱠᱟᱛᱮ ᱠᱟᱛᱮᱜ ᱥᱟᱜᱟᱲᱚᱢ ᱨᱮᱭᱟᱜ ᱠᱟᱹᱣᱰᱤ ᱥᱟᱧᱪᱟᱣ ᱨᱮᱭᱟᱜ ᱠᱟᱛᱷᱟᱢ ᱩᱭᱦᱟᱹᱨ ᱫᱟᱲᱮᱭᱟᱜᱼᱟ ᱾
"The storms, which are common between April and June, swept over the Mymensingh area and destroyed crops and trees.",ᱮᱯᱨᱤᱞ ᱠᱷᱚᱱ ᱡᱩᱱ ᱢᱩᱫᱽᱨᱮ ᱥᱟᱹᱵᱤᱠ ᱞᱮᱠᱟᱛᱮ ᱦᱩᱭᱩᱜ ᱦᱚᱭᱼᱵᱟᱹᱨᱰᱩ ᱠᱚ ᱢᱚᱭᱢᱚᱱᱥᱤᱝ ᱴᱚᱴᱷᱟ ᱪᱮᱛᱟᱱᱛᱮ ᱩᱰᱟᱹᱣ ᱪᱟᱞᱟᱜᱼᱟ ᱟᱨ ᱟᱨᱡᱟᱣ ᱫᱩᱨᱤᱵᱽ ᱟᱨ ᱫᱟᱹᱨᱮ ᱱᱟᱹᱲᱤᱭ ᱱᱟᱥᱟᱣᱟ ᱾
"Low vision rehabilitation professionals, some of whom are connected to an agency for the blind, can provide advice on lighting and contrast to maximize remaining vision.","ᱠᱚᱢ ᱧᱮᱧᱮᱞᱟᱱ ᱛᱟᱦᱮᱸ ᱨᱩᱣᱟᱹᱲ ᱠᱚ, ᱡᱟᱸᱦᱟᱭ ᱠᱚ ᱢᱩᱫᱽᱨᱮ ᱚᱠᱚᱭ ᱚᱠᱚᱭ ᱠᱚᱫᱚ ᱠᱟᱬᱟ ᱠᱚ ᱞᱟᱹᱜᱤᱫ ᱢᱤᱫ ᱜᱟᱶᱛᱟ ᱥᱟᱶᱛᱮ ᱡᱚᱯᱲᱟᱣ, ᱥᱟᱨᱮᱡ ᱟᱠᱟᱱ ᱧᱮᱱᱮᱞ ᱫᱚ ᱡᱚᱛᱚ ᱠᱷᱚᱱ ᱠᱟᱹᱢᱤ ᱨᱮ ᱞᱟᱜᱟᱣ ᱞᱟᱹᱜᱤᱫ ᱢᱟᱨᱥᱟᱞ ᱟᱨ ᱵᱷᱮᱜᱟᱨ ᱩᱫᱩᱜ ᱵᱟᱨᱮᱛᱮ ᱯᱚᱨᱟᱢᱚᱥ ᱮ ᱮᱢ ᱫᱟᱲᱮᱭᱟᱜᱼᱟ ᱾"
"Tennis is also a popular sport in Tamil Nadu with notable international players including Ramesh Krishnan, Ramanathan Krishnan, Vijay Amritraj and Mahesh Bhupathi.","ᱨᱚᱢᱮᱥ ᱠᱨᱤᱥᱱᱚᱱ, ᱨᱟᱢᱱᱟᱛᱷᱚᱱ ᱠᱨᱤᱥᱱᱚᱱ, ᱵᱤᱡᱚᱭ ᱚᱢᱨᱤᱛᱨᱟᱡᱽ ᱟᱨ ᱢᱚᱦᱮᱥ ᱵᱷᱩᱯᱚᱛᱤ ᱥᱟᱶᱛᱮ ᱧᱩᱛᱩᱢᱟᱱ ᱡᱮᱜᱮᱫᱡᱟᱠᱟᱫ ᱠᱷᱤᱞᱚᱸᱰᱤᱭᱟᱹ ᱟᱛᱮ ᱛᱟᱹᱢᱤᱞᱱᱟᱰᱩ ᱨᱮᱦᱚᱸ ᱴᱮᱱᱤᱥ ᱢᱤᱫᱴᱮᱱ ᱧᱩᱛᱩᱢᱟᱱᱟᱜ ᱦᱩᱭᱟᱠᱟᱱᱟ ᱾"
"The state has a tropical savanna climate, and receives seasonal heavy rains from the south west monsoon.",ᱯᱚᱱᱚᱛ ᱨᱮᱭᱟᱜ ᱦᱚᱭᱦᱤᱸᱥᱤᱫ ᱥᱤᱛᱩᱝ ᱴᱚᱴᱷᱟᱠᱤᱭᱟᱹ ᱥᱟᱵᱷᱟᱱᱟ ᱞᱮᱠᱟᱱᱟᱜ ᱟᱨ ᱫᱚᱠᱷᱤᱱ ᱯᱚᱪᱷᱤᱢ ᱢᱳᱣᱥᱩᱢᱤ ᱦᱳᱭ ᱠᱷᱚᱱ ᱢᱳᱣᱥᱩᱢᱤ ᱟᱹᱰᱤ ᱟᱸᱴᱮ ᱫᱟᱜᱼᱟ ᱾
"Patna recorded a per capita of Rs 63,063.","ᱯᱟᱴᱱᱟ ᱨᱮ ᱦᱚᱱᱯᱤᱪᱷᱩ ᱖᱓,᱐᱖᱓ ᱴᱟᱠᱟ ᱨᱮᱠᱚᱰ ᱠᱚᱨᱟᱣ ᱟᱠᱟᱱᱟ ᱾"
"After the hiking activity, organizers and sponsors set up gaming and eye-checking-up booths for participants and also held seminars to provide the how-to with good eyesight keeping.",ᱦᱟᱭᱠᱤᱝ ᱠᱟᱹᱦᱚᱨᱟ ᱛᱟᱭᱚᱢ ᱥᱚᱝᱜᱚᱴᱷᱚᱠ ᱟᱨ ᱥᱯᱚᱱᱥᱚᱨ ᱠᱚ ᱫᱟᱶ ᱦᱟᱛᱟᱣ ᱠᱚ ᱞᱟᱹᱜᱤᱫ ᱜᱮᱢᱤᱝ ᱟᱨ ᱢᱮᱫᱼᱵᱤᱰᱟᱹᱣ ᱵᱩᱛᱷ ᱛᱷᱟᱯᱚᱱ ᱠᱮᱫᱟᱠᱚ ᱟᱨ ᱚᱠᱟ ᱞᱮᱠᱟᱛᱮ ᱱᱟᱯᱟᱭ ᱧᱮᱞ ᱧᱟᱢ ᱫᱟᱲᱮ ᱥᱟᱢᱴᱟᱣ ᱫᱚᱦᱚ ᱦᱩᱭᱩᱜᱼᱟ ᱚᱱᱟ ᱞᱟᱹᱭ ᱟᱠᱚ ᱞᱟᱹᱜᱤᱫ ᱥᱮᱢᱤᱱᱟᱨ ᱦᱚᱸᱠᱚ ᱥᱟᱯᱲᱟᱣ ᱠᱮᱫᱟ ᱾
The gender ratio has been steadily declining over the 20th century in Chhattisgarh.,ᱵᱤᱝᱥᱚ ᱥᱚᱛᱟᱵᱽᱫᱤ ᱫᱷᱩᱨᱭᱟᱹ ᱪᱷᱚᱛᱛᱤᱥᱜᱚᱲ ᱨᱮᱭᱟᱜ ᱡᱟᱱᱟᱝ ᱯᱚᱲᱚᱱ ᱞᱮᱛᱟᱲ ᱟᱹᱫᱷᱤᱜ ᱠᱟᱱᱟ ᱾
Kumaragupta I was also a worshipper of Kartikeya.,ᱯᱩᱭᱞᱩ ᱠᱩᱢᱟᱨ ᱜᱩᱯᱛᱚ ᱦᱚᱸ ᱠᱟᱨᱛᱤᱠ ᱨᱮᱱ ᱵᱷᱚᱠᱛᱟᱭ ᱛᱟᱸᱦᱮ ᱠᱟᱱᱟ ᱾
He is the son of actors Naseeruddin Shah and Ratna Pathak Shah.,ᱩᱱᱤᱫᱚ ᱚᱵᱷᱤᱱᱮᱛᱟ ᱱᱟᱥᱤᱨᱩᱫᱽᱫᱤᱱ ᱥᱟᱦᱚ ᱟᱨ ᱨᱚᱛᱱᱟ ᱯᱟᱴᱷᱚᱠ ᱥᱟᱦᱚ ᱨᱮᱱ ᱜᱤᱫᱽᱨᱟᱹ ᱾
"Tamil Nadu has four mobile service providers namely BSNL, Airtel, Jio, and Vi.","ᱛᱟᱢᱤᱞᱱᱟᱹᱲᱩᱨᱮ ᱯᱚᱱᱭᱟ ᱢᱚᱵᱟᱭᱤᱞ ᱯᱚᱨᱤᱥᱮᱵᱟ ᱮᱢᱚᱜ ᱠᱟᱱᱟ ᱠᱚ ,ᱢᱩᱲᱩᱛ ᱞᱮᱠᱟᱛᱮ ᱵᱤᱹᱮᱥᱹᱮᱱᱹᱮᱞ, ᱮᱭᱟᱨᱴᱮᱞ, ᱡᱤᱭᱳ ᱟᱨ ᱵᱷᱤᱟᱭ ᱾"
"Besides Best Malayalam Film and Best Screenplay for the film, Fahadh won in the Best Supporting Actor category.","ᱥᱚᱨᱮᱥ ᱢᱟᱞᱟᱭᱟᱞᱟᱢ ᱪᱚᱞᱚᱛ ᱪᱤᱛᱟᱹᱨ ᱞᱟᱹᱜᱤᱫ ᱥᱚᱨᱮᱥ ᱪᱤᱛᱟᱹᱨ ᱜᱟᱭᱟᱱ ᱪᱷᱟᱰᱟᱦᱚᱸ, ᱯᱷᱟᱦᱟᱫ ᱥᱚᱨᱮᱥ ᱥᱚᱦᱚᱫ ᱯᱟᱴᱷᱚᱠ ᱛᱷᱚᱱᱚᱛ ᱨᱮᱭ ᱡᱤᱛᱠᱟᱹᱨ ᱞᱮᱱᱟ ᱾"
"In modern Mizoram, much of the social life often revolves around church.",ᱱᱟᱦᱟᱜ ᱢᱤᱡᱳᱨᱟᱢ ᱨᱮ ᱥᱟᱶᱛᱟ ᱠᱤᱭᱟᱹ ᱡᱤᱭᱚᱱ ᱨᱮ ᱟᱭᱢᱟᱜᱟᱱ ᱜᱮ ᱞᱟᱹᱭᱜᱟᱱᱚᱜᱼᱟ ᱜᱤᱨᱡᱟ ᱫᱷᱟᱨᱮ ᱫᱷᱟᱨᱮ ᱨᱮ ᱢᱮᱱᱟᱜ ᱠᱚᱶᱟ ᱾
He was one of the pioneers and most prolific contributors to Kannada theatre.,ᱩᱱᱤ ᱫᱚ ᱠᱚᱱᱱᱚᱲ ᱨᱚᱸᱜᱤᱱᱟᱠᱷᱲᱟ ᱞᱟᱦᱟᱣᱟᱱ ᱟᱨ ᱡᱚᱛᱚᱠᱷᱚᱱ ᱰᱷᱮᱨ ᱮᱱᱮᱢᱦᱚᱲᱮ ᱛᱟᱦᱮᱸ ᱠᱟᱱᱟ ᱾
The Uttarakhand football team represents Uttarakhand in the Santosh Trophy and other leagues.,ᱥᱚᱱᱛᱳᱥ ᱴᱨᱚᱯᱷᱤ ᱟᱨ ᱮᱴᱟᱜ ᱞᱤᱜᱽ ᱨᱮ ᱩᱛᱛᱚᱨᱟᱠᱷᱚᱱᱰ ᱯᱷᱩᱴᱵᱚᱞ ᱜᱟᱫᱮᱞ ᱩᱛᱛᱚᱨᱟᱠᱷᱚᱱᱰ ᱛᱚᱨᱚᱯᱷ ᱛᱮᱠᱚ ᱢᱟᱲᱛᱮ ᱞᱮᱱᱟ ᱾
"The flowers of palash or tesu tree, also called the flame of the forest, are typical sources of bright red and deep orange colours.","ᱢᱩᱨᱩᱫ ᱥᱮ ᱛᱮᱥᱩ ᱫᱟᱨᱮᱹ ᱨᱮᱭᱟᱜ ᱵᱟᱦᱟ ᱡᱟᱦᱟᱸ ᱫᱚ ᱵᱤᱨ ᱨᱮᱭᱟᱜ ᱢᱟᱨᱥᱟᱞ ᱦᱚᱠᱚ ᱢᱮᱛᱟᱜᱼᱟ, ᱟᱨᱟᱜ ᱟᱨᱥᱟᱞ ᱟᱨ ᱜᱟᱲᱚ ᱠᱚᱢᱞᱟ ᱨᱚᱝ ᱟᱫᱚᱨᱥᱚ ᱞᱮᱠᱟᱛᱮ ᱯᱷᱮᱰᱟᱛ ᱠᱟᱱᱟ ᱾"
The usual recommendation for those needing iseikonic correction is to wear contact lenses.,ᱡᱟᱦᱟᱸᱭ ᱠᱚᱣᱟᱜ ᱟᱭᱥᱤᱠᱱᱤᱠ ᱥᱩᱫᱷᱨᱟᱹᱣ ᱨᱮᱭᱟᱜ ᱡᱟᱨᱩᱲᱚᱜᱼᱟ ᱩᱱᱠᱩ ᱞᱟᱹᱜᱤᱫ ᱥᱟᱫᱷᱟᱨᱚᱱ ᱥᱩᱯᱷᱟᱨᱤᱥ ᱦᱩᱭᱩᱜ ᱠᱟᱱᱟ ᱠᱚᱱᱴᱟᱠᱴ ᱞᱮᱱᱥ ᱦᱚᱨᱚᱜ ᱦᱩᱭᱩᱜᱼᱟ ᱾
"In this session, Jawaharlal Nehru delivered the Tryst with Destiny speech proclaiming India's independence.","ᱱᱚᱶᱟ ᱚᱫᱷᱤᱵᱮᱥᱚᱱ ᱨᱮ, ᱡᱚᱣᱦᱚᱨᱞᱟᱞ ᱱᱮᱦᱮᱨᱩ ᱵᱷᱟᱨᱚᱛ ᱨᱮᱭᱟᱜ ᱯᱷᱩᱨᱜᱟᱹᱞ ᱩᱪᱷᱟᱹᱱ ᱠᱟᱛᱮᱫ ᱴᱨᱤᱥᱴ ᱩᱭᱤᱛᱷ ᱰᱮᱥᱴᱤᱱᱤ ᱛᱷᱩᱛᱤᱭ ᱫᱚᱦᱚ ᱞᱮᱫᱟ ᱾"
Won Silver Medal in 2020 Tokyo Olympics for India.,ᱵᱷᱟᱨᱚᱛ ᱨᱮᱱ ᱦᱳᱭ ᱠᱟᱛᱮ ᱒᱐᱒᱐ ᱴᱳᱠᱤᱭᱳ ᱚᱞᱤᱢᱯᱤᱠᱨᱮ ᱨᱩᱯᱟᱹ ᱯᱚᱫᱚᱠ ᱠᱚ ᱡᱤᱛᱟᱹᱣ ᱞᱮᱱᱟ ᱾
To the east is the Bay of Bengal and the state encircles the union territory of Puducherry.,ᱯᱩᱨᱩᱵᱽ ᱨᱮ ᱵᱚᱝᱜᱳᱯᱥᱟᱜᱚᱨ ᱟᱨ ᱯᱚᱱᱚᱛ ᱯᱩᱫᱩᱪᱮᱨᱤ ᱫᱚ ᱛᱟᱞᱢᱟ ᱥᱟᱥᱚᱱᱤᱭᱟᱹ ᱴᱚᱴᱷᱟ ᱵᱮᱲᱦᱟᱭᱛᱮ ᱮᱥᱮᱫ ᱟᱠᱟᱫᱟᱭ ᱾
There are around 750 species of birds and more than 200 species of mammals in the state.,ᱯᱚᱱᱚᱛ ᱨᱮ ᱯᱨᱟᱭ ᱗᱕᱐ ᱡᱟᱹᱛᱨᱮᱱ ᱪᱮᱬᱮ ᱟᱨ ᱒᱐᱐ ᱜᱚᱴᱟᱝ ᱠᱷᱚᱱ ᱰᱷᱮᱨ ᱡᱟᱹᱛᱨᱮᱱ ᱱᱩᱱᱩᱣᱟᱱ ᱡᱤᱭᱟᱹᱞᱤ ᱢᱮᱱᱟᱜ ᱠᱚᱣᱟ ᱾
Sledge hockey is an adaption of ice hockey designed for players who have a physical disability.,ᱥᱞᱮᱡᱽ ᱦᱚᱠᱤ ᱦᱳᱭᱚᱜ ᱠᱟᱱᱟ ᱟᱭᱤᱥ ᱦᱚᱠᱤ ᱨᱮᱭᱟᱜ ᱢᱤᱫᱴᱟᱝ ᱚᱵᱷᱤᱡᱳᱡᱚᱱ ᱡᱟᱦᱟᱸ ᱫᱚ ᱚᱱᱠᱟᱱ ᱠᱷᱤᱞᱳᱸᱰᱤᱭᱟᱹ ᱠᱚ ᱞᱟᱹᱜᱤᱫ ᱵᱮᱱᱟᱣ ᱦᱳᱭ ᱟᱠᱟᱱᱟ ᱡᱟᱦᱟᱸᱭ ᱠᱚᱣᱟᱜ ᱫᱟᱲᱮᱹ ᱵᱟᱱᱩᱜᱼᱟ ᱾
An invocatory item may usually follow the varnam.,ᱟᱥᱚᱠᱟᱭᱛᱮ ᱵᱚᱨᱱᱚᱢ ᱛᱟᱭᱚᱢ ᱢᱤᱫᱴᱟᱝ ᱱᱮᱸᱦᱚᱨ ᱥᱮᱨᱮᱧ ᱦᱮᱪ ᱫᱟᱲᱮᱭᱟᱜᱼᱟ ᱾
It is based on pre-classical melodic forms that comprise a series of five or more musical notes upon which a melody is founded.,ᱱᱚᱶᱟ ᱫᱚ ᱢᱟᱲᱟᱝᱼᱥᱮᱨᱶᱟ ᱨᱟᱦᱟ ᱵᱟᱵᱚᱫᱟᱱ ᱨᱩᱯ ᱪᱮᱛᱟᱱ ᱴᱮᱦᱟᱰ ᱟᱠᱟᱱ ᱡᱟᱦᱟᱸ ᱢᱚᱬᱮ ᱟᱨᱵᱟᱝ ᱚᱱᱟ ᱠᱷᱚᱱ ᱰᱷᱮᱨ ᱨᱩᱼᱥᱟᱯᱟᱵᱽ ᱨᱮᱱᱟᱜ ᱢᱤᱫᱴᱟᱝ ᱦᱚᱨᱟ ᱟᱛᱮᱫ ᱜᱚᱲᱦᱚᱱ ᱡᱟᱦᱟ ᱠᱷᱚᱱ ᱢᱤᱫᱴᱟᱝ ᱨᱟᱦᱟ ᱛᱚᱞ ᱜᱟᱱᱚᱜᱼᱟ ᱾
"The state has always been a destination for mountaineering, hiking, and rock climbing in India.","ᱵᱷᱟᱨᱚᱛ ᱨᱮ ᱵᱩᱨᱩᱫᱮᱡᱚᱜ, ᱦᱟᱭᱠᱤᱝ ᱟᱨ ᱨᱚᱠ ᱠᱞᱟᱭᱢᱵᱤᱝ ᱞᱟᱹᱜᱤᱫᱛᱮ ᱯᱚᱱᱚᱛ ᱫᱚ ᱥᱟᱨᱜᱷᱟᱹᱲᱤᱡᱽ ᱜᱮ ᱢᱤᱫᱴᱟᱝ ᱥᱮᱴᱮᱨᱚᱜ ᱴᱷᱟᱶ ᱾"
"Until now, the winning team was either from the Netherlands or Belgium, with respectively 45 and 6 Europa Cups.","ᱱᱤᱛ ᱦᱟᱹᱵᱤᱡ, ᱡᱤᱛᱠᱟᱹᱨ ᱫᱚᱞ ᱠᱚ ᱦᱩᱭᱩᱜ ᱛᱟᱦᱮᱱᱟ ᱱᱮᱫᱟᱨᱞᱮᱱᱰᱥ ᱟᱨᱵᱟᱝ ᱵᱮᱞᱡᱤᱭᱟᱢ ᱠᱷᱚᱱ, ᱮᱞᱮᱞ ᱞᱮᱠᱟᱛᱮ ᱔᱕ ᱟᱨ ᱖ ᱜᱚᱴᱟᱝ ᱤᱭᱩᱨᱳᱯᱟ ᱠᱟᱯ ᱾"
It is predominantly celebrated in the Indian subcontinent but has also spread to other regions of Asia and parts of the Western world through the South Asian diaspora.,ᱢᱩᱲᱩᱫ ᱞᱮᱠᱟᱛᱮ ᱵᱷᱟᱨᱚᱛᱤᱭᱟᱹ ᱩᱯᱚᱼᱢᱟᱦᱟ ᱫᱤᱥᱚᱢ ᱨᱮ ᱱᱚᱶᱟ ᱯᱟᱞᱟᱣ ᱦᱩᱭᱞᱮᱱᱟ ᱢᱮᱱᱠᱷᱟᱱ ᱫᱚᱠᱷᱤᱱ ᱮᱥᱤᱭᱟᱨᱮᱱ ᱜᱤᱨᱟᱹᱵᱟᱥ ᱟᱠᱟᱱᱠᱚ ᱛᱟᱞᱟᱛᱮ ᱮᱥᱤᱭᱟ ᱨᱮᱭᱟᱜ ᱮᱴᱟᱜ ᱮᱴᱟᱜ ᱴᱚᱴᱷᱟ ᱟᱨ ᱯᱟᱹᱪᱷᱤᱢ ᱡᱮᱸᱜᱮᱫ ᱨᱮᱭᱟᱜ ᱠᱤᱪᱷᱩᱜᱟᱱ ᱦᱤᱸᱥ ᱨᱮᱦᱚᱸ ᱪᱷᱩᱲᱤᱭᱟᱹᱣ ᱟᱠᱟᱱᱟ ᱾
You must have lived in Alaska for a full calendar year and you must intend to remain in Alaska indefinitely.,ᱟᱢ ᱱᱤᱦᱟᱹᱛ ᱜᱮ ᱢᱤᱫᱴᱟᱝ ᱯᱩᱨᱟᱹ ᱯᱚᱧᱡᱤᱠᱟ ᱥᱮᱨᱢᱟ ᱞᱟᱹᱜᱤᱫ ᱟᱞᱟᱥᱠᱟ ᱨᱮᱠᱚ ᱜᱤᱨᱟᱹᱵᱟᱥᱤ ᱟᱠᱟᱱ ᱟᱨ ᱟᱢᱟᱜ ᱵᱮᱼᱴᱷᱤᱠᱟᱹᱱ ᱠᱟᱞ ᱞᱟᱹᱜᱤᱫ ᱟᱞᱟᱥᱠᱟ ᱨᱮ ᱛᱟᱦᱮᱸᱱ ᱨᱮᱭᱟᱜ ᱯᱟᱱᱛᱷᱟ ᱢᱮᱱᱟᱜᱼᱟ ᱾
"A mixed vegetable stew, known as Khatkhate, is a very popular dish during the celebrations of festivals, Hindu and Christian alike.","ᱢᱤᱫᱴᱟᱝ ᱢᱮᱥᱟ ᱥᱚᱵᱡᱽᱤ ᱥᱩᱴᱩ, ᱡᱟᱦᱟᱸ ᱫᱚ ᱠᱷᱚᱴᱠᱷᱚᱴᱮᱹ ᱧᱩᱛᱩᱢ ᱛᱮ ᱩᱯᱨᱩᱢ ᱟᱠᱟᱱᱟ, ᱦᱤᱱᱫᱩ ᱟᱨ ᱠᱷᱤᱥᱴᱟᱱ ᱠᱚᱣᱟᱜ ᱯᱚᱨᱚᱵᱽ ᱢᱟᱱᱟᱣ ᱚᱠᱛᱚ ᱢᱤᱫᱴᱟᱝ ᱠᱷᱩᱥᱤᱭᱟᱱᱟᱜ ᱡᱚᱢᱟᱜ ᱠᱟᱱᱟ ᱾"
"In Sweden, Children's Day is celebrated on the first Monday of October.","ᱥᱩᱭᱰᱮᱱ ᱨᱮ, ᱚᱠᱴᱳᱵᱚᱨ ᱨᱮᱭᱟᱜ ᱯᱳᱭᱞᱳ ᱚᱛᱮᱢᱟᱦᱟ ᱦᱤᱞᱳᱜ ᱥᱤᱥᱩ ᱫᱤᱵᱚᱥ ᱠᱚ ᱯᱟᱞᱟᱣᱟ ᱾"
"She studied at Indian School Wadi Kabir and Indian School, Salalah in Oman.","ᱩᱱᱤᱫᱚ ᱳᱢᱟᱱ ᱨᱮᱭᱟᱜ ᱤᱱᱰᱤᱭᱟᱱ ᱥᱠᱩᱞ ᱳᱣᱟᱫᱤ ᱠᱚᱵᱤᱨ ᱟᱨ ᱤᱱᱰᱤᱭᱟᱱ ᱥᱠᱩᱞ, ᱥᱟᱞᱟᱞᱟᱦᱚ ᱨᱮᱭ ᱯᱟᱲᱦᱟᱣ ᱟᱠᱟᱱᱟ ᱾"
"The surrounding cities are Mohali, New Chandigarh, Patiala, Zirakpur and Rupnagar in Punjab, and Panchkula and Ambala in Haryana.","ᱥᱩᱨᱥᱩᱯᱩᱨ ᱥᱟᱦᱟᱨᱠᱚᱫᱚ ᱦᱩᱭᱩᱜ ᱠᱟᱱᱟ ᱢᱳᱦᱟᱞᱤ, ᱱᱤᱭᱩ ᱪᱚᱱᱰᱤᱜᱚᱲ, ᱯᱟᱛᱤᱭᱟᱞᱟ, ᱯᱟᱧᱡᱟᱵᱽ ᱨᱮᱭᱟᱜ ᱡᱤᱨᱟᱠᱯᱩᱨ ᱟᱨ ᱨᱩᱯᱱᱚᱜᱚᱨ ᱟᱨ ᱦᱚᱨᱤᱭᱟᱱᱟ ᱨᱮᱭᱟᱜ ᱯᱚᱧᱪᱚᱠᱩᱞᱟ ᱟᱨ ᱟᱢᱵᱟᱞᱟ ᱾"
The other Sanskrit term for it is Avyanga.,ᱱᱚᱶᱟ ᱞᱟᱹᱜᱤᱫ ᱮᱴᱟᱜ ᱥᱚᱝᱥᱠᱨᱤᱛ ᱯᱟᱹᱱᱟᱹᱨᱥᱤ ᱫᱚ ᱠᱟᱱᱟ ᱚᱵᱮᱝᱜᱚ ᱾
Laser surgery may also slightly reduce colour and night vision.,ᱞᱮᱡᱟᱨ ᱥᱟᱨᱡᱟᱨᱤ ᱦᱚᱸ ᱨᱚᱝᱼ ᱟᱨ ᱧᱤᱫᱟᱹ ᱧᱮᱞ ᱫᱟᱲᱮᱭᱟᱜ ᱦᱚᱸ ᱱᱟᱥᱮᱭ ᱠᱚᱢ ᱫᱟᱲᱮᱭᱟᱜᱼᱟ ᱾
"In this bombing, the vehicle was damaged but there were no casualties.",ᱱᱚᱶᱟ ᱵᱚᱢᱟ ᱚᱴᱮᱡ ᱛᱮ ᱜᱟᱹᱰᱤ ᱫᱚ ᱨᱟᱹᱯᱩᱫ ᱞᱮᱱ ᱨᱮᱦᱚᱸ ᱡᱟᱦᱟᱱ ᱜᱟᱹᱞ ᱜᱚᱡ ᱨᱮᱱᱟᱜ ᱜᱷᱚᱴᱱᱟ ᱵᱟᱝ ᱦᱩᱭ ᱠᱟᱱᱟ ᱾
Agatti has an airport with direct flights from Kochi.,ᱠᱳᱪᱤ ᱠᱷᱚᱱ ᱥᱚᱨᱟᱥᱚᱨᱤ ᱩᱰᱟᱹᱜ ᱥᱟᱣ ᱟᱜᱚᱛᱛᱤ ᱨᱮ ᱢᱤᱫᱴᱟᱝ ᱩᱰᱟᱹᱱᱟᱰᱟ ᱢᱮᱱᱟᱜᱼᱟ ᱾
"The Chola Dynasty was a Tamil thalassocratic empire of southern India, one of the longest-ruling dynasties in world history.","ᱪᱳᱞ ᱨᱟᱡᱽ ᱵᱚᱝᱥᱚ ᱫᱚ ᱫᱚᱠᱠᱷᱤᱱ ᱵᱷᱟᱨᱚᱛ ᱨᱮᱭᱟᱜ ᱢᱤᱫᱴᱟᱝ ᱛᱟᱢᱤᱞ ᱛᱷᱮᱞᱟᱥᱳᱠᱨᱮᱴᱤᱠ ᱥᱟᱢᱨᱟᱡᱽ ᱛᱟᱦᱮᱸ ᱠᱟᱱᱟ , ᱡᱟᱦᱟᱸ ᱫᱚ ᱡᱮᱜᱮᱫ ᱨᱮᱭᱟᱜ ᱱᱟᱜᱟᱢ ᱨᱮ ᱟᱹᱰᱤ ᱡᱮᱞᱮᱧ ᱥᱟᱥᱚᱱᱤᱭᱟᱹ ᱨᱟᱡᱽᱵᱚᱝᱥᱚ ᱢᱩᱫᱽᱨᱮ ᱢᱤᱫ ᱦᱚᱲ ᱠᱟᱱᱟᱭ ᱾"
They set up a permanent settlement in Velha Goa.,ᱵᱷᱮᱞᱦᱟ ᱜᱳᱣᱟ ᱨᱮ ᱩᱱᱠᱩ ᱫᱚ ᱢᱤᱫᱴᱮᱱ ᱛᱷᱟᱹᱭᱤ ᱜᱤᱨᱟᱹᱵᱟᱹᱥᱤ ᱠᱚ ᱛᱷᱟᱯᱚᱱ ᱞᱮᱫᱟ ᱾
"Lighter materials, such as thermocol, are sometimes used today, although ornaments are still predominantly made of the woodwork.","ᱮᱱᱨᱮᱦᱚᱸ ᱟᱵᱷᱨᱟᱱ ᱱᱤᱛᱦᱚᱸ ᱟᱥᱚᱞᱨᱮ ᱠᱟᱴᱷ ᱠᱟᱹᱢᱤ ᱞᱟᱹᱜᱤᱫ ᱵᱮᱱᱟᱣ ᱵᱮᱱᱟᱣ , ᱨᱟᱣᱟᱞ ᱡᱚᱜᱟᱲ ᱠᱚ ᱡᱮᱞᱮᱠᱟ ᱛᱷᱟᱨᱢᱚᱠᱚᱞ ᱡᱟᱦᱟᱸᱛᱤᱥ ᱠᱚᱨᱮ ᱱᱤᱛᱦᱚ ᱵᱮᱶᱦᱟᱨ ᱦᱩᱭᱩᱜᱼᱟ ᱾"
"The main tribes in Meghalaya are the Khasis, the Garos, and the Jaintias.","ᱢᱮᱜᱷᱟᱞᱚᱭ ᱨᱮᱱ ᱢᱩᱲᱩᱫ ᱩᱯᱚᱡᱟᱹᱛᱤ ᱫᱚ ᱠᱷᱟᱥᱤ, ᱜᱟᱨᱳ ᱟᱨ ᱡᱳᱱᱛᱤᱭᱟ ᱾"
Detectives took advice from homicide specialists but a murder investigation was not launched and Port was released on bail while the Crown Prosecution Service considered charging him.,ᱜᱳᱭᱮᱱᱫᱟ ᱠᱚᱫᱚ ᱦᱚᱲᱦᱮᱞᱮᱡ ᱜᱟᱹᱠᱷᱩᱲᱤᱭᱟᱹ ᱠᱚᱣᱟᱜ ᱫᱤᱥᱦᱩᱫᱤᱥ ᱠᱚ ᱦᱟᱛᱟᱣ ᱞᱮᱫᱟ ᱢᱮᱱᱠᱷᱟᱱ ᱜᱚᱡ ᱨᱮᱭᱟᱜ ᱛᱚᱫᱟᱨᱚᱛ ᱵᱟᱝ ᱮᱦᱚᱵ ᱟᱠᱟᱱᱟ ᱟᱨ ᱯᱳᱨᱴ ᱫᱚ ᱡᱟᱹᱢᱤᱱ ᱨᱮ ᱪᱷᱟᱹᱲ ᱮᱢ ᱦᱩᱭ ᱞᱮᱱᱟ ᱡᱚᱠᱷᱮᱱ ᱠᱨᱟᱣᱩᱱ ᱯᱨᱚᱥᱤᱠᱤᱣᱥᱚᱱ ᱥᱟᱨᱵᱷᱤᱥ ᱫᱚ ᱩᱱᱤ ᱫᱩᱥᱤᱭᱮ ᱞᱟᱹᱜᱤᱫ ᱩᱭᱦᱟᱹᱨ ᱵᱷᱟᱵᱱᱟ ᱞᱮᱫᱟᱭ ᱾
"The first World Down Syndrome Day was held on 21 March 2006 and the day and month were chosen to correspond with 21 and trisomy, respectively.",ᱯᱩᱭᱞᱩ ᱡᱮᱜᱮᱫ ᱰᱟᱣᱩᱱ ᱥᱤᱱᱰᱨᱳᱢ ᱢᱟᱦᱟ ᱒᱑ ᱢᱟᱨᱪ ᱒᱐᱐᱖ ᱼᱨᱮ ᱥᱟᱯᱲᱟᱣ ᱞᱮᱱᱟ ᱟᱨ ᱢᱟᱦᱟ ᱟᱨ ᱪᱟᱸᱫᱚ ᱚᱛᱚᱢᱛᱟᱭᱚᱢ ᱒᱑ ᱟᱨ ᱴᱨᱟᱭᱥᱳᱢᱤ ᱥᱟᱶᱛᱮᱨ ᱢᱮᱞ ᱫᱚᱦᱚᱭ ᱞᱟᱹᱜᱤᱫ ᱵᱟᱪᱷᱱᱟᱣ ᱦᱟᱛᱟᱣ ᱦᱩᱭ ᱞᱮᱱᱟ ᱾
"The Sun Temple, Modhera is a ticketed monument, handled by the Archaeological Survey of India.","ᱵᱷᱟᱨᱚᱛᱤᱭᱚ ᱢᱟᱨᱮᱱᱛᱮᱛᱮᱫ ᱡᱚᱨᱤᱯ ᱫᱟᱨᱟᱭ ᱛᱮ ᱪᱟᱪᱞᱟᱶ ᱢᱮᱫᱷᱳᱨᱟᱨᱟ ᱨᱮᱱᱟᱜ ᱥᱩᱨᱡᱚ ᱢᱚᱱᱫᱤᱨ ᱢᱤᱫᱴᱟᱝ ᱩᱭᱦᱟᱹᱭ ᱛᱷᱟᱢ, ᱡᱟᱸᱦᱟ ᱨᱮ ᱵᱚᱞᱚᱱ ᱞᱟᱹᱜᱤᱫ ᱴᱤᱠᱤᱴ ᱞᱟᱜᱟᱜᱼᱟ ᱾"
"It had three tehsils, based at Leh, Skardu, and Kargil.","ᱱᱚᱶᱟ ᱨᱮᱭᱟᱜ ᱯᱮᱭᱟ ᱛᱚᱦᱚᱥᱤᱞ ᱛᱟᱦᱮᱸᱠᱟᱱᱟ, ᱞᱮᱦ, ᱥᱠᱟᱨᱫᱩ ᱟᱨ ᱠᱟᱨᱜᱤᱞ ᱾"
