Unnamed: 0,Hindi,Bhili
530,यह फिल्म अकादमी पुरस्कारों के लिए भारत की ओर से भेजी गई फिल्म थी।,ये फिलम अकादमी इलामो हारु भारत नी तरफ थी मोकलेली फिलम हती।
291,कुछ लोगों ने भारत की हमारी यूनिवर्सिटीज ग्‍लोबल बने इसके लिए सुझाव दिया।,कईंना लोकुंईं भारत नीं हमारी यूनिवर्सिटीज ग्‍लोबल बणें इनां हारूं रॉय आली।
522,आज भी हमारे देश में Medical Education के लिए हमारे बच्‍चे बाहर जा रहे हैं। वो ज्‍यादातर मध्‍यम वर्ग परिवार के हैं।,आज पण अमारा देह मा मेडिकल एजुकेशन हारु अमारा सारां बाहरते जाइरियां से। वी वदारे थी वसमावाकां जातियु परिवारु ना से |
339,ये शब्द खेल में उपयोग किए जाने वाले पोल को भी संदर्भित करता है।,यो हबद रमना मा उपयोग करवानू मोटू खबो उदो करूयो
216,बाजीराव ने अपना बचपन अपने पिता की सासवड की नई अधिगृहीत जागीर में बिताया।,बाजीराव ने अपडो बचपन आपडा पिताजी नी सासवद नी नवी अधिग्रहित जागीर मा रहीया।
92,"200 से ज्‍यादा event किए, पूरे विश्व में G-20 का इतना बड़ा व्‍यापक कार्यक्रम कभी नहीं हुआ, इस बार हुआ।","200 ही वदू event करिया पूरी दनिया मां G-20 नो एतरों मोटो कार्यक्रम केरांपण नी थईयू ,पण इनी वखत थइयू ।"
306,"उन्होंने 100 से अधिक मेडिकल कैंप्स का आयोजन किया, जिससे लोगों की स्वास्थ्य समस्याओं का समाधान हुआ।",तिहुंये 100 थी वदूं दवा-वाळां सिविर लगाडियां से। जिनथी लोकुं नें डील रोग नी काहटी थी सूटकारों मळयों से।
187,"राज्य के खर्चों को पूरा करने के लिए औरंगजेब ने भूमि करों में वृद्धि का आदेश दिया, जिसका बोझ हिंदू जाटों पर बहुत अधिक पड़ा।","राज्य ना खर्चा ने पूरा करवा हारू औरंगजेब थी भुमिकरो (जमा) माँ वदारो वानो आदेश (हुक्म )आल्यो ,तिनो बोझो हिन्दू जाटो पर घणो वादार पड्यो |"
554,"फिल्मों से सात साल के अंतराल के बाद, हासन नृत्य-परिकल्पक थंकप्पन के प्रशिक्षु बन, एक नृत्य सहायक के रूप में वापस आए।",फिल्मीयो ना हात वराह ना गैप बाद हासन नासवा परिकल्प थंकप्पन नो प्रशिक्षु बणी ग्यो एक नासवा वाला (वाका) मददगार ना रूप मा पासो आयो।
141,"सुनीता देवी: जी सर, ड्रोन देखने के लिए बहुत भीड़ लग जाती है, और कई बड़े किसान हमारा नंबर लेकर हमें बुलाने की बात करते हैं।","हॉं सर, घणां-घणां लेाकु देखवा वाळां नी भीड लागी जाये से नरा-नारा करषांण म्‍हारां नऋ लिन तिहुन तां बोलावें से।"
555,"28 मई 1633 को, औरंगजेब उस समय मृत्यु से बाल-बाल बचे जब एक शक्तिशाली युद्ध हाथी ने मुगल शाही शिविर में घुसकर भगदड़ मचा दी।",२८ मई १६३३ मा औरंगजेब तिना समय (वखत ) मरणा थी थोड़ो क वस्यो जेट एक ताकतवर लड़ाई हाथी थी मुग़ल शाही शिविर माँ भरा ई ने भगदड़ (भगा दौड़ी ) मचाली दे दी |
71,"सरकार को बताइए कि बिना कारण की कठिनाई आए, उसको दूर करने से कोई नुकसान नहीं है, मैं पक्‍का मानता हूं आज सरकारें संवेदनशील हैं।","सरकारू ने बताडिये के वगर कारणु नी काहटियु आवे, तिहुने सेटी करवा थी कईनु पण नुकसानु नी से, हुं खाज मानु से आजे सरकारू घणी होसावा वाळी से ।"
402,"नागरिकों को Dignity of Citizen, नागरिकों के जीवन में सम्‍मान मिलें, डिलिवरी के संबंध में कभी किसी को ये कहने की नौबत न आए कि ये तो मेरा हक था कि मुझे मिला नहीं।","मनखु ने डायग्निटी ऑफ सिटिजन,मनखुना जीवई मा इजतु मळे,डिलीवरी ना सम्बन्धु मा कदिक कईनाने यु केवा नी वात्यु नी आवे के यी ते मारा हक हतो के मने मल्यु नी"
241,कई भागों में रति और कामदेव की पूजा की जाती है।,घणा भागों मा रति अन कामदेव नी पूजा करता जाए से |
431,"भारत के हजारों साल के इतिहास को समझिए, आप हमें संकट मत मानिए, आप उन तरकीबों से न जुड़िए,","भारत ना हजारों वरहां ना इतिहास ने हमजों , तमु अमुने आफत मत मानों ,तमु तिना ढंग थी मत जोडाओं।"
159,"एक सपना ले करके चले, एक संकल्‍प ले करके चलते रहे, जूझते रहे; एक ही स्‍वर था वंदे मातरम्, एक ही सपना था भारत की आजादी का।","एक हमणों लीन जाईं से, एक वसन लीकरीन सालतां रियें, जूझतां रियें, एकज गुंज हतीं, वन्‍दे मातरम् एकज हमणों हतो, भारत नां सुटकारा नों।"
215,ऐसे हर महापुरूष के प्रति हम अपना श्रद्धाभाव व्‍यक्‍त करते हैं।,ऐवो हर मोटाआदमी नों बदांहमुं आपड़ों मान राखियें से।
379,नूरजहां ने अपनी बेटी का विवाह जहांगीर की उपपत्नी से उत्पन्न उसके सबसे छोटे बेटे शहरयार से इस इरादे से किया कि जहांगीर की मृत्यु के बाद सिंहासन पर अधिकार करने के लिए कोई जीवित पुरुष वारिस रहे।,नूरजहां ने आपडी पोरी ना विवा जहांगीर नी बिजी ओरत थी पैदा इहुना संबंधी नाना पोरिया शहर यार थी इना इरादा थी करियू कि जहांगीर ना मरवाने बाद सिंहासन पर अधिकार करवा हारू कई जीवता मनकु वारिस रे से।
512,"पहली घटना में, जब चंद्रगुप्त नंदरम से भागने के बाद सो रहा था, तो एक बड़ा शेर उसके पास आया, उसे चाटा और फिर चला गया।",पेल्ख घटना माँ जब चन्द्रगुप्त नंद राम भगवान ना बाद हवी ग्यो ते एक मोटा नाहर आया अन ति नान सारी करीन नाही ग्यो से
188,"इतिहासकार डॉ. दुलारी कुरैशी के अनुसार, टीपू सुल्तान एक क्रूर योद्धा राजा थे और उनकी चाल इतनी तेज थी कि दुश्मन को ऐसा लगता था कि वह एक ही समय पर कई मोर्चों पर लड़ रहे थे।",इतिहासकार डॉ दुलारी कुरेशी ना अनुसार टीपू सुल्तान एक घणो खराब राजा हुतो अने तिनी साल ऐतरी वदार हुती कि वैराने ऐव लागे कि त्या एक ही टीम पर घणा मोर्चा पर लडी रिया से।
287,इसे एक पक्षी पकड़ने वाले ने पकड़ लिया और एक ब्राह्मण को बेच दिया।,इना एक पोदिया धरवा वाला ने कैदू अने एक ब्रह्माण ने वेसी देदु |
234,"विभिन्न दन्तकथाओं के अनुसार, हमले के तुरंत बाद परमार्दी की या तो मृत्यु हो गई या वे सेवानिवृत्त हो गए।",घणी -बदी दन्त कथा ओ ने हरका हमला ना तरत बाद परमार्दी करी था तेर मरी ग्या त्या सेवानिवृत्त थ ई ग्या |
2,"हिंदू और मुस्लिम दोनों दरबारों में, कथक अत्यधिक शैलीबद्ध हो गया और मनोरंजन का एक परिष्कृत रूप माना जाने लगा।",गैस ना इंजवाका नी जगा ऊपर विजली ना इंज वाला आयूँ बेहवा की वैवस्था मा ह्दार थायो लोक महाकाव्यो संस्कृत नाटको अन होसेलो वार तरयो नी भेलियो करी आज नी विषयगत बणावी दे दा |
569,19वीं सदी के ब्रिटिश लेखक जेम्स टॉड ने अपनी पुस्तक 'एनल्स एंड एंटीक्विटीज़ ऑफ राजस्थान' में इस किंवदंती का एक संस्करण संकलित किया है।,19 वी सदी ना ब्रिटिश लिखवा वाला जेम्स टा ड ने आपडी चौपड़ी एनल्स एंड एंटी किविटिज आँक राजस्थान माँ इना किवदंती ना एक संस्करण बहेगा करिया से (संकलित ) कारिया से |
205,"हालांकि मृत्युदाता ने एक एक्शन नायक के रूप में बच्चन की पिछली सफलता को दोहराने का प्रयास किया, लेकिन यह फिल्म वित्तीय और आलोचनात्मक दोनों रूप से विफल रही।",हालाकि मृत्युदाता ना एक एक्शन नायक ना रूप मा बच्चन की शहलनी सफलता नी दोहरावान कोशिश करी लेकिन ये पिक्सर रूपयामा अनी बुराई दोनो रूप मा विफल री है।
64,मेवाड़ के राजधानी-किले का बहुत रणनीतिक महत्व था क्योंकि यह आगरा से गुजरात के सबसे छोटे मार्ग पर स्थित था और इसे राजपूताना के आंतरिक हिस्सों को अधिकार में रखने की कुंजी भी माना जाता था।,मेवाड़ नो राजधानी किला ना घणा रणनीतिक मान हतो तेरा या आगरा थी गुजरात ना सब्त नाना सिमाड़ा पर वसेला से अने इ ने राजपुताना ना मायथा हिस्सा ने अधिकार (आपडा वसमा रा मा कुंजी भी माने से |खवा
56,"इस वर्ष World Wildlife Day की थीम में डिजिटल इनोवेशन को प्रमुखता दी गई है, और हमारे देश में इस दिशा में कई प्रयास हो रहे हैं।",इनां वरहें वर्ल्‍ड वाईडज डें नी थीम मां डिजिटल इनों वेशन नी खासीयत आलें ली से अन हमारा देश मां इनी हारूं घणां काम थाईरां से।
595,"चाहे हमारे गरीब के घर का चूल्‍हा जलता रहे, गरीब की मां कभी आंसू पी करके सोना न पड़े और इसके लिए मुफ्त इलाज की योजना हमारी चल रही है।","भळे स अमारा गरीबु ना घेर सुल्ला बळता रेहे, गरीबुनी आई कडी पण आंहवां पी पीने हुवा नी पडे अने इना हारु मोफतु दवा दारु नी ओजना अमारी सालीरी से ' ।"
293,"उस सदी में स्‍वर्णिम भारत बना करके रहें, उसी सदी में हम विकसित भारत बना करके रहें और उन सपनों को पूरा करते हुए आगे बढ़े और स्‍वतंत्र भारत 75 साल की यात्रा के बाद एक नये मुकाम पर बढ़ रहा है,","तिनी सदी मा सुनहरा भारत बणावीन रेहू, तिनी सदी मां विकसति भारत बणावीन रेहू, तिना हपना ने पूरू करता जाइ्रन अलग बढता रेहू। अने स्‍वतंत्र भारत ७५ वरेह नी यात्रा बाद नए नवा पडाव बढी रयो से।"
29,वह पाँचवें टेस्ट के लिए त्रिनिदाद लौट आए और 124 और 220 रन बनाकर भारत को वेस्टइंडीज पर अपनी पहली और 2006 तक एकमात्र श्रृंखला जीतने में मदद की।,ती पांचवा टेस्ट हरु त्रिनिदाद नाही आया अने 124 अने 220 रन बणा वीन भारत ने वेस्ट इंडीज पर पेलखी अने एखलीस श्रृंखला जीतवा मा मदद करी |
482,पुलिस की टीम स्पेशलिस्ट टेरिटोरियल सपोर्ट ग्रुप से थी।,पोलिस कि पूरी एस्पेश सूची टेरिटो रियल सपोट समूह से हाथी |
238,पीड़ितों के जले हुए शवों को अहमदाबाद शहर में सार्वजनिक रूप से प्रदर्शित किया गया और विश्व हिंदू परिषद ने गुजरात में राज्यव्यापी हड़ताल का आह्वान किया।,दुखीयारो ना बलेला अर्थियो मा अहमदाबाद शहर मा बदा हारू ती देखाडी गई अने विश्व हिन्दू संघ ने गुजरात मा राज्य पूरा मा हड़ताल करवा हारू आवाज उठावी।
596,"देश को, राजनीति को हमें परिवारवाद और जातिवाद से मुक्ति दिलानी होगी।",देश ने राजनितिनी हमुन परिवारवाद अने जातिवाद थी मुक्ति अलाडवी पवडहे।
256,हैदर ने ज़मोरिन को नजरबंद कर दिया और उसके वित्त मंत्री को प्रताड़ित किया।,हैदर ने जमोरिन ने गायब करी नाएयो अने रुपया पैसा न मंत्री ने घणो तड़पाओ।
84,हम कैसे भूल सकते हैं कोरोना के वो संकट काल। विश्व में सबसे तेज गति से करोड़ों लोगों को vaccination का काम हमारे इसी देश में हुआ।,"हमुं कीकम भुली सकयीं से कोरोना नीं मोटी काहटी ना टैम, दनियां मां सबथी वदारें जोर थी करोड़ों लोकुं नें Vaccination नों काम हमारा इनां देह मां थायों।"
328,"चंद को एक बार फिर अपनी पल्टन छोड़ने की अनुमति नहीं दी गई, हालांकि एक बार फिर उन्हें बिना औपचारिकताओं के चुन लिया गया था।",चंद ने वार फेर आपडी पालटी छोडवा नी अनुमति नी आली फेर भी एक वार फेर तिन वगर ओपचारिकताओ (निर्विरोध ) बवी लड़ो हेतो|
288,"हमारे पूर्वजों ने जो सपने देखे थे, उन सपनों को हम संकल्‍प बनाएं, अपने सपनों को जोड़े, अपने पुरूषार्थ को जोड़े और 21वीं सदी जो भारत की सदी है,",हमारां खतरीजों थी ज्‍यों हपना देख्‍यां तां तिनां हपना हमु संकल्‍प बणावीय हपना ने जोडिेये आपडा पुरूषार्थ ने जोडिये अने २१वी सदी जे भारत नी सदी स।
182,"गांधी जी का मानना था कि भारत का विकास तभी हो सकता है, जब जनजातीय समाज का तेज विकास हो। मुझे संतोष है कि आज हमारी सरकार आदिवासी उत्थान पर सबसे ज्यादा ध्यान दे रही है।",गांधी जी यें मान्‍युं हतु कि जनजातियु समाजु खाली तेर स हदारी सके से । मने संतोष से के आज हमारी सरकार आदिवासी उथराई मा बदार थी ऊंसाई करीर्यी से ।
462,इस सुनवाई में अंबेडकर ने अछूतों और अन्य धार्मिक समुदायों के लिए अलग निर्वाचन मंडल बनाने और आरक्षण देने की वकालत की।,इनी हुणवाई मा अम्बेडकर यी अछूतों हारू अन धार्मिक मनखा ने लेदे अलग सु णा व करा वानी घोषणा करी अन फेर तिनानी तिना हक़ मा सूरा आलवानी वात करी |
560,"हमारे रिफॉर्म में रहा है, हमारे कार्यक्रमों में रहा है, हमारी कार्यशैली में रहा है।","अमारी रिफॉर्म मा रियु से, अमारा कार्यकरमु मा रियु से, अमारी काम करवा नीकळा मा रियु से ।"
255,"हमारी नियत में रहा है, हमारे Reforms में रहा है, हमारे कार्यक्रमों में रहा है, हमारी कार्यशैली में रहा है।","अमारी आदतु मा रियु से, अमारी रिफॉर्म मा रियु से, अमारा कार्यकरमु मा रियु से, अमारी काम करवा नीकळा मा रियु से"
217,मैं समझता हूं कि ये भारत के अंदर आई हुई नई चेतना का प्रतिबिंब है।,"हुँ, हमजुं से कि यों भारत नां अंदर आवेली नवीं होस से।"
183,"हालांकि मुगलों ने शुरू में अपने धर्म परिवर्तन के लिए असहमति जताई थी, वे जानते थे कि शियावाद की दिखावे की स्वीकृति के साथ, तहमास्प अंततः हुमायूं को और अधिक महत्वपूर्ण समर्थन देने के लिए तैयार हो जाएगा।",हालांकि तरकढा ने शुरू मा आपडा धरम बदलता हारू सहमति नथी आली त्या जानता हुता कि शियावाद ने देखाउवानी हामी ना हाथे तहमास्प आखरी हुमायूं ने अने घणी खास समर्थन देवा हारू राजी थाई गया।
10,तो उसकी एक ईकाई ये भी होगी कि सामान्‍य मानवीय के जीवन में सरकार की दखलें कम हों।,ते तिहुनी एक ईकायु व आहें के जन मनखुना जीवाई मा सरकारें दी अड़ंगु थोडुक होये ।
435,140 करोड़ देशवासी विकसित भारत के सपने को साकार कर सकते हैं।,१४० करोड देशवासी विकसित भातर नो हपनों ने खरू करी सके से।
534,कई प्रणालीगत बीमारियाँ प्लास्टिक ब्रोंकाइटिस से जुड़ी हुई हैं।,कई प्रणालीगत बीमारियों प्लास्टिक ब्रोकाइटिस थी जोड़ाइली से |
6,मैं आज ऐसे सभी को आदरपूर्वक नमन करता हूं।,"हुँ, आज ऐवा बदांनें मानथी जोहार करूं से।"
497,मध्यमवर्गीय परिवार का लाखों-करोड़ो रूपया बच्चों को विदेश पढ़ने के लिए भेजने में खर्च हो जाए।,वसमावाळु परिवारन ना लाखों करोड़ों रुपया सोरां ने परदेह भणवा हारू मोकळवा मा खरस थाई जाये ।
357,चिदानंद दासगुप्ता और अन्य लोगों के साथ मिलकर रे ने 1947 में कलकत्ता फिल्म सोसाइटी की स्थापना की।,चिदानंद दास गुप्ता अने बीजा मनखु नी हाते मलिन ने 1947 म कलकत्ता फिल्म नी सोसायटी बणावी हती ।
284,"पश्चिम में, वर्तमान गुजरात पर चंद्रगुप्त के शासन का प्रमाण जूनागढ़ में अशोक के शिलालेख से मिलता है।",बुडमणी दशा मा हमनी गुजरात ऊपर चन्द्रगुप्त ना शासन मा जूनागढ़ मा अशोक ना शिला लेख थी मले से |
149,हर डिस्ट्रिक्ट अपनी पैदावर के लिए गर्व करने लगा है। One district one product का माहौल बना है।,"हर जिलों आपड़ी पैदाकरवानीं हारूं गर्व करवा लाग्‍यों से, One district one product नों माहौल बणांयों से।"
559,इसे आमतौर पर राग थानम पल्लवी में दूसरे भाग के रूप में शामिल किया जाता है।,इने आम अने राग थानम पल्लवी मा बीजो भाग ना रूप मा भेला थाया से
73,पृथ्वीराज के पूर्ववर्तियों को ऐसे मुसलमान राजवंश द्वारा किए गए कई हमलों का सामना करना पड़ा था जिन्होंने 12 वीं शताब्दी तक भारतीय उपमहाद्वीप के उत्तर-पश्चिमी क्षेत्रों पर कब्जा कर लिया था।,पृथ्वीराज ना पूर्ववर्तियो -ने ऐवा तरकढा राजा नो कुल द्वारा करियु गयू घणु हमलों नो सामनो करवो पडियो हतो तिहुने 12वी शताब्दी तक भारतीय उपमहाद्वीप ना उत्तर-पश्चिमी क्षेत्रो पर कब्जो कर लिदो।
460,"Good Governance का आश्वासन दीजिए, Law & Order situation के लिए उनको भरोसा दीजिए। हर राज्य एक तंदुरुस्त स्पर्धा में आगे आएं।",असल सरकार नु केवू । कानून अनी आदेश दशा हारू निनान भरोहे आलों । सब राज्‍य एक ताजा मुकाबला मां अगल आवे।
257,उन्होंने मद्रास में खेले जाने वाले चौथे टेस्ट में केवल 4 और 1 रन बनाए जहां पर भारत को श्रृंखला की एकमात्र जीत हासिल हुई।,तिनानी मद्रास मा रमवा वाळा सार टेस्ट मा केवल 4 अन 1 रन बणाया जां पर भारत नी श्रृंखला नी एकमात्र जीत हासिल थाय।
432,"और अब कुछ ही दिनों के भीतर.... आज फिर एक बार झारखंड आकर के, आज झारखंड से 80 हजार करोड़ रुपए से ज्यादा की विकास परियोजनाओं का शिलान्यास और लोकार्पण हुआ है।",अन हाव थोड़ाक दन ना अंदर आज फेर एक वारी झारखंड थी 80 हजार करोड़ रुपया थी वदारे लागत ना विकास मोटीओजनां नो भाटो गढयों अने उद्घाटन थायो से ।
103,"राष्ट्रपति अहमद ने ऐसे अध्यादेश जारी किए, जिसमें संसद में बहस की आवश्यकता नहीं थी, जिससे गाँधी को न्यायिक निर्णय द्वारा शासन करने की अनुमति मिल गई।","राष्ट्र पति अहमद थी ऐ वो अध्यादेश जारी कार्यो ,जिनमा संसद मा बहस नी जरोरत नी हती ,जिनमा गाँधी ने न्यायिक निर्णय द्वारा शासन करवा नी अनुमति मली गई |"
88,"कमल हासन ने 1960 में तमिल भाषा की फिल्म कलतुर कन्नम्मा से बाल कलाकार के रूप में अपने कार्यकाल की शुरुआत की, जिसके लिए उन्होंने राष्ट्रपति का स्वर्ण पदक जीता।",कमल हसन थी ओगणी हो हा ठ मा तमिल भाषा नी फिल्म कल्तुर कन्नम्मा ना नाना काम करवा वाला ना रूप मा आपडा काम ना समय नी शुआत करी जिना लि दे तिना यी राष्ट्रपति ना हू नाना पदक जित्या से |
388,"गुलामी का इतना लम्‍बा कालखंड, जुल्‍मी शासक, अपरंपार यातनाएं, सामान्‍य से सामान्‍य मानवीयों का विश्‍वास तोड़ने की हर तरकीबें,","गुलामी नों ऐतरों मोटा टैम मां जुल्‍मी शासक, घणीजबर विनतीयां, हुदी थी हुदी से हुदी मनखुं नां भरोहें तोड़वा नी हर अंदाजों,"
324,"सुनीता देवी: सर, हमारी ट्रेनिंग इलाहाबाद के फूलपुर में IFFCO कंपनी में हुई थी।",सुनिता जीजी:सर हमारी सिकण इलाहाबाद ना फुलपुर मां ईफक्‍को कपनी मां थाई हती।
78,उम्मीदवारों का चयन लोक सेवा आयोग द्वारा आयोजित परीक्षा के आधार पर किया जाता था।,उम्मीदवारों ना चयन लोकसेवा आयोग हरु आयोजित परीक्षा ने आधार पर करायो जाये से |
537,"और हमेशा की तरह, इस बार भी यह चुनौती है कि एपिसोड में किन-किन विषयों को शामिल किया जाए।","अन दरदन नी तरें, इना वखत पण ई तस्किलियों से कि एपिसोड मां कइना-कइना मामलाओं ने भेळां करया जाई।"
580,उमाबाई ने व्यक्तिगत रूप से 1750 में उनसे मुलाकात की और तर्क दिया कि समझौता अमान्य था क्योंकि दभादों ने दबाव में इस पर हस्ताक्षर किए थे।,उमा बाई ने खुद न रूप थी न तीना थी मुलाकात की अने वात वताडी हम जोतो नी मन्या हता केमकी दभादों न दबाव म इन पर शायन करियू।
30,"मैं सभी झारखंड वासियों को, सभी देशवासियों को इन विकास कार्यों के लिए बहुत-बहुत बधाई देता हूँ।",हूँ झारखंड ना बदा लोकु ने अन बदा देशवासियों ने आना कामू हारू बधाई आलू से।
74,"दिल्ली की सेना ने कई लोगों को पकड़ भी लिया, जिसमें वाघेला रानी कमला देवी और गुलाम मलिक काफूर थे, जिन्होंने बाद में अलाउद्दीन के दक्षिणी अभियानों का नेतृत्व भी किया था।",दिल्ली नी सेना थी कई मनखूं ने धारी लेदा जिनमा वाघेला राणी कमला देवी अने गुलाम मालिक कापूर हता जिना बाद मा अलाउद्दीन ने दक्षिण कामों ने हमाक वा नी काम करि हतु।
169,"अप्रैल में, भारत ने बांग्लादेश के नए राष्ट्र के गठन में सहायता करने का फैसला किया।",अप्रैल मा भारत ने बांग्लादेश नो नवु राष्ट्र वणा मा मदद करवा ना नो फेसलो करयो।
369,"घरेलू स्तर पर, भाजपा के नेतृत्व वाली सरकार आरएसएस से प्रभावित थी, लेकिन गठबंधन के समर्थन पर इसकी निर्भरता के कारण, भाजपा के लिए अयोध्या में राम जन्मभूमि मंदिर निर्माण, कश्मीर राज्य को विशेष दर्जा देने वाले अनुच्छेद 370 को निरस्त करना, या सभी धर्मों के अनुयायियों के लिए एक समान नागरिक संहिता लागू करना असंभव था।",घेर ना इस्तर पर भा जा पा ना हमलवा वाली सरकार आर एसएस थी प्रभावित हली ग्यू से केमकी गठ बं धन ना एक -बीजा नी मदद पर इनानी ऊपर भरोहो ना कारण भा जा पा घरु अयोध्या मा राम जनम भूमि जगा मा मंदिर बणावा ना (निर्माण ) कश्मीर राज्य नो खास असल दर्जा आलवा वाला अनुच्छेद ३७० ना कैंसल करीया से आने बद्धा धर्मा ने अनुयायियों ने हारू एक बराबर (समान )नागरिक संहिता लागु करवा ना प्रयास /कोशिक असंभव हती |
429,"उनकी बेटी शांति मेनन हैं, जो बैंगलोर में एक स्कूल, डीन्स अकादमी की प्रधानाध्यापिका हैं।",विनानी सोरी शांति मेनन है वी बेगलोर मा एक स्कूल डी न्स अकादमी नी प्रधानाध्यापक है
584,"उनके नेतृत्व में, मराठा साम्राज्य की सीमाओं का विस्तार वर्तमान पाकिस्तान में पेशावर, दक्षिण में श्रीरंगपट्टनम और वर्तमान पश्चिम बंगाल में मेदिनीपुर तक हुआ।",तिहुना काम करवा वाला मा मराठा साम्राज्य नी सीमाओं ने बणावा आजनो समय पाकिस्तान मा पेशावर हुरी मा श्री रंग पटनम आने आज ना समय मा बुउमणा बंगाल मा मेदिनीपुर तक थाई।
39,मैसूर की आर्थिक शक्ति 18 वीं शताब्दी के अंत में टीपू सुल्तान के शासनकाल में शिखर पर थी।,मैसून नी आर्थिक ताकत 18 वी सदी ना आखरी मा टीपू सुल्तान ना राज काल मा ऊंची जगह पर हुतु।
416,"मैं उनके प्रति नतमस्तक होता हूं। और मैं उनको विश्वास दिलाता हूं कि हमें नई ऊंचाइयों को, नए जोश के साथ आगे बढ़ना है।","हु तिहु ना हारू माथु नवादिने रेहतों से, अने हुं तिहुने भरोहो आलिर्या से के हमुने नवी उसाईयु ने, नवा जोश ना होते अगळ बढ़वु से।"
214,"सुनीता देवी: मैं चाहती हूँ कि हजारों बहनें आगे आएं और मेरे जैसे ड्रोन दीदी बनें, जिससे मुझे बहुत खुशी होगी।","सुनिता देवी : हुं साहं से कि हजार बुहनियों अगळ आवे अन म्‍हारां जेवी ड्रोन जीजी बणें, जिनथी घणीं खुसी थाय।"
565,"उन्होंने पास के चाकन किले पर भी कब्जा कर लिया, और दीवारों को लांघने से पहले इसे डेढ़ महीने तक घेरे रखा।",तिहुना मेरे ना चाकन किला पर भी कब्जौ करी लियो अने भीतेडा ने पार करवाने इने मईना तक घेरी में राखियों।
83,"भारत लौटने पर, चंद ने बैरक में अपना काम फिर से शुरू कर दिया।",भारत पासो आवीं चंद ये बैरक मा आपड़ो काम फेर ही सालु करी देदु |
364,"स्टीटाइट मुहरों में जानवरों, लोगों और अन्य प्रकार के शिलालेखों की छवियां हैं, जिसमें सिंधु घाटी सभ्यता की अभी तक अस्पष्ट लेखन प्रणाली भी शामिल है।",स्टीटाइट मुहरों मा जानवरों अने लोगों अने घणा प्रकार नो शिलालेखों आने मोट जानकर अने जिनो सिंधु घाटी सभ्यता नो हमने तक कई मालम नही पडी
508,नौशाद के साथ रफी के जुड़ाव ने उन्हें हिंदी सिनेमा के सबसे प्रमुख पार्श्व गायकों में से एक के रूप में स्थापित करने में मदद की।,नौशाद ने हाथे रफीं भेलो धावा मा विनान हिंदी फिल्मो न सबुह असल पार्शव गावालावा मोहू एक रूप मा मेलवा करवा मा मदद करी |
61,"मैं भी पहली बार वोट देने वालों से आग्रह करता हूँ कि वे रिकॉर्ड संख्या में वोट करें, क्योंकि 18 साल का होने के बाद आपको 18वीं लोकसभा के लिए सदस्य चुनने का मौका मिल रहा है।","हुं, पेहली वखत सुणाव मां वोट देवा वाळां ही मनवार करूं से कि केम 18 वरहें मां वोट करवा पर तमुं 18 वीं लोकसभा नें सुणीरयां से।"
80,"इस क्षेत्र के मौर्य नियंत्रण की पुष्टि चट्टान पर लिखे शिलालेख से होती है, जिससे पता चलता है कि चंद्रगुप्त ने मध्य भारत में गुजरात और पाटलिपुत्र के बीच स्थित मालवा क्षेत्र पर अपना अधिकार जमा लिया था।",इना क्षेत्र ना मोर्य नियंत्रण नी पुष्टि भाटा ऊपर लिख्या शिला लेख थी था ए से तिनमा पतों सलाहे कि चन्द्रगुप्त यी वस् मा ना भारत गुजरात अन पाटलिपुत्र ना वस् मा स्थित मालवा क्षेत्र ऊपर खुद नो अधिकार जामडी लेदेलो |
235,"जो लोग पीछे रह गए हों, हमारे छोटे-छोटे किसान हो, हमारे जंगलों में रहने वाले मेरे आदिवासी भाई-बहन हों, हमारी माताएं-बहनें हों,","जी मनख वाहल री ग्‍या होय ,अमारा नाना-नाना किसाण होय, अमारां उजाड मां रेवा वळां म्‍हारां आदिवासी भाई बेणा होय , अमारी माता बहने होय।"
281,"और यही बातें हैं जो आज 140 करोड़ देशवासियों का मन गर्व से भरा हुआ है, आत्मविश्वास से भरा हुआ है।","अनें यें वात्‍यों से, आज 140 करोड़ देहवासियों नों मन गर्व थी भरेलों से, जीवेंकरवानुं थी भरायलों से।"
225,"उन्होंने भारत के प्रसिद्ध सलामी बल्लेबाज गावस्कर के अवतार को देखा, और वास्तव में अपने पैड की एक जोड़ी पहन रखी थी।",एनाने भरत मोटे सलामी खेलीं गावस्कर पैदा देखियो ऐवु वास्तव माँ आपणे झाड़ो नी एके जोड़ी पेहनी रखी हाथी |
11,"विकसित भारत 2047, ये सिर्फ भाषण के शब्‍द नहीं हैं, इसके पीछे कठोर परिश्रम चल रहा है।","बणेंलों भारत 2047, यो खाली भाषण नां शब्‍द नीं मळें से, इनांनी पसाड़ी भारी मेनत साली री से।"
588,"विकसित भारत 2047, वो स्‍वस्‍थ भारत भी होना चाहिए।","वदतु भारत2047, वी ताजूतरे भारत वण थावु जोये।"
85,"हम जो कुछ भी कर रहे हैं, वो राजनीति का भाग और गुणा करके नहीं सोचते हैं, हमारा एक ही संकल्प होता हैं- Nation First, Nation First, राष्ट्रहित सुप्रीम।","हमुं ज्‍युं कईंनुं करी रियां से, त्‍युं राजनीतिक नों भाग अनें गुणां करवा नी होसवा से, हमारों एकज वसन से Nation First, Nation First , राष्‍ट्रतिह सुप्रीम।"
348,तभी पानीपत की तीसरी लड़ाई में अहमद शाह दुर्रानी ने मराठा संघ को पराजित किया था और 1761 में मुगलों की सत्ता को बहाल किया था।,तेरा पानीपत नी तीसरी लड़ाई मा अहमद शाह दुरानी ये मराठा संघ ने हरायो हेतो अने 1761 मा मुगलों नी सत्ता ने बहाल करया हेता।
442,"मेरे प्यारे देशवासियो, दो दिन पहले मैं वाराणसी में था, जहाँ मैंने एक बहुत ही शानदार फोटो प्रदर्शनी देखी।","मांरा देश नां रेहवासियों बे दन पेहलों हुं, वाराणसी मां हतां। ज्‍यां में एक घणीं रूपाळी फोटूं नी प्रदर्शनी भाळी।"
81,अल-कायदा ने वर्तमान में साहेल में सात फ्रांसीसी नागरिकों को बंधक बना रखा है और इस बात की कोई पुष्टि नहीं हुई है कि उन्हें मार दिया गया है।,अलमा फायदा ना आज नो साहेलो मा हाथ अंग्रेज नो बंधन बणायो अन इनो वात मा इने मार दे दो से
456,"जब चाणक्य का जन्म हुआ, तो जैन भिक्षुओं ने भविष्यवाणी की थी कि चाणक्य एक दिन बड़ा होकर किसी को सम्राट बनने में मदद करेगा और राजा के पीछे की असली ताकत वही होगा।",तब चाणक्य नो जन्म थायो त्यो जैन (वानिया ) भिक्षा मागवा वाला नी भविष्यवाणी बोली करी हती थी कि चाणक्य एक दन मा मोटा थाई कोईने राजा बणावा मा मदद करहे अने राजा ना पसाड़ी हासी ताकत त्या होगा।
112,वे शाहजहाँ और मुमताज महल के तीसरे पुत्र और छठी संतान थे।,ये शाहजहाँ अने मुमताज महेल ने तिन अने चौकी चारो हता |
282,उन्होंने भारत के राजनीतिक एकीकरण और 1947 के भारत-पाकिस्तान युद्ध के दौरान गृह मंत्री के रूप में कार्य किया।,पटेल नो जनम नडियाद खेडा जिला माँ थायो अने इना खा ण पा ण गुरज रात राज्य ना गावड़ा इलाका माँ थायो |
173,"पार्टी से सिंह के गुट की ओर एक महत्वपूर्ण निष्क्रमण के बाद, देसाई ने जुलाई 1979 में इस्तीफा दे दिया।",पार्टी थी सिंह ना गुट नी तरफ एक खास निष्क्रमण नी बाद देसाई थी जुलाई १९७९ मा इस्तीफों आली दे दो |
545,Indian Standard International Standard बनेंगे तब हमारी हर चीज पर सरलता से मुहर लग जाएगी। और ये हमारी production के quality पर निर्भर करेगा।,indian Standard international Standard बणहे तेर हमारी सब सीजों उपर आसानी ही मुहर लागी जाहे । अने यो हमारी production ना Quality उपर जापावदार रहे।
408,"22 अक्टूबर को अपनी नई नियुक्ति पर वे जाएं, उससे पहले, पाकिस्तानी बलों ने डोमेल और मुजफ्फराबाद पर कब्जा करके कश्मीर में घुसपैठ की।","22 अक्तूबर को आपडी नै /नवी नियुक्ति पर टी जावे ,तिहुथी पेहला पाकिस्तानी वालो ने डोमेल आने मुजफ्फराबाद पर भी कब्जो करी ने कश्मीर माँ घुकरेली।"
271,4 अगस्त 1932 को भारत ने अपना पहला मैच जापान के खिलाफ खेला और 11-1 से जीत लिया।,4 अगस्त 1 9 3 2 ये भारत ये आपड़ो पेलखो मैच जापान ने खिलाफ (विरुद्ध ) रमयो अने 1 -1 ही जीती लेदो ।
106,"मेरा हर क्षण देश के लिए है, मेरा कण-कण सिर्फ और सिर्फ मां भारती के लिए है और इसलिए 24x7 और 2047 इस प्रतिबद्धता के साथ आइये मैं देशवासियों को आह्वान करता हूं,","मारू हर पल देश हारू से, मारू काण-कण सिरप अने सिरप मां भारती हारू से, अने ऐतरे 24x7 अने 2047 इनी तत्‍परता हाते आवों हू देशवासियों ने के से।"
268,"कल्याणी जी: हाँ सर, हमने पिछले साल पारंपरिक खेती की तरह ही खेती की।","कल्‍यांणी जी: हॉं सर हमुये पासलां सालूं वळी धरूदन नी थावा वाळी खेती थी, खेती करीरयां से।"
171,"टोयोटा और होँडा का कुल बाजार पूँजीकरण लगभग 1,32,92,36,50,00,000.00 रूपये है।",टोयोटा अने होडा ना कुल बाजार कमाया है एक तीन ब नो तीन ने छे पाच ने अडो अडो अडो अडो पैसा से
144,"इसके बावजूद, 1979 में जब भारत ने चार टेस्ट खेलने के लिए इंग्लैंड का दौरा किया तो उन्हें कप्तानी से हटा दिया गया था।","इने कारण 1979 मा जेरा भारत में चार टेस्ट रमबा हरु इंग्लैंड नो दौरों कर यो ,ते तिन कप्तानी ही हटावी देदो हेतो |"
481,अशोक के स्वयं के शिलालेख बहुत विस्तृत हैं लेकिन उनमें उनके पूर्वजों का कोई उल्लेख नहीं है।,एकज मनख ना रूप मा देवा नाम्म्पिया अने अशोक नी ओलखावा मस्की अने गुर्जरों शिला लेखो (भाटा पर लाखेला ) थी थावण थाय से जे राजा नी हारू आ बहु वातो ने बायरे से |
9,बीजेएस के पूर्व सदस्यों ने 1980 में वाजपेयी के नेतृत्व में भारतीय जनता पार्टी का गठन किया था।,बीजे एस नो पूर्व /पहला ना सदस्य यी 1980 माँ वाजपेयी नी नेतृत्त्व /देखरेख मा भारतीय जनता पार्टी नो गठन करेलो |
152,उन्होंने दिल्ली में पाँचवें टेस्ट में 120 रन बना कर उस श्रृंखला में चौथा शतक लगाया और 4000 टेस्ट रन पार करने वाले पहले भारतीय बने।,तिनाहे दिल्ली मा पांचवे टेस्ट मा 120 (एक हो बी ) रण बणावीन तिनी श्रृंखला मा चारमो शतक लगाडयो अने 4000 टेस्ट रन पार करवा वाला पेलखा भारतीय बणया |
361,बाबर के जीवन की एक स्थायी\।,बाबर न जीवन नी एक स्थाई
447,"मोदी जी: सुनीता देवी जी, आपको नमस्कार।",मोदीजी: सुनिता देवी जीजी तमुंनें नमस्‍कार।
296,"हिंदू स्रोतों के अनुसार वे वहां नंद से मिले, और पाली भाषा के बौद्ध स्रोतों के अनुसार वे धन नंद से मिले।",हिंदु स्थानों ना अनुसार त्या तहा नंद थी मलीया अने पाली भाषा ने बौद्ध स्थानों ना अनुसार त्यो धन नंद थी मलीया।
586,आज PLI Scheme को बहुत बड़ी सफलता मिली है। FDI Reforms उसने भी हमें बहुत बड़ी ताकत दी है।,आज PLI योजना ने घणी जीत मली से FDI Reforms तिनी पण हुमुने घणी ताकत आाली से।
587,"1760 में, रानी माँ ने खांडे राव - जो राजा की सेवा में काम करने लगे थे - के साथ हैदर अली को बाहर निकालने की साजिश रची।",1760 म रानी मा ने खंडेराव जो राजा नी सेवा नु काम करवा लाग्या हता के हाते हैदर अली ने बाहर काडवा नी छाल बाज करी।
86,हमारे देश में Supreme Court में बार बार Uniform Civil Code को लेकर के चर्चा की है।,अमारी देश मां मोटी कोरट मां बार-बार Uniform Civil Code नी लीने वाते की से।
163,1998 के आम चुनावों ने एक बार फिर भाजपा को दूसरों से आगे कर दिया।,उनीस सो अठा नवे ना आम सुनाव ने एक बारे फेर बजापा न बीजा हु अलग कर देदु |
210,"विल्सन की बीमारी नामक एक विरासत में मिली स्थिति के कारण शरीर में तांबा बना रहता है, क्योंकि यह यकृत द्वारा पित्त में उत्सर्जित नहीं होता है।",विल्सन नी बीमारी नामक एक धन दौलत मा माली एस्थिति ने कारण शरीर मा तांबा बाणी रे से अने यो थैली ने जरीये बाहर नी थाई से |
527,"प्रधानमंत्री जी: बस, सेवा करते रहिए, आपका नाम ही कल्याणी है, आपको तो कल्याण करना ही है। धन्यवाद, नमस्कार।","प्रधानमंत्री जी : बस, सेवा करतां रो। तमांरूं नामुंस कल्‍यांणी से। तमुंन कल्‍यांण करवूं से। धन्‍यवाद। नमस्‍कार।"
349,मस्जिद के तोड़े जाने से एक दिन पहले विवादित भाषण देने के कारण वाजपेयी खुद सार्वजनिक जांच के दायरे में आ गए थे।,नमाज पडवाना मस्जिद ने तोडवा जावा थी एक दन पेल खू विवादित भाषण आलवा ना कारण वाजपेयी खुद सार्वजानिक जांच खबर ने दायरा मा आवी गया से |
433,"वह अपने उपसेनापति बाबूराव जाधव, जो पेशवा को पसंद नहीं थे, को बर्खास्त करने के लिए सहमत हो गई।",वह आपडे उफ सेनापति बाबूराव जाधव जी पेशवा ने पसंद न हतो । तेर इन नौकरी हटाड नाखवा हारु बदा ने हामी कर देदी।
121,"Defence Sector, हमारी आदत हो गई थी Defence Budget कितना ही क्‍यों न हो, लेकिन कभी कोई सोचता नहीं था कि Defence Budget बढ़ा तो जाता कहां है?","डिफेन्‍स सेक्‍टर हमारी आदत थई गी ती ,डिफेन्‍स बजट केतरों पण किम नी होय , पण केरां कइ्रनों होसलों नी हतों के डिफेन्‍स बजट बढयो ते जाए कां।"
558,"गेंद डिफेंडर की हॉकी स्टिक से टकरा कर नेट में चली गई, जिससे गोलकीपर कोली को गोल बचाने का कोई मौका नहीं मिला।","गेंद बचा ड वा वाला नी लाकड़ा नी घोटी ही टकराईं ने जाली मा नाही ग्यी ,तिनही गोलकीपर (गोल ने हमें ऊबो रेवा वालो ) कोली ने गोल वसाडवा नो कई मौखो नी मल्यो |"
111,"इसने न केवल दोनों देशों में ही नहीं, बल्कि दक्षिण एशिया और शेष विश्व में 1998 के परमाणु परीक्षणों से उत्पन्न तनाव को भी कम किया।",एना न केवल बे देहो माँ ही नही पण दक्षिण एशिया आने बीजा दुनिया माँ उनीश सौ अड़ा नावेव माँ परमाणु परिक्षण हु८ पैदा तनाव ने भी कम करियु |
368,भीमसिंह ने चित्तौड़ की रक्षा के लिए अपनी पत्नी को अलाउद्दीन को सौंप देने का प्रस्ताव रखा लेकिन उसके साथी राजपूतों ने इस प्रस्ताव को अस्वीकार कर दिया।,भीमसिंह नो चित्तोड़ नी रखवाली हरु आपडी बयरी नो अलाउद्दीन नी आलवा ना (प्रस्ताव) वात राख वानी केमकी तीनानी हेट राजपूतो ने ऐ वी वात (प्र्स्ताव) नो (अस्वीकार )मण करी देदु)
428,"इस सर्जरी के बाद मरीज़ अपनी कुछ परिधीय दृष्टि खो देंगे, हालाँकि मरीज़ का मुश्किल से ही इस पर ध्यान जाता है।",इनी अपरेशन ने बाद मादो आपडी कोई परिधीय देखवानी खोई दे पण मांदा ने आफत थी इना पर ध्यान जावे से |
341,"खुर्रम के लिए अपनी सैन्य शक्ति का परीक्षण करने का पहला अवसर मेवाड़ के राजपूत राज्य के खिलाफ मुगल अभियान के दौरान था, जो अकबर के शासनकाल के बाद से मुगलों के लिए एक शत्रुतापूर्ण शक्ति रहा था।",खुर्रम नी हारु आपड़ी सैनिक शक्ति ना परिक्षण करवाना पह पेल्या अवसर मेवाड़ ना. ना राजपूत ठाकोर राज्य ना खिलाफ मुगळ अभियान नी दोरान हता जो अकबर ना शासनकाल भी वहह थी मुग होनी हारू एक शत्रुतापूर्ण शाक्ते रीयू थु ।
135,उन्होंने मुसहर जाति के करीब 8 हजार बच्चों का स्कूल में दाखिला कराया और उनके लिए एक बड़ी लाइब्रेरी भी बनवाई।,तिहंये मसहु जाति नां करीब 8 हजार सौराओं नें ईस्‍कुल मां दाखिलों करायो।
157,"कहा जाता है कि हैदर अली को, जो निरक्षर थे, अद्भुत स्मृति और संख्यात्मक कौशल का आशीर्वाद प्राप्त था।",केदुकी हैदर अली मे ज्यों वगर भणेलो हतो से घणी वदु आद अने संख्यात्मक असल काम करवाणु वाहवाही थाई से
79,उस समय विष्णुकुण्डन उनके सहयोगी थे और पुलकेशी द्वारा विष्णुकुण्डनों को परास्त करने के कारण पल्लव राजा के साथ उनका संघर्ष हुआ।,तीना वखत विष्णु कूण्डन तीनानो मददगार हतो अने पुलकैशी द्वारा विष्णु कुण्डमो ने हरवानी कारण पल्लव राजा नी हाते तीहुनो संघर्ष (झगड़ों ) थायो ।
446,मरियम-उज़-ज़मानी का परिवार अकबर के दरबार में सर्वोच्च ओहदे का रईस बन गया।,मरियम-उज-जमानी को परिवार अकबर ना दरबारमा उच्चो ओहदे ना रईस (रुपयावाला) बाणी गया।
262,यह यूनानी और रोमन इतिहासकारों के निष्कर्षों एवं चंद्रगुप्त की मृत्यु के सदियों बाद लिखे गए भारतीय धार्मिक ग्रंथों पर आधारित है।,यो यूनानी अन रोमन इतिहासकारो ना निष्कर्षो अन चन्द्रगुप्त नी मोहत नी सदियों बाद लिखेला भारत ना धार्मिक ग्रंथो ऊपर आधारित से |
423,हम सदियों की बेडि़यों को तोड़ करके निकले हैं।,हमु वरहु नी जंजीरू ने तोडीने निकळिया से
190,"पंजाब क्षेत्र में, उनका अधिकार रावी नदी के पूर्व के क्षेत्रों तक सीमित था।",पंजाब न इलाका मा तीना न अधिकार रावी नदी न पहला न इलाका तक हतो।
201,2019 में उन्हें आईसीसी क्रिकेट प्रसिद्धि दीर्घा में शामिल किया गया।,2019 मा इने आई .सी .सी दडियो मा नामी ओर या भेलु करयु से |
136,"बांग्‍लादेश में जो कुछ भी हुआ है, उसको लेकर पड़ोसी देश के नाते चिंता होना, मैं इसको समझ सकता हूं।","बाग्‍लादेश मां कई पण थयू ,तिने लीने मरेीवाला देश ने नाते सिंता थावी हू इन हमजी सकू से।"
371,"किसी भी पीढ़ी में नहीं रहे ऐसे होनहार नौजवानों को fresh blood एक लाख चाहे वो पंचायत में आए, चाहे नगर पालिका में आए, चाहे जिला परिषदों में आए, चाहे विधानसभा में आए, लोकसभा में आए।","कइनी पण पीढी मां नी रया होवे, एवां बुद्वि वाला जवानों ने fresh blood एक लाख साहे ति पंचायत मां आवे ,साहे ,नगर पालिका ,जिला परिषदो मां,साहे विधानसभा मां आवे , लोकसभा मां आवे।"
77,टॉड का संस्करण पद्मिनी के जीवन की कहानी का कई स्रोतों का एक संमिश्रण था और ज्ञानचंद्र नामक एक जैन साधु ने पद्मिनी से संबंधित मुख्य स्रोतों के शोध में टॉड की सहायता की।,टाड ना संस्करण पद्धिनी ना जीवन नी वरतार ना घणा ना एक सम्मिश्रण हटा आने ज्ञान चन्द्र नामक एक जैन बाबा ने पद्धिनी थी तीनानी हाते सम्बंधित खास ने खोज (शोध) माँ टाड नी मदद करी \
94,"मानेकशॉ को युद्ध के मैदान से उनके अर्दली शेर सिंह द्वारा निकाला गया, जो उन्हें ऑस्ट्रेलियाई शल्य चिकित्सक के पास ले गए।",मानेकशा के युद्ध /लड़ाई के मैदान थे एहने अर्दली शेरसिंह हारू निकालो ग्यो त्यों एहने ऑस्ट्रेलिया ई शल्यचिकित्सक के पास माँ ली ग्यो |
294,"हम 2047 विकसित भारत का लक्ष्‍य प्राप्‍त कर सकते हैं। अगर 40 करोड़ देशवासी अपने पुरुषार्थ से, अपने समर्पण से, अपने त्‍याग से, अपने बलिदान से आजादी दे सकते हैं,","हमुं 2047 काठा भारत नों लक्ष्‍य मळी सकें से। अगर 40 करोड़ देहवासी आपड़ा पुरुषार्थ से, आपड़ा आलेलां से, आपड़ा छोडेलां से, आपड़ा बलिदांन थी, सुटकारों आली सकयीं से।"
69,गाँधी जी ने एक और समझौता करते हुए समय को दो साल से घटाकर एक कर दिया।,गाँधी जी से एक अन हम जोतरो करवा जाए समय ने वरह थी घटाड़ीन एक वरह कर दिदु से |
15,"1016 में, उन्होंने पहली बार विदेश में एलामंडलम, श्रीलंका में एक अभियान भेजा और पूरे द्वीप को अपने शासन में लाया।",1016 मा तीनो ने पहली वखत मा एलामडलम श्री लंका मा एक वात मोकलियो अने पूरा देशो नो आपडा सरकार मा लायो |
412,"माधो सिंह ने बाद में बालाजी राव से मध्यस्थता की मांग की, जो खुद जयपुर से आए और ईश्वरी सिंह को राजी कराया कि वे माधो सिंह को 4 महल सौंप दें।","माधो सिंह में वाहस फेर बालाजी राव ही मध्यस्थता नी मांग करी, ती खुद जयपुर ही आया अने ईश्वरी सिंह ने राजू कराया के ये माधो सिंह ने 4 बंगला होपी दे |"
242,सेल्यूकस ने गठबंधन बनाने की खातिर अपनी बेटी की शादी चंद्रगुप्त से कर दी।,सेल्यूकस यी जोड़ा बणावा नी हारू तिनी सोरी नी विवाह चन्द्रगुप्त थी करी दे दी |
90,बाज़ बहादुर आठ साल बाद 1570 में अकबर के अधीन नौकरी पाने तक विभिन्न दरबारों में एक शरणार्थी के रूप में गुजडारा करते रहे।,अनुशिक्षक न वसम इने सिखा ड यू से |
489,"कुछ दिन बाद, 3 मार्च को ‘विश्व वन्य जीव दिवस’ है, जो वन्य जीवों के संरक्षण के प्रति जागरूकता बढ़ाने के लिए मनाया जाता है।",थोलांक दन पसळ 3 मार्च नों विश्‍व वन्‍य जीव दिवस से'' ज्‍युं वन्‍य जीव नी सोक्‍सी नी सेतण हारूं बणांयूं गयुं से।
120,"ऐसे कानूनों का आधुनिक समाज में कोई स्‍थान नहीं सकता है और इसलिए मैं तो कहूंगा, अब समय की मांग है, अब देश में एक Secular Civil Code हो, हमने Communal Civil Code में 75 साल बिताएं हैं।","एवा कानून नों आज ना समाज मों कई जगां नी थई सके । ऐतरे हारू हू कू से हाउ टेम नी मांग से , हाउ देश मां एक Secular Civil Code होवे हमुये Communal Civil Code मां ७५ बरहा निकालया से।"
378,"इसके बजाय, ग्वालियर के शाही परिवार के वंशज माधवराव सिंधिया को नामांकन दाखिल करने के अंतिम दिन शामिल किया गया था।",एनान वाणे ग्वालियर ना शाही परिवार ना वंशज माधवराव सिंधिया ने नामाकन दाखिल करवा ने आखरी दान भेला करिया था |
505,"गावस्कर 1970 के दशक के अंत और 1980 के दशक की शुरुआत में कई मौकों पर भारतीय दल के कप्तान थे, हालांकि उनका कप्तान के रूप में कार्यकाल उतना प्रभावशाली नहीं था।","गावस्कर 1970 ना दशक ना चेला अने 1980 ना दशक नी सरुवात मा घणा मौखा पर भारत नी टीम ना कप्तान हेता ,फेर भी तिनाना कप्तान ना रूप मा कार्यकाल ऐतरो प्रभावशाली (खास ) नी हेतो |"
33,"चंद्रगुप्त के जीवन और उपलब्धियों का वर्णन प्राचीन हिंदू, बौद्ध, जैन और यूनानी ग्रंथों में किया गया है।","चंद्रगुप्त ना जीवन अने सफलता नो वर्णन पुराना हिंदू ,बौद्ध ,जैन अने यूनानी ग्रंथों मा करीयो गयु।"
0,दूसरा ये बदलती हुई व्यवस्थाओं के लिए ये जो supportive infrastructure चाहिए।,बिजा यी बदळती थाई वेवस्तायु हारू यी जी सपोर्टटीव.इंफ्रास्ट्रक्चर जोईये ।
593,"हर बदनीयत वालों को हम हमारी नेकनीयत से जीतेंगे, ये मैं विश्‍वास देता हूं।","हर बुरी नजर वाला न अमु अमारी असल नियत ही जीतहू ,यो हू विश्‍वास आलू से।"
298,वाजपेयी को खुद इस घोषणा से नाखुश बताया गया था और उन्होंने यह कहते हुए जवाब दिया कि पार्टी को पहले चुनाव जीतने की जरूरत है।,वाजपेयी खुद इना घोषणा थी नाखुश वताडयु गया हता अन तिनुही यु केहता जाइन जवाब देदो कि पार्टीयी पेहला चुनाव जीतवा नी जरूरत से।
344,जनसंघ के पूर्व अध्यक्ष बलराज मधोक ने तत्कालीन आरएसएस प्रमुख राजेंद्र सिंह को समर्थन के लिए एक पत्र लिखा था।,जनसंघ ना पेलखा अध्यक्ष बलराम मधोक ने (तत्कालीन ) तरस इना समय मा आर .एस .एस नो खास राजेन्द्र सिंह नो तीनान मदद हारू ( समर्थन ) एक लेटर लिखू से |
370,"विजक्राफ्ट इंटरनेशनल एंटरटेनमेंट और अप्रा ग्रुप के संयुक्त स्वामित्व वाली ग्रेट इंडियन नौटंकी कंपनी की किंगडम ऑफ ड्रीम्स परियोजना ने 7 अप्रैल 2012 को एक म्यूजिकल कॉमेडी झुमरू लॉन्च की, जो कुमार के संगीत और उनकी हिंदी फिल्मों के लिए उनकी विरासत को एक श्रद्धांजलि है।",विजक्राफ्ट इंटरनेशनल एंटरटेनमेंट अने अप्रा समूहों नी हाते आपडी वाली गेट इंडिया नाटक नी कंपनी नी किगडम आफ ड्रीम्स काम करवा नी 7 अप्रैल 2012 नी एक म्यूजिक कॉमेडी झुमरू चालू करी ती कुमार ने गावा नी अने तीना हिन्दी फिलम हारू तीनी विरासत ने एक याद से।
312,हमारी सहानुभूति को इस तथ्य से कमजोर नहीं किया जा सकता कि राष्ट्रीय आंदोलन हिटलर के हितों के साथ मेल खाता है।,हमारा अबाल करीने इना काम ने ढीला नही करई से राष्ट्रिय आन्दोलन हिटलर न वसमा हितो हाथे मेल खाय से |
254,"आज जो 20-25 साल का नौजवान है, जो 10 साल पहले जब 12-15 साल की उम्र का नौजवान था, उसने अपनी आंखों के सामने यह बदलाव देखा है।","आजे जी 20 -25 वरहु ना जुवानु से, जी 10 वरह पेलखां जेरा 12 -15 वरहनी उमर नो जुवान हतो, तिहुये आपड़ी आंखु ना हमें यु बदलाव देख्यु से"
22,उन्होंने 1942 में क्रिप्स मिशन के प्रस्तावों का भी विरोध किया।,ब्रिटिश हरका र ए राजगोपाल चारी नी हरु ने हाँ कर देदी अने पटेल ए फेर थी गाँधी ना देख रेख ने लीदो |
434,अनुबाई का विवाह इचलकरंजी के वेंकटराव घोरपड़े से हुआ था और भिउबाई का विवाह बारामती के आबाजी नाइक जोशी से हुआ था।,अनुबाई ना वेवा इचलकरजी ना वेंकट राव घोरपड़े थी थाया हता अने भिउ बाई ना विवा बारामती ना आकार नाइक जोशी ती थाया।
119,"शोक के इन तीन हफ्तों के दौरान, उन्होंने कोई सार्वजनिक बैठक में भाग नहीं लिया और सादा शाकाहारी भोजन खाया।",दुख नी इनी तीन हफ्तो नी दौरान तिनाये कोई सार्वजनिक मीटिंग मा भाग नथी लेदो अनी सादा शाकाहारी खावलू खादु ।
91,जीत के बाद मराठों ने माधवराव पेशवा को राजगद्दी पर बहाल किया और अपना वर्चस्व पुनःप्राप्त किया।,जीत न बाद मराठा ने माधवराव पेशवा ने राजगद्दी पर बेहाडा अने आपडू काम पासु लेदू।
266,रफ़ी ने क्रिस पेरी के कोंकणी एल्बम गोल्डन हिट्स विद लोर्ना कॉर्डेइरो में कई गाने गाए।,रफी मा केवू पेरी कोकणी एल्बम असल हाथ लिदो अने काडईरो मा कई गावानू गाया
536,"तेंडुलकर ने ग्यारह वर्ष की उम्र में क्रिकेट खेलना शुरू किया, कराची में 16 वर्ष की उम्र में पाकिस्तान के खिलाफ 15 नवंबर 1989 को टेस्ट मैचों में पदार्पण किया, और लगभग चौबीस वर्षों तक घरेलू रूप से मुंबई और अंतर्राष्ट्रीय स्तर पर भारत का प्रतिनिधित्व किया।","तेंदुलकर ने ग्यारे वराह नी उम्र मा ददियो रमवा नू सरू करेलू ते ,कराची मा 16 होले वराह नो हतो तिनदा पाकिस्तान नी हमो 15 नवम्बर 1989 नो टेस मैच रंदा लाग्यो हतो अने मेरे चौबीस वरहू तक तड घेर ना रुपया बंबई अने पुरे देहो या भारत नो और सदस्य बणेला से |"
18,"मुसहर जाति एक अत्यंत वंचित और गरीब समुदाय रही है, और भीम सिंह जी ने इस समुदाय के बच्चों की शिक्षा पर ध्यान केंद्रित किया है।",मुसहर एक जात ऐवी से जी घणीं पिसडेली अन गरीब से। अन हेवां समाज नी से। भीमसिंह जी ये इनां समाज नां लोकुं नी भणांई पर आपडों ध्‍यान दी दो।
198,"चूंकि अकबर के इससे पहले के बच्चों की शैशवावस्था में मृत्यु हो गई थी, इसलिए वे अपने साम्राज्य के युवराज के लिए साधु-संतों का आशीर्वाद चाहते थे।",अकबर ना इनाती पेहला ना पोरिया नी नानी अवस्था मा मरी गयो इनाहारू त्यो आपडा राजपाट ना युवराज हारू साधु संतों थी आशीर्वाद चाहता हुता।
319,इसे आमतौर पर ऑटिज़्म और आधिकारिक तौर पर नामित ऑटिज़्म स्पेक्ट्रम डिसऑर्डर (एएसडी) के रूप में जाना जाता है।,इने खास तौर पर आटिज्म अने अधिकारिक तौर पर नामित आटिज्म स्पेक्ट्रम्प डिस ऑडर ( ए एस डी ) ना रूप माँ जाणी जाहे |
148,और मुझे प्रसन्‍नता है कि मेरे देश के करोड़ों नागरिकों ने विकसित भारत 2047 के लिए अनगिनत सुझाव दिए हैं।,अनें मन परसन से कि मांरा देह नां करोड़ों मनखुंईं बणेंलों भारत 2047 हायं घणीं जबर रॉय आली से।
285,"उसने चांदी का टंका और तांबे का जिताल पेश किया - सल्तनत काल के दो बुनियादी सिक्के, 175 अन्न के मानक वज़न के साथ।",तीने चांदी नो टंका अने तांबा नो जिताल हमो करीयो सल्तनत काल नी बे पेहले सिक्के 175 अन्न ना मानक वजन ने हात |
275,"इसके बावजूद, मानेकशॉ को 8 जून 1969 कोआठवें सेना प्रमुख के रूप में नियुक्त किया गया।",इना बाद मानेकशा ने 8 जून 1969 मा आठवा सेना नो मोटो ना रूप मा नियुक्त करी दीदो।
540,कानून एक तरफ दूरसंचार कंपनियों और दूसरी तरफ सामग्री प्रदाताओं द्वारा तीव्र पैरवी के अधीन रहा है।,नियम एके तरफ मा दूर जाने वाली कंपनियां ऐवु बे तरफा सामान देवा हरु इने वादरे पैरवी अधीने रहियो है |
356,"कुछ सर्वर केवल पॉइंट को शुरू करने के लिए सेवा का उपयोग करने में संतुष्ट होते हैं, हालाँकि, उन्नत खिलाड़ी अक्सर अपनी सेवा के साथ एक विजयी शॉट मारने की कोशिश करते हैं।",कईना सर्वर खाली पॉइंट नी शुरू करवा हारू सेवा नो उपयोग करवा मा संतुष्ट थाए से पण असल खिलाड़ी हमेशा आपडी सेवा नी हाली एक जीत हारू शॉट मारवा नी कोशिश करे से |
360,संभावनाएं बढ़ती गई हैं। नये मौके बन रहे हैं। मेरे देश के युवाओं को अब धीरे-धीरे चलने का इरादा नहीं है।,आह वहती जाईरी से 1 नवो मोको बणी रिया से । मारा देह ना जुवानो ने हाऊं धीरे-धीरे साळवा नो इरादो नी से
486,"यदि यह बात सच मानी जाती है कि त्याग के रूप में अपना जीवन समाप्त करने की जैन परंपरा के अनुसार चन्द्रगुप्त ने कर्णाकट में अपने प्राण त्यागे थे, तो ऐसा प्रतीत होता है कि चन्द्रगुप्त ने दक्षिण में विजय की शुरुआत कर दी थी।",दक्षिण में की यदि ये कह सही मानी जाए है कि व्याग ना रुप मा आपड़ा जीवन समाप्त करना नी जैके परंपरा नी अरस्पर चन्द्रगुप्त ना -कर्याकट मा आपडा प्राण छोड़िया था तो ना दक्षिण या जीत नी शुरुआत कर देयी थी।
465,दुल्हन से घर की स्वामिनी बनने का निवेदन किया जाता है और उसे अपने पति के रिश्तेदारों के बीच उसकी महत्वपूर्ण भूमिका की याद दिलाई जाती है।,तिनान आवा पर एक अनुष्ठान थाए से तां लाडो अन लाड़ी ने घेर खास सदस्यों नी एक बीजा थी ओलखान करावे से |
394,"चांद ने 8 बार, रूप सिंह ने 10 बार, गुरमीत सिंह ने 5 बार और पिन्नीगर ने एक बार गोल किया।","चांद ये 8 वखत रूपसिंह ये 10 वखत ,गुरमीत सिंह ये 5 वखत अने पिन्निगर ये एक गोल करियो |"
55,"अबू फजल अल्लामी के अनुसार, माहम वास्तव में ख़ोरासान के सुल्तान, हुसैन मिर्जा के कुलीन परिवार की रिश्तेदारी में थीं।","अबू फजल अल्लामी ना बाद केवा बाद माहम खरा मा खोरा सां ना हुल्तान ,हुसैन मिर्जा ना कुली परिवार नी रिश्तेदारी माँ हती"
535,इन आदिवासी बहुल गाँवों में सामाजिक-आर्थिक वहां के जीवन को बेहतर बनाने के लिए काम होगा। इसका लाभ देश के 5 करोड़ से ज्यादा मेरे आदिवासी भाई-बहनों को मिलेगा।,इनां आदिवासी बहुल गांमुं त्या सामाजिक - आर्थिक जीवन ने हदारवा हारू काम करहे । इना थी देश ना 5 करोड़ थी वदारे मारा आदिवासी भाई - बहनों ने नफो थाहे ।
46,किसी परिस्थिति या मार्ग से परिचित होने से नेत्रहीन व्यक्ति के लिए सफलतापूर्वक चलना बहुत आसान हो जाता है।,कोई परेशानी अने वात थी जान पहचान थावा थी वगर आँख आदमी हारू आसानी आराम ने चालवा घणो सरल थाई जाहे से |
95,"पोर्ट ऑफ स्पेन में दूसरे टेस्ट में, सचिन तेंदुलकर ने पहली पारी में 117 रन बनाए, जो उनके 93वें टेस्ट मैच में उनका 29वां टेस्ट शतक था, जिससे वे सर डॉन ब्रैडमैन के 29 टेस्ट शतकों के रिकॉर्ड की बराबरी कर सके।",पोर्ट ऑफ स्पेन मा बिजा रेस मा सचिन तेंदुलकर ने पेहली पाली मा 117 रन बणाया से जो इनानी 93 वे टेस मैच मा इनानो 29 वु टेस सेकड़ो हतो जिनायी यो सर डॉन ब्रेडमैन नी 29 टेस सेकड़ो नु रिकार्ड नी बराबर करी सके से |
549,न्यूज़ डिवाइन तीन वर्षों से खुला हुआ है और उस समय में इसे कानून द्वारा तीन बार बंद किया जा चुका है।,खबर डिवाइन तान साल खुलिया हाथो ऐवु इन समय मा इसे नियम हाथे तान बार बंदे किया जा चुका है |
110,"कल्याणी जी: सर, मैं एमएससी माइक्रोबायोलॉजी हूँ। मेरे पति, सास और दो बच्चे हैं, और मैं तीन साल से ग्राम पंचायत में कार्यरत हूँ।","कल्‍याणी जी: सर हँ, एमएससी, माइक्रोबायोलॉजी हुं, म्‍हारा पति, सास अन बे सौरा से, अनं हुं, तीन साल थी ग्राम पंसात मां काम करीरी से।"
343,तब सामान्य मानवीय का भरोसा बढ़ जाता है।,तेर हुदां मनखुं नों भरोहो बढ़ी जाईं से।
599,एक बहुत बड़ा हब बना है और आज हम मोबाइल फोन दुनिया में एक्‍सपोर्ट करने लगे हैं। ये भारत की ताकत है।,"एक घणों मोटो केन्‍द्र बणी ग्‍यू से अने आज हमु मोबाईल फोन दनिया मां निर्यात करवा लाग्‍या से , ये भारत नी ताकत से।"
472,भारत में प्रकृति के साथ तालमेल हमारी संस्कृति का अभिन्न हिस्सा रहा है।,कदी तमुं महाराष्‍ट्र ना मेलघाट टाईगर रिजर्व जावहों तेर तहां ना खटकली गांव मां आदिवासी परिवारों नें आपणां घेर नें घेर रेवुं मां बदलीन रोजगार ना मौका पैदा करया से।
430,उनके बेटे रणधीर ने फिल्म का निर्देशन किया और यह 1991 में रिलीज हुई।,लिना सोरा रणधीर ने पिक्सर नी जाणकारी करवी अने यो 1991 में रिलीज हुई |
313,इस अवधि के दौरान रे ने अपनी फिल्मों में इन मुद्दों की कथित कमी के जवाब में भारतीय जीवन की समकालीन समस्याओं को दर्शाना शुरू किया।,इनी अवधि ना दौरान रहे ने आण्डी फिल्मों मा इन मदो नी कथित कमी मा जवाब मा भारतीय जीवन की समय नी समस्या ने देखाउ नु शरू कियु
376,उन्हें 12वीं फ्रंटियर फोर्स रेजिमेंट की चौथी बटालियन में कमीशन मिला था।,इहुने 12 वी फ्रंटियर बल देवा रेजिमेंट नी चार बटालियन मा दलाली मली हुती।
305,"साथ ही, मराठा साम्राज्य एक संघ में बदलने लगा, जिसमें होलकर, सिंधिया और नागपुर साम्राज्य के भोंसले जैसे व्यक्तिगत प्रमुख अधिक शक्तिशाली हो गए।",हाथे ही मराठा साम्राज्य एक संघ मा बदलवा लागिया जिनमा होलकर सिंधिया अने नागपुर साम्राज्य ना भोसले जेवा मनखू खास वदार ताकतवर थाई गया है।
390,यह मैसूर और बैंगलोर के लोगों के लिए पीने के पानी का एक प्रमुख स्रोत है।,यूँ मैसूर अने बेंगलोर मा लोगो हारू पीवा नू पाणी नो एक खास साधन से |
252,"मेरे प्यारे देशवासियो, हमारी संस्कृति सिखाती है कि ‘परमार्थ परमो धर्मः’ यानी दूसरों की मदद करना सबसे बड़ा कर्तव्य है।",मांरा देशवासियों हमारी टेनसन खावानुं-पिवानुं सिकाड़ें से कि परमार्थ परमों धर्म से अनें विजां नी मदत करवुं सबथी मोटो धरम से।
533,"1657 तक, शिवाजी ने मुगल साम्राज्य के साथ शांतिपूर्ण संबंध बनाए रखे।",1657 तक शिवाजी ने मुगल राज नी हाते एक शाति थी रिश्तों बणावी रखवानु।
70,"उनके पिता की सेना की नौकरी के फलस्वरूप होने वाले कई स्थानांतरणों के कारण परिवार को विभिन्न शहरों में स्थानांतरित होना पड़ा, और इस वजह से चंद को केवल छह साल की स्कूली शिक्षा के बाद शिक्षा छोड़नी पड़ी।",इहुना पिता जी सेना नी नौकरी ना बाबत मा थावा वाला घणी एक जगह थी बिजी जगह ना कारण परिवार ने कई शहरों मा जगह थी बिजी जगह पडीयू इनी वजह थी चंद ने केवल छह वराह नी स्कुली भणतर ने बाद भणतर छोडवी पडी।
452,"जब देश की सेना Surgical Strike करती है, जब देश की सेना Air Strike करती है तो उस देश के नौजवानों का सीना ऊंचा हो जाता है, तन जाता है, गर्व से भर जाता है।","जेर देह नीं मिलिट्री Surgical Strike करें से, जेर देह नी मिलिट्री Air Strike करें से तेर तिनां देह नां नौजवानों नां छाती ऊंची थाई जाए से, तन जाए से, गर्व थी भराय जाए से।"
541,कुछ लोगों ने सुझाव दिया भारत को जल्‍द से जल्‍द जीवन के हर क्षेत्र में आत्‍मनिर्भर बनना चाहिए।,कईंना लोकुंईं आ रॉय आली भारत नें वेगो थी वेगो जिन्‍दगी नां हर ईलाका मां जीवेंकरवानुं बणावों जोवे।
279,भारत और पाकिस्तान के खिलाफ अमेरिकी प्रतिबंधों को केवल छह महीने बाद ही हटा लिया गया था।,भारत आने पाकिस्तान ना खिलाफ अमेरिका प्रतिबंधो को केवल सौ मई ना मा ही हरकी लेदो थो |
202,"लेकिन बाद में, अलाउद्दीन ने भीमसिंह को पकड़ लिया और उसकी रिहाई के बदले में पद्मिनी की मांग की।",केमकी बाद माँ अलाउद्दीन ने भीमसिंह नी धरी लेयो आने तीनान छोड़वा ना बदला पधिनी नी मागवा नी वास करीयी से
194,निराश होकर टीपू सुल्तान ने उस समय के अन्य मुसलमान शासकों के साथ संपर्क स्थापित करना शुरू कर दिया।,विफल थाईन टीपू सुल्ताने तिना समय मा बिजा तरकढा राजो ओ नी हाथे संपर्क करवानु चालू करी दिदू।
251,"आज Defence Manufacturing में, भारत की पहचान बनीं है और मैं आज खुशी से कह सकता हूं कि जो देश कभी Defence की हर छोटी मोटी चीज बाहर से लाता था,",आज डिफेन्‍स मनुफेक्‍चरीग मा भारत नी ओलखान बणेली से अने हूं खुशी ही की सकू के ज्‍यों देश केरांक डिफेन्‍स नी हर नानी मोटी सीजे बारता हीस लावतो तो।
153,नेहरू ने 1929 में कांग्रेस और भावी भारतीय राष्ट्र की नीतियों का मसौदा तैयार किया।,नेहरु १९२९ मा कांग्रेस अने -भारतीय राष्ट्र नी नीतियों नो हम जौतरो तैयार करयो से |
127,नेहरू को सरकार विरोधी गतिविधियों के आरोप में 1921 में गिरफ़्तार किया गया था और कुछ महीनों बाद उन्हें रिहा कर दिया गया।,नेहरु नो सरकार विरोधी ना करेला कामु नो आरोप मा १९२१ मा धरया से कई ना मई ना बाद इने पसा सोडी देदा से |
581,वेस्ट इंडीज में हुए विश्व कप में राहुल द्रविड़ की अगुवाई वाली भारतीय क्रिकेट टीम और तेंदुलकर का निराशाजनक प्रदर्शन रहा।,वेस्ट इंडीज मा थाई ला पूरा देह नो कुप मा राहुल द्रविड़ नी अगाडी वाली भारत नी दडियो नो समूह अने तेंदुलकर नो असल नी रामवानु (भूडो रमेत )देखेलु से |
459,मरमाला जलप्रपात एक जलप्रपात है जो भारत के केरल राज्य के कोट्टायम ज़िले में एराट्टुपेट्टा से कुछ किलोमीटर की दूरी पर स्थित है।,मरमाला जलप्रपात एक पानी नो बहावा है भारत अने केरल राज्य मा कोढायम जिला मा एराहुपेडा कई किलोमीटर नी दूर आवे से
191,उन्होंने जेल में ईशावस्यवृत्ति और स्थितप्रज्ञ दर्शन लिखे।,तिहुई जेल मा इसा पेलखी अने मन हासू राखी न तिना दर्शण लिखया |
422,"अगर हमारे पूर्वज, जिनका खून हमारी रगों में है, आज हम तो 140 करोड़ हैं।","अगर हमारां खतरीज, तिन्‍हुनुं लोय हमांरी नेहीयों मां से, आज हमुं तें 140 करोड़ से।"
417,"स्तंभ संभवत: पॉलिश की हुई लकड़ी से बने थे, जो ग्रेनाइट के आधारों पर टिके हुए थे; कुछ स्तंभ आधार आज तक जीवित हैं।","खम्बो खास पोतेली लाकड़ा थी बनेता से ,त्यों भाता ने टेके त्केलो हतो थोद्का खम्बा ने टेके आज भी व्सेला से |"
449,"बाधाएं, रूकावटें, चुनौतियां, उसको परास्त करके एक दृढ़संकल्प के साथ ये देश चलने के लिए प्रतिबद्ध है।","मुशिकीले, रूकावटे आफते ,तिनान इरावीन एक काठा धारेला नो हाते यो देश सालावा हारू तियार से।"
264,"पार्टियों का गठबंधन, बीजेएस सहित, जनता पार्टी बनाने के लिए एक साथ आए, जिसने 1977 के आम चुनाव जीते।",पार्टियों ना गठबंधन बीजे इस ने हाथे जनता पार्टी बणावा हरु एक हाथे आया | विनय उनीश सो सत्तर ना आम चनाव जीतियो |
245,नेहरू ने स्वीकारा कि उन्होंने युद्ध को मिश्रित भावनाओं से देखा था।,नेहरु जी मान्यू कि ति नई इनी लड़ाई ने मिली -जुली अन एक बिजा थी मली जुली जुलया वश्यार थी देख्या ग्या से
437,"हुमायूं के प्रति निष्ठा की शपथ लेने वाले कबीलों में से लेगारी, मैगसी, रिंद और कई अन्य थे।",हुमायूं ने साथ देवा नी शपथ लेवा वाला कबीलो मा थी लेगारी मैगसी रिंद अने घणा बिजा हुता।
362,"ऐसे मुट्ठीभर निराशा की गर्त में डूबे हुए लोग जब उनके गोद में विकृति पलती है, तब वो विनाश का कारण बन जाती है, सर्वनाश का कारण बन जाती है,","ऐवा मुठी भर निराशां मां डूबेलां मनख झेर तिनानां खोळा मां खराबी पळे से , तेर त्‍यों खत्‍म थावानू करण बणी जाए, सब खत्‍म थावा नू करण बणी जाएा"
551,"मार्च में, पाकिस्तानी सशस्त्र बलों ने अलगाववादियों पर अंकुश लगाने के लिए एक तीव्र अभियान शुरू किया, जिसमें पूर्वी पाकिस्तान के सैनिक और पुलिस शामिल थे।",मार्च मा पाकिस्तान सशस्त्र बलों ने अलग करवा वाला पर लगाय लगाडवा हारू एक उतावलू काम करवा हारू पूर्वी पाकिस्तान ना सैनिक अने पोलिस भेला हुता।
448,"25 जुलाई 2012 को देव ने आई.सी.एल. से इस्तीफा दे दिया और बी.सी.सी.आई. का समर्थन करना जारी रखा, जिससे बी.सी.सी.आई. में वापस आने का मार्ग आसान हो गया।",25 जुलाई 2012 नो देवे आई सी एल ने छोड़ी नाखियों अने बी सी आई न मदद करवानु जारी (चालू) राखियूं तीनाथी बी सी सी आई मा पासो आवा नो रोहो साफ थाय ग्यो।
117,"उसको अपनी योग्‍यता, क्षमता के प्रति अन्‍याय का जो गुस्‍सा होता है, वो राष्‍ट्र की प्रगति में नुकसान करता है।",तिनान आपडी काबिलियत ताकत ने प्रति जूल्‍म नो जो गुस्‍सों है त्‍यों राष्‍ट्र नी गति मां नूकसान करे से।
209,चार्टर एक्ट 1833 ने गवर्नर-जनरल और काउंसिल ऑफ फोर्ट विलियम को गवर्नर-जनरल और काउंसिल ऑफ इंडिया से बदल दिया।,चार्टर एक्ट 1833 नो सरकार जनरल अने काउन्सिल ऑफ फोर्ट विलियम नी सरकार जनरल अने काउन्सिल ऑफ भारत थी बादल दे |
145,"कई लोगों ने लिखा कि न्‍याय के अंदर जो विलंब हो रहा है, उसके प्रति चिंता जाहिर की और ये भी कहा कि हमारे देश में न्‍याय व्‍यवस्‍था में रिफॉर्म्स की बहुत बड़ी जरुरत है।","घणां लोकुं नें लिखेलुं कि फेसलों करवा मां वार थाई री से, तिनां हारूं चितां बढ़ी री अनें युं बी केदुं कि हमारा देह मां फेसला नी वैवस्‍ता मां रिफॉर्म्‍स नी घणीं मोटी जरूरी से।"
337,"कुछ लोग होते हैं जो भारत का भला सोच नहीं सकते हैं जब तक खुद क भला न हो, तब तक उनको किसी का भला अच्‍छा नहीं लगता है।","कइना मनख थाइ्र जि भारत नू भळू नी होसी सके,झेर तक खुद नू भळू नी थाई, तेर तक तिनाने कइना नो भळू असल नी लागे से।"
7,"कन्याकुमारी ज़िले के अन्य लोकप्रिय झरनों में उल्लाकार्वी झरना, वट्टपराई झरना और कालीकेसम झरना शामिल हैं।",कन्याकुमारी जिले मा एक असल डुंगर पर उल्लावाही झरना वाट पाडे झरना अने काशी कसम भेला करीयो
519,"जून 1917 में, ब्रिटिश सरकार ने बेसेंट को गिरफ़्तार कर लिया और नजरबंद कर दिया।",अशोक ए खुद ना शिला लेख (भाटा पर लखेलो )घणो वस्तार से पण तीन मा तीना पूर्वजो (पुरखा ) नो कई वा त्दो नी से |
19,"इतिहास गवाह है कि 1857 के स्‍वतंत्रता संग्राम जिसको हम याद करते हैं, उसके पूर्व भी हमारे देश के कई आदिवासी क्षेत्र थे, जहां आजादी की जंग लड़ी जाती थी।","जुनां-जलमांरा गवा से कि 1857 नां सुटांरेवा संग्राम जिनांनें हमुं याद करीयें से, तिन्‍हुथो पेलखो बी हमारों देह नें घणां आदिवासी ईलाका हतां, जां सुटाकारा थी, जंग लड़ी हती।"
178,"और तीसरी बात है नागरिकों की मूलभूत सुविधाओं के विषय में हम प्राथमिकता दें, उसको बल दें।","अने तीसरी वात्यु से मनखु ना खास सुविधायु ना वात्यु मा हमु पेळखा करिये, तिहुनेबळ आळवो ।"
445,"अगर उसका महिमामंडन होगा, तो जो आज भ्रष्‍टाचार नहीं करता है, उसको भी लगता है कि ये तो समाज में प्रतिष्‍ठा का रंग बन जाता है, उस रास्‍ते पर जाने में बुरा नहीं है।","अगर तिनी वाहवाही थो ते जो आज रिश्‍वत नी लेतो ओहे तिन पण लागहे के यो ते समाज मा मान नो रंग बणी जाहे , तिनी वाटे जावा मां बुराई नी मले।"
57,"अगर उसको होम लोन चाहिए, उसको व्हीकल का लोन चाहिए, मेरे किसान को ट्रैक्टर के लिए लोन चाहिए, मेरे नौजवानों को स्टार्ट अप्स के लिए लोन चाहिए,","अन तिनानें घेर लुण जोव, तिनांनें व्‍हीकल नुं लोण जोवें, मारां करषाणुं नें ट्रैक्‍टर हारूं लुण जोवे, मारां नौजवानुं नें स्‍टार्ट अप्‍स हारूं लुण जोवे।"
539,"जब रतन सेन कैद में थे, तब कुंभलनेर के राजा देवपाल ने पद्मावती की सुंदरता से मोहित होकर उससे विवाह करने का प्रस्ताव रखा।",जहर रतन सेन जेल कल कोठरी माँ हतो तेर कुंभ ल नर ना राजा देवपाल ना पद्दमावती नी घणी असल रूप या शकल थी एक -बीजा मन भटका ड वा हारू (मोहित)तीनू येई विवाह प ई णा वा करवा ना फैसलों ना प्रस्ताव करियो से |
562,"दूसरी शताब्दी के इतिहासकार अप्पियन के अनुसार, चंद्रगुप्त ने यूनानी शासक सेल्यूकस प्रथम निकेटर के साथ वैवाहिक गठबंधन किया, जिससे यह अनुमान लगाया जा रहा है कि चंद्रगुप्त या उनके बेटे बिंदुसार ने एक यूनानी राजकुमारी से विवाह किया था।",जून १९७१ मा ब्रिटिश हरकार ए बेसेंट ने धरी ले दो अने नजर बंद कर देदो |
598,"नानासाहेब का एक चतुर भाई रघुनाथराव था, जिसकी पेशवा बनने की महत्वाकांक्षा मराठा साम्राज्य के लिए विनाशकारी बन गई।",नाना साहब न एक शैतान भाई रघुनाथ राव हतो जिनकी बणावा नी हिम्मत राखे तेर मराठा न राज्य एक घणो नुकसान थाई ग्यो।
573,तालवादक ताल के जटिल रूपों का प्रदर्शन करते हैं और अपने कौशल का प्रदर्शन करते हैं।,तालवादक लाल मां एक मोटू गावो मा जाणवा नो लायू से
308,आज सैंकड़ों Startups स्‍पेस के सेक्‍टर में आ रहे हैं।,आजे सेकडु स्टार्ट अप्स स्पेस ना सेंटर मा आवीर्या से।
49,चाणक्य चंद्रगुप्त की सुरक्षा के बारे में चिंतित थे और हत्या के प्रयासों को रोकने के लिए उन्होंने बहुश्रमसिद्ध तकनीकें विकसित की।,चाणक्य-चंद्रगुप्त नी (सुरक्षा रक्षा) की बारा मान्चितितस्ता उनी भारवानी की कोशित को रोया हारु तिनाये बहु‌भासिद्ध टेकनीले विकसित करी ।
513,"वे दनियाल मिर्जा की पालक माता भी थीं, वह सम्राट अकबर के प्रिय पुत्र था जिसका जन्म 11 सितंबर 1572 को अजमेर में हुआ था।","व्या दानियल मिर्जा नी पालवावाली आई पण हती वह सम्राट अकबर ना प्रिय (खास) चोरो छतो तिनो जन्म 11 सितम्बर1572मा, अजमेर मा थायु थु।"
25,"2002 में, अपने कार्यकाल के आधे भाग में, विज़्डन ने उन्हें डॉन ब्रैडमैन के बाद सर्वकालिक दूसरे सबसे महान टेस्ट बल्लेबाज और विव रिचर्ड्स के बाद सर्वकालिक दूसरे सबसे महान एकदिवसीय बल्लेबाज का दर्जा दिया।",2002 मा आपडा कामकाज मा आद हिसा मा विज्डन ने इनानी डॉन ब्रेडमैन नी बाद सबी काम बिजा सबदा मोरा टेस दाडियो अने वि वि रिचर्ड्स नी बाद मा सबनु काम बिजा मोरा एड दन नी दादियों मा लिखेलु से |
548,उन्होंने मार्ज के अन्य रोबोट क्लोन बनाए हैं जो ठीक से काम नहीं कर पाए।,इना मार्ज मो एक रोबोट कलीन बनायू अने असल काम नी करयू से
227,"चौथे आंग्ल-मैसूर युद्ध में, मराठों और हैदराबाद के निज़ाम द्वारा समर्थित ब्रिटिश ईस्ट इंडिया कंपनी के सैनिकों की एक संयुक्त सेना ने टीपू को हराया।",चौथा आंग्ल-मैसूर लड़ाई म मराठों अने हैदराबाद न निज़ाम नी हारे देवा हारु ब्रिटिश ईस्ट इंडिया कंपनी ने सैनिकों की एक मैको सेना ने टीपू ने हराय ददू।
529,मुझे खुशी है मेरे रेहड़ी-पटरी वाले लाखों भाई-बहन आज बैंक के साथ जुड़कर के अपनी नई ऊंचाइयों को प्राप्त कर रहे हैं और विकास की दिशा में वो भागीदार बन रहे हैं।,"मनें खुशी से मारां रेहडी-पटरी वाळां लाखों भाई-बुहन आज बैंक नीं हातें जोड़ाईन आपड़ी नवीं ऊसाईंयों नें मेळवीं रियां से, अनें विकास नी दशा मां त्‍यो भागीदार बणीं रियों से।"
419,"फरवरी 1999 में दिल्ली-लाहौर बस सेवा के ऐतिहासिक उद्घाटन के साथ, वाजपेयी ने कश्मीर विवाद और पाकिस्तान के साथ अन्य संघर्षों को स्थायी रूप से हल करने के उद्देश्य से एक नई शांति प्रक्रिया शुरू की।",फरवरी 1999 मां दिल्ली लाहौर बस सेवा चालू हारू एक खास याद हाते वाजपेयी ने कश्मीर झगड़ा अने पाकिस्तान नी हाते बीजा झगड़ा ने जड ती खतम करवा ना अर्थ ती एक नवी शांति नु काम चालू करयू ।
42,इसके बाद गायकवाड़ ने रास्ता बदला और सतारा की तरफ बढ़ने लगे।,इना बाद गायकवाड़ नी वाट बदली अने सतारा नी और बढ़वा लागे
410,मुगल काल से पहले एक विशाल क्षेत्र को नियंत्रित करने वाले राणा सांगा उत्तरी भारत के अंतिम स्वतंत्र हिंदू राजा थे।,मुगल पुराना जमाना पलखा एक मोटा घणी क्षेत्र नो नियम करवा वालों उत्तर भारत अंतिम आजाद हिंदू राजा हथों
473,"शल्य चिकित्सक ने शुरू में मानेकशॉ का इलाज करने से इनकार कर दिया, यह कहते हुए कि मानेकशॉ बुरी तरह से घायल हो गए थे और उनके बचने की संभावना बहुत कम थी, लेकिन सिंह ने उन्हें मानेकशॉ का इलाज करने के लिए मजबूर किया।","शल्य चिकित्सक ने शुरू मा , मानेकशा को इलाज करवा थी इंकार करी देदो , था केतेला कि मानेकशा बुरी तरह थी घायल थाई गेलो आने उनकी बचने /बसवा नी संभावना घणी कम से , लेकिन सिंह ने एहने माने कशा को इलाज करवा हरु मजबूर केरे लो |"
440,"पद्मावती ने रतन सेन के वफादार सामंती गोरा और बादल से मदद मांगी, जो अपने अनुयायियों के साथ पद्मावती और उसकी महिला साथियों के भेस में दिल्ली पहुंचे।",पद्धमावती ने रतन सेन ना अलग पसल फरवा वालो वफादार सामंती गोरा अने बादल थी मदद मांगी रा से यो आपड़ो अनुयायियों ने हाते पद्धमावती अने तीना यी बय रियो ने हाते -हाते ने भेस बहरूपीया माँ दिल्ली पुगी गया से |
278,"भ्रष्‍टाचारियों के प्रति, समाज में दूरी बनाये रखने से ही किसी भी भ्रष्‍टाचारी को उस रास्‍ते पर जाने से डर लगेगा।",रिंश्‍वतखोरी ना लेदे समाज मां दूरी बणावाा ही कइना रिश्‍वत लेवा वाला न तिने रस्‍ते पर जावा थी समक लागहे
550,खान का भारत में फिल्मों के साथ एक संक्षिप्त जुड़ाव था।,खान नो भारत मा पिक्सर नी हेल एक थोड़ाक मा जड़ायला हता |
377,1994-1999 में तेंदुलकर की उम्र जब बीस-से पच्चीस वर्ष की थी तब वे शारीरिक रूप से शीर्ष पर थे और साथ ही उनका खेल-प्रदर्शन भी शीर्ष पर था।,तेंदुलकर नी ये पाली खतरों डिडिया न रूप मा यश से कैमकी इ ना मैच मा एड रेतीवालो वाचस ने रोकी दे दु हतु |
158,आज विश्व की बहुत बड़ी कंपनियां भारत में निवेश करना चाहती हैं।,आज विश्‍व नी घणी मोटा कारखना भारत मां निवेश करवा मांगे ।
130,"और भारत ने ऊर्जा के क्षेत्र में आत्मनिर्भर बनने के लिए, global warming की चिंताओं से मुक्ति पाने के लिए हमने काम किया है।","अनें भारतईं ऊर्जां नां ईलाका मां जीवेंकरवानुं बणांवा हारूं Global warming नीं चिंताओं थी, सुटो थावा हारूं हमुंईं काम करियुं से।"
568,"हालांकि आरएसएस ने भारत छोड़ो आंदोलन में भाग नहीं लेने का फैसला किया था, किन्तु अगस्त 1942 में वाजपेयी और उनके बड़े भाई प्रेम को भारत छोड़ो आंदोलन के दौरान 24 दिनों के लिए गिरफ्तार कर लिया गया था।","हाउ कि आर .एस .एस . नो भारत छोड़ो आन्दोलन मा भाग नी लेवा नो फैसलों करो से पण ,अगस्त 1942 माँ वाजपेयी आने तिनो मोटा भाई प्रेम ने भारत छोड़ो आन्दोलन के दोरा न पशचात 24 दनो हरु गिरफ्तार करी लेदेलो |"
342,कांग्रेस ने भारत के लोगों से 26 जनवरी को स्वतंत्रता दिवस के रूप में मनाने के लिए कहा।,कांग्रेस से भारत ना मनखा थी के दू कि 26 जनवरी ना दन आजादी ना दन ना रूप मा ख़ुशी मनाड वा के दू से |
476,उन स्थानों पर सीसीटीवी कैमरे लगाए गए हैं जहाँ परीक्षा प्रश्न पत्र छपते हैं और 2000 से अधिक परीक्षा केंद्रों में मेटल डिटेक्टर लगाए गए हैं।,इना जगह पर केमरा लगी गयी अने परीक्षा ना कागदा छापतेला अने बे हजार ही घणा अधिक परीक्षा मा बैठावा नो घोटो बणाया
180,"लेकिन राष्‍ट्र से बड़ी मेरी प्रतिष्‍ठा नहीं हो सकती है, राष्‍ट्र के सपनों से बड़ा मेरा सपना नहीं हो सकता है।","पण देश ही मोटू मारू मान नी थाई सके, देश ना हपना थी मोटा मारां हपना थी थइ सके।"
31,"आज हमने, मैं देख रहा हूं मेरे सामने जो नौजवान हैं उसमें लिखा हुआ है My Bharat जिस संगठन का नाम है उसकी चर्चा लिखी है।",आाज अमुये हू देखी रयो से मांरा हमें जि जवान से तिनमा लखेलु से My Bharat जिन संगठन नाम से तिनी चर्चा लिखी से।
115,पाकिस्तान ने सीमा पर अपने सैनिकों को तैनात करके इसका जवाब दिया।,पाकिस्तान नी सीमा पर आपडा सैनिको पेहले वानो नौ ऊणा करीन (तैनात ) इनाना जवाब आल्यो से |
23,इसके लिए हमारी सरकार आदिवासी क्षेत्रों में एकलव्य आवासीय विद्यालय बनाने के अभियान में बहुत मेहनत कर रही है।,इना लेदे हमारी सरकार आदिवासी इलाकु मा एकलव्य आवासीय स्कूल बणावा ना अभियान मा घणी मीनत करी र्यी से ।
179,भारत का सर्वोच्च खेल सम्मान मेजर ध्यानचंद खेल रत्न पुरस्कार उनके नाम पर जारी किया गया है।,भारत ना सबथी मोटा रमवानो सम्मान मेजर ध्यानचंद रमवानो रतन इनाम तिना नाम मोकलीयो ग्यो से।
406,"मानेकशॉ ने तब अपने पिता से उन्हें चिकित्सक की पढ़ाई करने के लिए लंदन भेजने के लिए कहा, लेकिन उनके पिता ने इस आधार पर मना कर दिया कि वे अभी छोटे हैं, वह पहले से ही मानेकशॉ के दो बड़े भाइयों की पढ़ाई का खर्च उठा रहे थे, जो लंदन में इंजीनियरिंग का अध्ययन कर रहे थे।","मानेकशा ने तब आपदे पिता /बाथी ई हुने चिकित्सक नी पड़ा ई करवा हरु लन्दन में मोगलवा हरु कडू लेकिन तिने बा /पिता ने इनी आधार पर मना करी देदी ,कितो अभी बच्चा /नानो से वयो पेहला थी ही मानेकशा के २ मोटो भाइयो नी पड़ा ई नो खर्चो उठाने रो से व्यो लंदन माँ इंजीयरिंग का पड़ा ई करो हतो |"
491,"मेरे प्यारे देशवासियो, पशु-पालन में गाय-भैंस के अलावा बकरी पालन भी एक महत्वपूर्ण क्षेत्र है।",उड़ीसा ना कालाहांडी मां बोकड़ा पाळवा थी गांव नां लोकुं आपडी जिन्‍दगी ना हदारवा हारूं नज काम करीरया से।
58,"अगर 40 करोड़ गुलामी की बेडि़यों को तोड़ सकते हैं, अगर 40 करोड़ आजादी के सपने को पूर्ण कर सकते हैं, आजादी ले करके रह सकते हैं तो 140 करोड़ देश के मेरे नागरिक, 140 करोड़ मेरे परिवारजन अगर संकल्‍प ले करके चल पड़ते हैं,","अगर 40 करोड़ गुलामी नीं बेडियों नें तोड़ी सकयीं से, अगर 40 करेाड़ सुटाकारा नां हपना नें पुरा करी सकयीं से, सुटकारा नें लीन करीन री सकयीं से, तें 140 करोड़ देह नां मारां मनखुं, 140 करोड़ मारां कुटुम नां मनखुं अन वसन लीन साली पड़यीं से।"
320,"जब बैंक व्यवस्था बन जाती है, जब सामान्य गरीब खासकर के मध्यम वर्गीय परिवार की जो requirement होती हैं, उसको पूरा करने की सबसे बड़ी ताकत बैंकिंग सेक्टर में होती है।","जैर बैंक व्‍यवस्‍ता बणीं जाये से, तेर हुदी गरीब खासकरीन मध्‍यम वर्गीय परिवार नीं जे मांग रे से ते, तिनांनें पुरों करवा नीं मोटी ताकत बैंकिग सेक्‍टर मां हाए से।"
229,यह जोशीले राष्ट्रवाद के खतरों के बारे में है और उन्होंने 1940 के दशक में इसकी पटकथा का पहला प्रालेख लिखा था।,य जोश भरी राष्ट्रवाद न खतरो न बारामा से उने 1940 नी पीढी म उनकी वातर नो पहलो वात लिएयो हतो।
469,"आज अनेक क्षेत्रों में, आज हमारे रक्षा क्षेत्र में देखिए हमारा एयरफोर्स हो, हमारी आर्मी हो, हमारी नेवी हो, हमारा स्‍पेस सेक्‍टर हो, आज हमारी महिलाओं का हम दमखम देख रहे हैं, देश के लिए।","आज घणी जगा मां आज हमारा रक्षा क्षेत्र मां देखों हमारा एयरफोर्स हो,हमारी आरमी हो ,हमारी नेवी हो, हमारा सबेस सेक्‍टर हो आज आज अमारी बयरा नी ताकत देखी रया से , देश हारू"
24,14 सितंबर 1752 को दोनों ने जेजुरी के खंडोबा मंदिर में परस्पर शांति बनाये रखने की शपथ ली।,14 सितंबर 1752 ये बेवो ये जेजुरी ना खंडोबा मंदिर मा एक बिजा मा शांति बणावी राखवी नी शपथ लेदी।
17,"सुनीता देवी: हमने अब तक 35 एकड़ में ड्रोन से स्प्रे कर चुके हैं, किसानों को यह बहुत फायदेमंद लग रहा है।",सुनिता वी: हमुये हाऊ तलक 35 एकड मां ड्रोन थी स्‍प्रेकरी सकयां से। करषाणुं नें यो घणूं फायदा वाळूं लागी रयूं से।
297,"यह प्रयास हर किसी को प्रेरित करने वाला है, क्योंकि इससे छोटे किसानों को सशक्त और आत्मनिर्भर बनने का मौका मिल रहा है।",आ कोशिश हरेक नें आगळ बढ़ावा नीं से। केमकि यूं इनथी सोटा करसांण नें काठा अनें जीव ना पोगां उपर उबा थावा नो मोखो मळीयों से।
67,"हमारा आदिवासी समाज तब आगे बढ़ेगा, जब आदिवासी युवाओं को अच्छी शिक्षा के अवसर मिलेंगे।","जेरे आदिवासी जुवानों ने असल भणतर नी वातो मळहे , तेर हमारा आदिवासी समाज अगल बढ़हे ।"
303,त्रिपुटा ताल उन तालों के समूह को संदर्भित करता है जिसमें 1 लघु और उसके बाद 2 धृतम होते हैं।,त्रिपुटा ताल मां इनो तालो अने समूह नो भेला करवानू है जिनमा एक उद्योग अने इने बादमा बे धृतम थाये से
591,मोदी जी: वैसे घर में कारोबार वगैरह क्या है?,मोदीजी: ऐम ते घेर मां हुं कारोबार से।
329,हम ये न भूलें कि इस देश उस परिस्थितियों से दशकों तक भी आजादी के बाद समय बिताया है।,हमुं युं नी भूलयीं कि देह तिनी परिस्थितियों नां वरहुं तक बी सुटकारा फेर टेम बिताया से।
218,"वे नेताओं को घेरेंगे, सभी को घेरेंगे।",इन बार नो (उद्देश्य ) आस ज्पानियो ना आवा ना पेलखा भारत ने आजाद करवा अने आव थी बजावा हारू तैयार रेहवाड |
571,सुल्तान अलाउद्दीन के दो बेटे सुल्तान शिहाबुद्दीन और सुल्तान कुतुबुद्दीन उत्तराधिकार में राजा बने।,सुल्तान अलाउद्दीन बे सोरा शिहाबुद्दीन आने सुलतान कुतुबुदीन उत्तराधिकार मारा राजा बनिया |
196,"कई चर्चाओं और परामर्शों के बाद, और भारतीय बलों द्वारा लगातार हमलों के बाद, खान ने पाकिस्तानी सैनिकों की जान बचाने के लिए युद्ध को रोकने का फैसला किया।","कई विचारो आने बातचीत / परामर्शो ने बाद भी आने भारतीय बालो हरु लगातार /लागे ला हमलो ना बाद ,खान ने पाकिस्तानी सेनाओ नी फन वसाड़ा हारू युद्ध /लड़ाई ने रोक्वो नो फैसलों ले दो |"
317,"आज हमने जो आजादी के विरासत के गर्व की जो हम बात करते हैं, सदियों से हमारे पास जो क्रिमिनल लॉ थे,","आजे हमु ये जी सुट नी बपोती नी मोटाई कार जी हमु वात्युं करिये से, वरहु थी अमारा मेरे जीक्रिमिनल लॉ हतां ।"
526,"साक्षात्कार के प्रति अरुचि टाइम के साथ एक साक्षात्कार का परिणाम था, जिसके बाद नारायण को कुछ दिन अस्पताल में बिताने पड़े, क्योंकि उन्हें पूरे शहर में फोटो खींचने के लिए घुमाया गया था लेकिन लेख में इन फोटों का कभी इस्तेमाल नहीं किया गया।",भणिया लखिया ना बदले वखत नी हाते एक भणिया गणिया नो ततीजो से तीना बाद नारायण ने थोडाक दन दवाखाना मां निकालवा पडिया केमकि तीनाने पूरा सहरे मां फोटो खिंचवा हारू फेरवेला पण कागदु मां इना फोटो नो कदी पण काम मां नी आया।
272,"और मैंने पहले भी कहा था कि मेरे तीसरे term में देश तीसरी Economy तो बनेगा ही, लेकिन मैं तीन गुना काम करूंगा,","अने मै पेलखा पण केदू ते के मारां तीनमी बार मां देश तीनमी Economy ते बणहे ,पण हू ती गुणा काम करी।"
96,"अगले दिन, जम्मू और कश्मीर रियासत के शासक, महाराजा हरि सिंह ने भारत से सहायता के लिए निवेदन किया।","अगले /अगाड़ो ने डेन,जम्मू कश्मीर रियासत के शासक, महाराजा हरिसिंह ने भारत थी सहायता हारू निवेदन करे लो |"
186,"मराठों ने रोहिल्ला को हराया, उन्हें पहाड़ों में शरण लेने के लिए मजबूर किया और उनके देश को इस तरह से लूटा कि रोहिल्ला मराठों से डरते थे और बाद में कभी भी उनसे नफरत करते थे।",मराठा में रोहिला ने हराया विनान दुग्रो मा रेवा हारू मजबूर करिया आने विनान देहां ऐना तरह हु लुटिया के रोहिल्का मराठो हु समकता था आने बाद जेर भी विनाहू नफरत करता था |
330,आप अप्रैल में कामस्की के साथ उनके मैच की तुलना उस मैच से नहीं कर सकते जो हमने यहां खेला था।,तमु अप्रेल माँ कामस्की नी हते तीना मैच नी तुलना तीना मैच थी नी करी सको त्या आ पुथी आँ रमला हता |
327,विमान में सवार एक यात्री फ्रैट केले ने तुर्की के एक टेलीविजन नेटवर्क को बताया कि उड़ान के दौरान उस व्यक्ति को कुरान पढ़ते हुए देखा जा सकता था।,हवाई जहाज माँ बैठो एक यात्री फ्रेट केले ने तुर्की नी एक टेलीवीजन नेट्वर्क ने बतायो कि उड़ान ने बाद तीना आदमी ने कुरान भण्यो हतो देखियो ग्यो|
310,"आज धीरे-धीरे दुनिया के कई देशों में हम जो Defence के Equipment Manufacturing कर रहे हैं, वो हम Export करने लगे हैं।",आज धीरे-धीरे दनिया नां कई देशों मां अमु ज्‍यों Defence ना Equipments Manufacturing करीरया से त्‍यों हुमु मोकली रया से।
5,देसाई ने महसूस किया कि वास्तविक जीवन में मृत्यु से बचने वाले व्यक्ति को पर्दे पर मार देना अनुचित होगा।,देसाई नी महसूस करियू कि वास्तविक जीवन मा मरवाथी क्यना वाला आद‌गी जी पर्दे पर मार देवू अनुचित थाहे।
45,"सुनीता देवी: सर, दूसरे दिन से हमारी ट्रेनिंग शुरू हुई थी, पहले दो दिन थ्योरी पढ़ाई गई थी।","सुनिता देवी: सर बिसरा दन थी, हमारी टेनिंग सरू थाई हती पेहलखां बै दन ड्रोन नी वातयु भणांवी हती।"
503,और उसके कारण वो मुसीबतों को झेलते हुए गुजारा करता रहा।,"अनें तिनां कारण थी, काहटियों नें झेलतां जाईं गुजारों करता रियां।"
383,"पाँच व्यक्तिगत स्पर्धाएँ, जिनमें पुरुष एकल, महिला एकल, पुरुष युगल, महिला युगल और मिश्रित युगल शामिल हैं, वर्तमान में विषम संख्या वाले वर्षों में आयोजित की जाती हैं।",पाँच एक -एक स्पर्धाए जिनमा आदमी एकल औरत एकल पुरुष अकेल महिला अकेल ऐवु मिश्रित (सामिल मा ) युगल आजे आंकड़ो वाले साल मा चालू की जाती हाथी |
375,फुटपाथ का निर्माण और फॉल्स की ओर जाने वाली सीढ़ियों का निर्माण स्थानीय प्रशासन द्वारा किया गया था।,बाजार मा काम फॉल्स नो जोवू वाली सिढियो नो काम स्थानीय प्रशासन द्वारा किया से
16,Ease of Living बनाने में देशव्यापी मिशन में हम काम कर रहे हैं। हर लेवल पर मैं सरकार के प्रति इन चीजों का आह्वान करता हूं।,इजी ऑफ़ लिविंग बणावा मा आखा देह मा हळमु मा हमु कामु करिर्या से । हंगळी परमाणे पर हुं सरका रू आडी इनी सीजुं नु तेहु करू से।
48,जब 25-30 लाख रिफार्म हो जाएं तब सामान्य मानवीय का विश्वास कितना बढ़ जाएगा।,जेरां 25 30 लाख री फॉर्म भाई जाये तेरां मनखुनो भरोहो केतरो वदी जाहे ।
578,उनके बाद उनके दो बेटे हुए जो लगातार राजा बने।,विनान बाद विनाना बे सोरा थाया नी लगतार राजा बनिया |
510,कौल ने नेहरू और मेनन के साथ घनिष्ठ संबंध बनाए और वह सेना प्रमुख से भी अधिक शक्तिशाली बन गए।,कोल ने नेहरू अने मेनन नी हाते असल रिश्तो वणायो अने सेना ना खास से पण वदारे ताकतवर बणी ग्यो।
3,"साथियों, देश में नई व्‍यवस्‍थाएं बन रही हैं।","हात वाळों ., देहमा नवी वेवस्तायु बनी र्यी से"
453,"पानी समितियों का नेतृत्व भी महिलाओं के पास है, जो जल संरक्षण के लिए चौतरफा प्रयास कर रही हैं।",पाणीं नी समितियूं नी पण अगळवाही बयरों कनें से जी पाणीं वसाडवा हारूं श्‍यारें मेंर कोसिस थाईरी से।
358,"मुल्तान जलालुद्दीन के बेटे अरकली के नियंत्रण में था, जिसने दिल्ली से भगोड़ों को शरण दी थी।",मुल्तान जलालुद्दीन न बेटा अरफली न काबू मा हतो जिनमा दल्ली थी नाठेला ने राखी ले देला।
365,बलरामपुर से शुरू करके उन्होंने 1957-1962 तक अलग-अलग कार्यकालों के लिए लोकसभा के सदस्य के रूप में कार्य किया।,बलरामपुर हु शुरू करीं विनय उनीश सो पिस्तर उनीश सो बासट तक अलग -अलग कार्यकालों आलियु के पार्टी न्पैला चुनाव जीतवा नी जरुरत है |
232,"जब कोई बाघ गाँव के पास आता है, तो AI की मदद से स्थानीय लोगों को मोबाइल पर अलर्ट मिल जाता है, जिससे उन्हें सुरक्षा मिलती है।",जेर कहनों नाहरूं गाम कनें आवे तेर एआई ना काममां ली रियां से। अन कदी नाहरू आवे तेर गामवाळां सेतान करीन तिहुंनें सेताडें से कि तिहुंनें साकरी थाई सकें।
26,अब one district one product को one district का one product export कैसे हो उस दिशा में हर जिले सोचने लगे हैं।,"हाव One District one product नें One distcit नों One product export कीकम थाई, इनीं दशा मां हर जिलां होसवा लाग्‍या से।"
270,"सिंहासन पर बैठने के बाद, शाह ने राजपूत राज्यों को जोड़ने की योजना बनाई, जिसने औरंगजेब की मृत्यु के बाद स्वतंत्रता की घोषणा की।",राज करवा हारू कुर्सी पर सही ने उन बादशाह ने हिंदुओं राज्यों ने जोडवा नी योजना बणावी जिनमा औरंगज़ेब नी मरण नी पासु आजादी नी घोषणा करी ।
50,इस अवधि में वेदों की रचना और मौखिक रूप से प्रसारण किया गया था।,इना समय मा वेदों नी बणावा आने मोखिक रूप हु फैलावा हारू करियु थू |
236,"इसके विचारों से आकृष्ट हो कर, लेकिन इसकी कुछ रणनीतियों से न सहमत हो सकने के कारण, वे कभी भी कार्ल मार्क्स के शब्दों को स्वयं भगवान द्वारा कहे गए परम सत्य के रूप में नहीं स्वीकार कर सके।",बाद मा तिनानी आपडी आदि वणा
37,"कुछ कमियों के कारण प्रारंभिक मृत्यु हो जाती है (एक वर्ष की आयु से पहले), अन्य, उपचार के साथ या बिना, मृत्यु दर तक कम ले जाने वाली आजीवन बीमारियों या रुग्णता का कारण बनती हैं।",इन सकारी नौकरी करे ती मरीजाए अने एक वह मा जलमीया अने इन दवाखाना मा इनो मरी जाए इनो संख्या कम पडती जायो अने जीवन मा कई प्रकार नी हे
162,अब हमने self help group को 10 लाख रुपये से 20 लाख रुपये देने का निर्णय किया है।,हाऊं हमुने सेल्फ हेल्प ग्रुप ने 10 लाख रुपिया थी 20 लाख रुपिया आलवा नी हामी करि से ।
244,और इसके लिए आवश्यक skill development उस पर भी हमने बल दिया है। और skill development में भी हमने नए model तय किए हैं।,अने इना हारू जरूरी Skill Development उपर पण जोर दे दो सें अने Skill Development मां पण हमुये नवो मोडल तय करियों से ।
572,"शिलालेख के लेखक, पुलकेशिन के दरबारी कवि रविकीर्ति, खुद को प्रसिद्ध संस्कृत कवि भास और कालिदास के बराबर बताते हैं।",भाटा नी ऊपर लख नारो पुलिकेशन नो घेर या रे नारो कवि रविकीर्ति खुद ने जाणियो मानियो संस्कृत कवि भास अने कालिदास नी बराबरी वताड़े से।
181,"शिवाजी द्वारा विशेष रूप से ऐसा न करने की चेतावनियों के बावजूद, प्रतापराव ने बहलोल खान को रिहा कर दिया, जिसके बाद बहलोल खान ने एक बार फिर आक्रमण करने की तैयारी शुरू कर दी।",शिवाजी हाते खास रूप मा ऐवु न करवानी धमकी बावजूद प्रताप राव ने बहलोल खान ने एक वार फेर लड़ाई नी तैयारी कर नाखी से
490,ऐसा माना जाता है कि जगमंदिर के पच्चीकारी के कार्य ने उन्हें आगरा के ताजमहल में पच्चीकारी कार्य का उपयोग करने के लिए प्रेरित किया।,‌ऐवु‌ मानियु जाय है कि जगमंदिर नाकाचीकारी ना कार्य नीतिनी आसारा नातामह मा पच्चीवादी कार्य ना उपयोग करना हारू प्रेरित करियु।
346,ग्रीको-रोमन लेखक प्लूटार्क ने सिकंदर की जीवनी में कहा कि नंद राजा इतना अलोकप्रिय था कि सिकंदर ने कोशिश की होती तो वह आसानी से भारत को जीत सकता था।,ग्रीको -रोमन मा लिखनारो प्लूटार्क नी सिकंदर नी जीवनी मा के दू कि नंद राजो एतरो अलोकप्रिय हतो कि सिकंदरी कोशित करतो ते त्यों आराम वो भारत नी जीती सकतो |
200,ये विश्‍वास लंबे कालखंड के परिश्रम की पैदावार है और इसलिए देश का सामान्‍य मानवीय याद करता है।,यो भरोहो लाबा टेम नां मेनत नों ऊगाडेंलों से अनें इनांहारूं देह नां हुदां मनखुं हमकाणं राखें से।
495,देश गर्व करता है आज जब fintech की सफलताओं को लेकर पूरा विश्व भारत से कुछ सीखना समझना चाहता है। तब हमार गर्व और बढ़ जाता है।,"देह गर्व करें से आज जेर Fintech नीं सफलताओं नें लीन पुरों भारत कईं सीकवा हमजाड़वा जोवे से, तेर हमारा गर्व गढी जाये से।"
577,"बैंकिंग क्षेत्र में जो reform हुआ। आप सोचिए– बैंकिंग क्षेत्र का क्या हाल था, ना विकास होता था, ना विस्तार होता था, ना विश्वास बढ़ता था।","बैंकुं नां ईलाका मां ज्‍यों Reform थायों, तमुं होसो- बैंकिग ईलाका नों हु हाल हतो, ना विकास हतो, विस्‍तार ओहे, नां भरोहो बढहें।"
502,"देश में लोकसभा चुनाव का माहौल है, और जैसा कि पिछली बार हुआ था, संभावना है कि मार्च के महीने में आचार-संहिता लागू हो जाएगी।","देश मां लोकसभा सुणांव नो माहोल से। अन जेवूं कि पासली वखत थायू हतुं, ऐवुंस लागे से कि मार्च नां मईनां मां आचार संहिता थाई सकें।"
68,"खिलौने हमारे एक्‍सपोर्ट होने शुरू हुए हैं। कोई एक जमाना था, हम मोबाइल फोन इम्‍पोर्ट करते थे, आज मोबाइल फोन के Manufacturing का Ecosystem बना है,","खिलौना ना अमारा बिजा देश मां ,जावा लागी ग्‍या,कई एक जमानों हतो, हमू मोबाईल फोन लावता ता ,आज मोबाइ्रल फोन नू बणावेनू टेकनोलाजी बणायु से।"
318,"अलाउद्दीन के प्रशासन ने दिल्ली में विद्रोहियों के परिवारों को क्रूर सजा दी, जिसमें माताओं के सामने उनके बच्चों की हत्या भी की गई थी।",अलाउद्दीन ना प्रशासन ना दल्ली मा बजावाला ना घेरवाला ने घणी मोटी सजा आली जिनामा आया हगुणे हामे इनामी चोरा चोरियों ने मारी नाख्या से।
174,"कुछ समय पहले एक युवा ने सुझाव दिया था कि ‘मन की बात’ के अब तक के एपिसोड से छोटे-छोटे वीडियो, YouTube shorts के रूप में शेयर किए जाने चाहिए।","कइंक टेम पेहलां एक जुवान्यिां ये एक हमकांण मोकली हती, एपिसोड ना नाना एपिसोड यूट्यूब मां नाखवां जोवे।"
556,"भारत ने जी-20 को ऑर्गेनाइज किया, हिन्दुस्तान के अनेक शहरों में ऑर्गेनाइज किया।",भारज यी जी-20 ने ऑर्गेनाइज करयू हिन्‍दुस्‍तान ना कई सहरों मां आर्गेनाईज करयु।
504,"और जब देश के हर नागरिक उस सपने को पूरा करने के लिए जनभागीदारी करने के लिए, जनआंदोलन बनाने के लिए आगे आता है।","अनें जेर देह नां हर लोकुं तिनां हमणां नें पूरों करवा हारूं जनभागीदारी करवा हारूं, जनआंदोलन बणांवा हारूं अगाडी बढी रियां से।"
199,"जिन इलाकों को नहीं देखता था, जिन गांवों को नहीं देखता था।","तिहुनीइलाका आडी कईनोक भाळतो नकी हतो, तिहुना गामुने दी भाळता हता"
156,"लेकिन उसके सपने को किसी ने तवज्जों नहीं दी, उसकी आशा, आकांक्षाओं, अपेक्षाओं को तवज्जो नहीं दी गई।","पुनें तिनानें हपनों नें कईंनाईं तवज्‍जों नी आली, तिनीं आशा, आकांक्षाओं, अपेक्षाओं, को तवज्‍जो नीं आली।"
326,"उन्होंने 27 की औसत से 108 रन बनाए, जिसमें बॉम्बे के वानखेड़े मैदान में पहले टेस्ट की मेजबानी करने वाले लांस गिब्स द्वारा फेंके गए 86 रन शामिल थे।",तिनाहे 27 नी औसत ही 108 रन बणाया जिनमा बम्बई ना वानखेड़े मैदान मा पेलखा टेस्ट नी खातिरदारी करवा वाला लांस गिब्स ही फेकेला 86 रन मेला हेता |
336,"लेकिन फिर भी मैं देशवासियों को कहना चाहता हूं, चुनौतियां कितनी ही क्‍यों न हों, चुनौती को चुनौती देना, ये हिन्‍दुस्‍तान की फितरत में है।","पण फेर पण हू देशवासियों ने केवा मांगू से , परेशानियां केतरी पण किम नी होय पेरशानी ने परेशान करवू, यो हिन्‍दुस्‍तान नी आदत मा से।"
478,"ऐसे लोग भारत के हर हिस्से में मिल जाएंगे, और उनमें से बड़ी संख्या उन लोगों की है जो भाषा के क्षेत्र में काम कर रहे हैं।","ऐवां लोकुं भारत नां बिजा भाग मां मळी जाहीं, अन तिहुंयें थी मोटो ऑकड़ा से की ती आपडी भाषा उपर काम करी रियां से।"
363,"कई लोगों ने सुझाव दिया कि देश में स्‍थानीय स्‍वराज की संस्‍थाओं से लेकर के अनेक इकाइयां हैं, उन सबमें गर्वनेंस के रिफॉर्म्स की बहुत जरुरत है।","घणां लोकुं नें रॉय आली कि देह मां स्‍थानीय स्‍वराज नीं संस्‍थाओं थी लीन घणां इकाईयों से, तिनां सबमां गर्वनेंस नां रिफॉर्म्‍स नी अनड़ जरूरी से।"
105,बंबई उच्च न्यायालय में वकालत करने के दौरान उन्होंने अछूतों की शिक्षा को बढ़ावा देने और उनका उत्थान करने का प्रयास किया।,बंबई मोटी अदालत मा वकालत करवा नी वखते तिनोहे अछूतों नी भणतर ने बढावा देवा अने तिनाना विकास करवा नी कोशिश करी |
524,मेरे देश के नौजवानों को अवसर देने के लिए और green jobs के लिए एक बहुत बड़े क्षेत्र को बढ़ावा दे रहे हैं।,म्‍हारा देश ना जवानों ने मौका आलवा हारू अने ग्रीन जोब्‍स हारू एक मोटा क्षेत्र ने बढावों आली रया से।
76,भारत ने लगभग 70 प्रतिशत क्षेत्र पर फिर से कब्जा कर लिया था।,भारत ने लगभग सत्तर प्रतिसत गजा पर फेर हु कब्जो कर लड़ो थो |
415,"जब तेंदुलकर ने 1996 में कप्तान के रूप में पदभार संभाला, तो उनसे बड़ी आशाएं और उम्मीदें थीं।",जेर तेंदुलकर ने 1996 मा कप्तान ना रूप मा पद नु काम हमाली ने इनाथी मोटी आश अने आह हती |
