Hindi,Gondi
"एक हास्य कलाकार, अपनी बातों से, हर किसी को हंसने के लिए मजबूर कर देता है।","वर्रोर कविहवाला जेलकार, आपुनांग पल्लो, ने सपय कुन कवला काजे मजबुर कितुर।"
देश के अलग-अलग हिस्सों में इस तरह के कई प्रयास जारी हैं।,बुम ते कोटुह-कोटुह ने इदाम ना कोसित चालू मन्ता।
भारतीय समुद्र पार की यात्रा रोमांच के साथ ज्ञान का भी माध्यम है।,भारतीय समुन्द पार कीयाना यात्रा कूबैय गिर्रदा त संग-संग ज्ञान त गेला मावा जरिया आन्द।
मैं भाई जगदीश त्रिवेदी जी को उनके सामाजिक कार्यों के लिए बहुत-बहुत शुभकामनाएं देता हूँ।,"नना, तमोर्र जगदीश त्रिवेदी जीन ओनंग बुमकाल बूतोना बाटा कुबैय-कुबैय आसिद हिययतोना।"
समुद्र की सुंदरता हर पल बदलती है।,समुन्द त सोबा गड़ी-गड़ी बदले मान्ता।
"आलसीराम का एक ही मंत्र है: ""आलस्य में सुख है""।",आलसीराम न उन्द गुन आन्द असादी ते सुख मता।
"जिससे मरीजों का जीवन आसान बनेगा, उनकी परेशानी कुछ कम होगी।",अदेनाय गिरहोलरा जीनगी सरेल बने मायर ओना दुख उच्चुय कमी आयर।
आपका बहुत-बहुत धन्यवाद।,नीकुन वेल्लेय-वेल्लेय सेवामान।
इसमें बड़े-बड़े अनुभवी कलाकार भी हैं।,इप्पे बेरहोर-बेरहोर पुन्दलेर जेलकारलोर गला मंतोर।
नदियों का जल घरेलू उपयोग में भी आता है।,बेरेल त एर्ट लोता उपयोग ते गल्ला वायता।
ये संस्था आंध्र प्रदेश के श्रीकाकुलम में है और इसका नाम है ‘बेलजीपुरम यूथ क्लब’।,इद संस्था आन्ध्र्र प्रदेश ता श्री काकु लम ते मन्ता अन इदेना पोरोय मन्ता बेलजी पुरम यूथ क्लब।
दरअसल इसके पीछे भी एक दिलचस्प वाकया है।,असलीते इदेना पर्के गला उन्द सोबले पल्लो मंता।
आलसीराम कभी-कभी सोचता है कि यह आलसीपन ठीक नहीं है।,आलसीराम बेसके बेसके सोचे कीन्दूर आन ओर असदपन ठीक आयो।
हिमालय की ऊँचाइयाँ अपार प्राकृतिक सौंदर्य प्रस्तुत करती हैं।,हिमालय त उच्चाई कुबैय पुटले त सोबा तुन वेहला कियायता।
मैं ज्यादा से ज्यादा सुझावों को 15 अगस्त के सम्बोधन में cover करने की कोशिश करूंगा।,ननना कुबैय-कुबैय सलाहीनुंग 15 अगस्त ते वेहनाते बवअमत कियना ता कोसित कियका।
भारतीय पर्वत श्रृंखला में हिमालय सबसे ऊंची और विशाल पर्वत है।,भारतीय मेटा लाईन ते हिमालय सबले अन बेरहा मेटा आन्द।
समुद्र में चंद्रमा की रोशनी में सफर करना जादुई होता है।,समुन्द ते लेन्लेंज त वेहच ते सफर कीयाना जादू लेहका आन्द।
तो आप भी ऐसे उदाहरणों को ज़्यादा से ज़्यादा मेरे साथ शेयर करें।,ते निम्मा गला इदानंग उदाहरणी नूंग जादा से जादा नावा संग वड़ वेहा।
"ऐसे में, तीन दिन पहले जब देश ने पद्म पुरस्कारों का ऐलान किया है, तो ‘मन की बात’ में ऐसे लोगों की चर्चा स्वाभाविक है।",इदमे मुंद दियांग मुन्ने इद देश ते पद्मा पुरस्कारी नुंग वेहतुर तो (मन की बात) गोक ता पोल्लो दे इदमना मानेयलोरा बाटा वड़कना जरूरी आंद।
वाटर स्पोर्ट्स का अनुभव करना भी मज़ेदार होता है।,वाटर स्पोटर््स त पुन्दाना गेला मजेदार आन्ता।
इसमें भी सामुदायिक प्रयासों से बड़ी सफलता मिल रही है।,इप्पेडे गला सबजिन कोसित ते गला वलेय सफलता पुटयता।
इन्होंने आदि जनजाति की पारंपरिक चिकित्सा प्रणाली को पुनर्जीवित करने के लिए काफी काम किया है।,इद तयहातह मनवालोर मानैय ता पुरकाता ईलाज कियना तरीका तुन पेर जीवेह कीला काजे कुबैय बूतो कीता।
2024 अब कुछ ही घंटे दूर है।,दो हजार चौबिस इदेक उचुके घंटंग लेक मंता।
मनोहर और सुरम्य दृश्य नदियों के साथ जुड़े होते हैं।,सोबले अन सोबाय हुड़ाना बेरेह न संग जोड़े मायतंग।
समुद्र तट पर चलना और ताजगी भरा हवा लेना सुकून देता है।,समुन्द ओदा-ओदा दायना अन ताजा-ताजा वेड़ एताना सुकून लेहका आन्ता।
इन inspiring लोगों की जीवन-यात्रा के बारे में जानने को लेकर देश-भर में बहुत उत्सुकता दिखी है।,इव पदेचपतपदह मानैयता जीमगी चलेह कीयाना त बारे ते पुन्दाना तुन देश मेटै कूबैय गिरदा दिशता।
समय नियोजन की मदद से हम तनाव को कम कर सकते हैं और अपनी उत्पादकता बढ़ा सकते हैं।,टेम तैयार कीयाना संग ता माटलोर बोझा ता कम कीनतोर अन अपनी पैदा कियाना तून बेड़सहना कीत।
"आपने देखा होगा, बीते कुछ दिनों में श्री राम और अयोध्या को लेकर कई सारे नए गीत, नए भजन, बनाये गए हैं।","निम्मट हूड़तोरीट होही, हंदलेंग हुचुक दियाने श्री राम अन अयोध्या ता बारे ते कयोटड़ पूनंग पाटंग, पूनंगभजनिंग पंडलेंग आतंग।"
उन्हें सामाजिक कार्यों के लिए भी कई पुरस्कारों से सम्मानित किया जा चुका है।,ओन बुमकाल बूतोना बाटा गला कयोरड़ इनाम तंग सीना ने मानगून कीले आता।
वह चाहता है कि सब कुछ अपने आप हो जाए।,ओना इन्दाना आन्दता सब काम अपने आप आयार।
"कुछ संगठन, लोगों को, अंगदान के लिए जागरूक कर रहे हैं,",उचूक सल्ला तंग गुंदा मानैय लोर मेंदूर हिलाय कर्रहायतोर।
लोग इस यात्रा को अपने परिवार और दोस्तों के साथ साझा करते हैं।,मानेय इद यात्रा ते आपूना परिवार अन गोतियाकन संग लेन-देन कीयाना।
‘मन की बात’ में आज बस इतना ही।,‘‘गोक ता पोल्लो’’ते नेंड मातरा इच्चोय।
‘मन की बात’ की एक और उपलब्धि यह है कि इसने रेडियो को घर-घर में और लोकप्रिय बना दिया है।,गोका पोल्लो’’ दा उन्दपेर उपलब्धि आंद कि वेर रेडियों नुंग लोहक-लोहक ने मानेयतुन लोकप्रिय पकले आटा।
समुद्र सामग्री के लिए स्थानीय बाजारों का भ्रमण किया जा सकता है।,समुन्द सामान त बाटा स्तानीय हाटूम ते वेलीना आया पर्रता।
अमरेली में आयोजित ‘जल उत्सव’ के दौरान ‘जल संरक्षण’ और झीलों के संरक्षण पर लोगों में जागरूकता बढ़ाने के प्रयास किए गए।,अमरेलर ता रच्चा ते जल उत्सव ता बेरा (जल) एर्र गुडहाना अन जलका नुंग पीसहाना जनता तुन चेतेह कीयाना ता उपाय कीतुर।
इनमें से ज़्यादातर महिलाएँ आज अपना कोई न कोई काम खुद कर रही हैं।,इपेडे बेल्ले आस्का नेन्ड आयुना बदेन बदे बूतो अपुहके कीन्तंग।
यह शिक्षा]कार्य]और व्यक्तिगत जीवन में संतुलन स्थापित करने में सहायक होता है।,इधर शिक्षा काम अन पोगरी जिनगी ते उन्द रूप जोड़े कियाना ते काम आन्ता।
"उसमें दिखाया गया कि कैसे नारीशक्ति जल-थल-नभ, Cyber और Space, हर क्षेत्र में देश की सुरक्षा कर रही है।",अपेडे तोहतुर कि मुयवहना लाव एर्र नेल बुम कप्यूटर नेटवर्क अन जोजोन तंग सपय हरिने देश तुन ओड कीस के पयतंग।
2024 का ये पहला ‘मन की बात’का कार्यक्रम है।,2024 ता इद पहली गोक ता पोल्लो कार्यक्रम आंन्द।
भारतीय पर्वत श्रृंखला में अनेक नदियाँ उत्पन्न होती हैं।,भारतीय मेटाक न लाईन ते कुबैय बेरेहक उपजे मायतंग।
"जबर्रा ईको ट्ररिज्म लम्बी पैदल यात्रा, ट्रेकिग, नेचर ट्रेल वॉक के लिए एक उभरता हुआ पर्यटन स्थल है।",जबर्रा ईको टूरिज्म लाटींग ताकसोर दायना टेªकिंग नेचर ट्रेल वॉक ता उन्द उभरे मायले सोबाय हूड़ना डेरा मंता।
भारतीय पर्वत श्रृंखला में कई राष्ट्रीय उद्यान हैं।,भारतीय मेटाक न लाईन ते कुबैय राष्ट्रीय उद्यान मंता।
आलसीराम का पूरा दिन सोते-सोते गुजरता है।,आलसीराम ना पूरा दिया हुसकड़-हुसकड़ ते बीतेमान्द।
समुद्र की लहरों में खेलना बच्चों के लिए खास होता है।,समुन्द त लहर ते कर्रसमा पीलाना बाटा खास मन्ता।
"जब किसी लक्ष्य के लिए सामूहिक प्रयास होते हैं, तो सफलता का स्तर भी ऊँचा होता है।",बैसकेय बोदे निशान तुन मिलेमास कोसित आंता तब सफलता ता मान गला वेलम ऊंच आंता।
सही समय पर निर्णय लेने की क्षमता विकसित होती है।,सही टेम ते फैसला कीयाना लाव बेड़सहना आन्द।
"अभी कुछ दिन पहले स्वच्छता के लिए प्रसिद्ध, इंदौर में, एक शानदार कार्यक्रम हुआ।",इदेक उच्चुक दिया मुन्ने स्वच्छता ता बाटा नामजागी इंदौर ते उन्द जोरदार जलसा आत।एर।
इस यात्रा में खुद को नई चुनौतियों का सामना करने के लिए तैयार करना चाहिए।,इद यात्रा ते आअपूना पुना मुस्कुहा काम तून मुकाबला कीयाना बाट समरे मास मन्दाना।
कुछ गीतों और भजनों को तो मैंने भी अपने social media पर share किया है।,उचुक पाटंग अन भजनिनुंग तो नना गला आपुना ेवबपंस मीडिया ते हालिहतोना।
"यहाँ, ‘मन की बात’ के अब तक के सभी episode सुने जा सकते हैं।",इगा ‘‘गोक ता पोल्लो ’’ अन इदेक अवनह सपोय मचपेवकम केंजला पर्रतोरीट।
ये संगठन bio productsको तैयार करने में इन महिलाओं की मदद करता है।,इद गुन्दा जैविक उपजे माले जोंग तुन कीलाह इस मुयतह कु संग हियता।
"22 जनवरी की शाम को पूरे देश ने रामज्योति जलाई, दिवाली मनाई।",22 जनवरी ता नुलपेह पहर कुडुहने देश लोर राम डीया पोतिह तूर डीवाड़ मानेमातूर।
"इस बार भी ऐसे अनेकों देशवासियों को पद्म सम्मान दिया गया है, जिन्होंने, जमीन से जुड़कर समाज में बड़े-बड़े बदलाव लाने का काम किया है।",इद बेरा गला इदामे बचोक अन बचोक देश ते जनवा लोर कुन पद्य सम्मान हितोर वेर्क जागा तह जोड़े मास भूमकाल ते बेरहा-बेरहा कियाना ता बुतो कीतोर।
तो उसके बाद उनके कार्यक्रमों से होने वाली आय को वो घर नहीं ले जाएंगे बल्कि समाज पर खर्च करेंगे।,तो ओना पर्के ओनांग कार्यकरमींग न धन वायर अदेन लोन ओयोर आयनुर अदेन कुटुम तह् बाटा करचा कियानुर।
"इससे पता चलता है कि पद्म सम्मान की प्रतिष्ठा, उसकी विश्वसनीयता, उसके प्रति सम्मान, हर वर्ष बढ़ता जा रहा है।",इपेडे पता पुटायता की पद्य सम्मान ता वरसून बड़सोर दान्ता।
"ये संकलन, भावों का, भक्ति का, ऐसा प्रवाह बनेगा जिसमें हर कोई राम-मय हो जाएगा।","इव गूदिहलेंग, बिचारिनुंग, माड़ाना, ना इदम पोंगनप हालानुंग, अप्पे बोरे गला रामनंग पाटामे रमे मायनुर।"
"प्राकृत, मालवी और लम्बाडी भाषा में बहुत ही शानदार काम करने वालों को भी ये सम्मान दिया गया है।",प्राकृत मालवी अन लम्बाड़ी लबेज ते कुबैय बेस बूतो केवालोर कून गला इद मान हिले आता।
कई लोग इस यात्रा को अपने जीवन का सबसे बड़ा अनुभव मानते हैं।,कूबैय मानेय इद यात्रा ते आपूना जीवन त कूबैय बेहा अनुभव माने मान्तोर।
भारतीय पर्वत श्रृंखला में कई जातीय समूह रहते हैं।,भारतीय मेटा त लाईन ते कुबैय जाति समूह मंताग।
नदियों पर बने पुलों ने यातायात को सुगम बनाया है।,बेरेह ने बने मातेग पुल ते दायना वायना सरल पंडले आता।
इस coding की मदद से अब सभी डॉक्टर prescription या अपनी पर्ची पर एक जैसी भाषा लिखेंगे।,इदे रोचे किया ना मदेद ते इदेक सबोय डॉक्टेर चतमेबतपचजपवद अन आपुना कागेत ने उन्द लेहका भाव कोटिर।
आप इस साल भी मुझे अपने सुझाव जरूर भेजिए। आप MyGov या NaMo App पर भी अपने सुझाव भेज सकते हैं।,निम्मा इद वरसा गला नाकुन आपुना सलाह जरूर लोहकी।निम्मा डलळवअ न छंडव ।चच ते गला अपुना सलाह लोह पर्रतोन।
लेकिन पहले उसे खुद को motivateकरना होगा।,मति पहली ओन खुद ता उवजपअंजम कियना आन्द।
"महिला बैंड का मार्च देखकर, उनका जबरदस्त तालमेल देखकर, देश-विदेश में लोग झूम उठे।",मुयतहना वाजा ता सर्रपड़ डाकंग हूड़स अवेहना बरपेला सूल हूड़स देश परेदश तोर मानेय गिर्रदा आतुर।
समुद्री जीवन के अध्ययन के लिए यह यात्रा उपयुक्त है।,समुन्दी जीवन ते गोक कीयाना त बाटा इद यात्रा उचित आन्द।
"जब शाम के समय सूर्य जल में डूबता है, तो आसमान रंग-बिरंगा हो जाता है।",नूलपेह पहर बेरा ते पोडद एर्र ते मूड़दन्ता ताना पेरके बूम कूबैय रंगीने ओहनह आन्ता।
"आप सभी स्वस्थ रहें, fit रहें, खूब आनंद से रहें – मेरी यही प्रार्थना है।","निम्मट सपय जन बेने मेंट, फिट मंट, गिर्रदा ते मंट - नावा इचोय गोहार आंद।"
जलीय जीवों का अवलोकन इस यात्रा का एक महत्वपूर्ण हिस्सा होता है।,एर्र ते मन्दलेंग सपोय जीवांग न हूड़तेक इद यात्रा त उंद कूबैय बेरहा बाटा आन्द।
हर कोई एक लक्ष्य को पूरा करने के लिए ही जन्म लेता है।,बोर गला उन्दीय खुतुर तुन कियाला जनुम एतान्तोर।
"लेकिन वो भीतर, कितनी संवेदनाओं को जीता है,","मति ओर आपुना गोक ते, बोचोक अड़येन दुकिने जिये मायतोर।"
जिनमें से कई पुस्तकों को सम्मान भी मिला है।,अवेहने कयोटड़ कागेतिने नामजागी मानगून गला पुट्टता।
"जिन्होंने, अपने करीबियों की आखिरी इच्छा का सम्मान किया।",ओरलोर आपुना अवलेर कुन आकिरी बिचार तुन एतितूर।
भारतीय समुद्र की यात्रा में साहसिकता और रोमांच का अनुभव होता है।,भारतीय समुंद त यात्रा ते हिम्मत अन कुबैय गिर्रदा ता पुन्दानांह आन्ता।
नदियों का गंदा पानी मानव स्वास्थ्य के लिए हानिकारक है।,बेरेह न कलीगले एर्ट मानेय बने मनदाना त बाटा कतरा आन्द।
"मेरे प्यारे देशवासियों, इस बार 26 जनवरी की परेड बहुत ही अद्भुत रही,",मावा लाडार्रा लोरिट देश ते मनवालोर इद बेरा 26 जनवरी ता परेड कुबैय जोरदार मता।
"कि आयुष मंत्रालय ने आयुर्वेद, सिद्ध और यूनानी चिकित्सा से जुड़े डेटा और शब्दावली का वर्गीकरण किया है,",कि आयुष मंत्रालेय ने दवाहिड़ पण्डले अन यूनाकी चिकित्सा ते जोड़े गुम्मा अन टपींग तुन ऐर्रिह चियान्तोर।
स्वास्थ्य के लिए शुद्ध नदी पानी का सेवन करना चाहिए।,बने मन्दाला बांटा शुद्ध बेटे त एर्ट दुन उन्दाना आयी।
गंगा नदी को स्वच्छ रखने के लिए कई परियोजनाएँ चलाए जा रहे हैं।,गंगा बेरेल दुन सफाई इर्रला बाटा परियोजनाग चलाह कियायतोर।
"मैं उन परिवारों की भी सराहना करूंगा,",नना अद गुंदा मेटज्ञेर कुन गला महरह किययका।
भारतीय समुद्र पार की यात्रा विभिन्न गतिविधियों से भरी होती है।,भारतीय समुन्द पार कीयाना यात्रा वेगरोय वेगरोय गतिविधि ते नीन्दस मन्ता।
आपको ये जानकर हैरानी होगी कि उनके पास PhD की तीन डिग्रियां भी हैं।,मीकुन इदम पुंज कवे मानह आयर कि ओनगा च्भ्क् तंग मूंड डिग्रिंग गला मंतंग।
ट्रिप के दौरान कैमरा साथ रखना न भूलें।,ट्रिप त बेरा कैमरा संगेय इर्रना तेन मर्रिंगना आयो।
इसने कई शौचालयों के निर्माण में भी मदद की है।,वेर कई शौचालयी नूंग पण्डानाता गला संग हितुर।
"अगली बार फिर मिलेंगे, देश की नई उपलब्धियों के साथ, जनभागीदारी के नए प्रयासों के साथ, आप, ‘मन की बात’ के लिए अपने सुझाव जरूर भेजते रहें।","मुन्ने बेरा पेर मीलेमायकट, देश तंग पूना पुटलेंग संग सपयतंग पूना कोसित ता संग निम्मा गोक ता पोल्लो द बाटा निम्मा सलाह जरूर लोहचोर मन्न।"
हिमालय एक महत्वपूर्ण पारिस्थितिकी तंत्र है।,हिमालय उन्द जरूरी पारिस्थितिकी तंत्र आन्द।
मैं आप सभी के साथ लद्दाख का एक प्रेरक उदाहरण साझा करना चाहता हूँ।,नन्ना मिया सपोरता संग लद्दाखी ता उम्द प्रेरकता उदाहरण मुनके तताला चाहेमातोन हो ही।
प्रदूषित नदियाँ रोगों का कारण बन सकती हैं।,कलीगले बेरेह रोग त कारेण बने माया परीयतंग।
नदियों में जल राशियों की गुणवत्ता की निगरानी रखी जानी चाहिए।,बेरेह ने एर्र राशी न बने तुत हुड़स इर्राना आन्द।
देखते-देखते 2023 अपने समापन की ओर बढ़ रहा है।,हुड़सोर-हुड़सोर 2023 आपुना माराना तिक्के दान्ता।
Research बढ़ने और कई वैज्ञानिकों के साथ-साथ जुड़ने से ये चिकित्सा पद्धति और बेहतर परिणाम देंगे और लोगों का इनके प्रति झुकाव बढ़ेगा।,पड़कना बेड़सिहला अन कुबैय पड़कवालोर कुन संगे -संगे मिले मायले ते मत् नीत अन बेस आसिद हियानूर अन मानेय स ऐना इताते नियाकेय खातिर बेड़सानुर।
इसी तरह इस बार छत्तीसगढ़ के हेमचंद मांझी उनको भी पद्म सम्मान मिला है।,रहमे इद बेरा छत्तीसगढ़ राज तोर हेमचंद मांझीन गला पद्मश्री सम्मान पुट्ता।
नदियों का जल चक्र पर्यावरण संतुलन में महत्वपूर्ण भूमिका निभाता है।,बेरेह न एर्ट चक्र पर्यावरण बिगड़े मायना जरूरी भूमिका निबेह कियाता।
समुद्र की गहराईयों में यात्रा करना रोमांचकारी होता है।,समुन्द त अडी तह गेला यात्रा कीयाना कूबैय सोबाय आन्ता।
लहरों का संगीत मन को मोह लेता है।,लहरांग न पाटांग मन तून मोहे कीतांग।
कई लोग समुद्र के गहराइयों में गोताखोरी करने का आनंद लेते हैं।,कूबैय मानेय समुन्द त अडीह तह गोता कोरी केवालोर बेसे गीरदा आस मन्तोर।
भारतीय नदियाँ भौगोलिक पहचान का एक महत्वपूर्ण हिस्सा हैं।,भारतीय बेरेह भौगोलिक सीनाह त उन्द जरूरी हिस्सा आन्द।
लेकिन अब डिजिटल इंडिया के इस दौर में इनके बनाए उत्पाद देश और दुनिया के अलग-अलग बाज़ारों में पहुँचने लगे हैं।,ल्ेकिन इदेर डिजिटल इंडिया त इद दौर ते इवैहनंग पण्डलंेग देश अन दुनिया तंग अलग अलग हाटूूह ने अवला आतंग।
"मेरे साथियो, जब आयुष चिकित्सा पद्धति की बात कर रहा हूँ,",नावा गोतियालोरिट इदेक आयुष चिकित्सा पद्यति ता पोल्लो वड़कयतोना।
हिमालय से निकले जल स्रोतों का नदियों पर गहरा प्रभाव पड़ता है।,हिमालय तह पसियले एर्र पुटले ते बेर्रेह ने जादा दबाव पड़ार।
सोशल मीडिया और इन्टरनेट के इस दौर में भी रेडियो पूरे देश को जोड़ने का एक सशक्त माध्यम है।,सोशल मिडिया अन इन्टरनेट ता इद सेा गला रेडियो सपय देश तुन जोड़ेह कियाना उन्द हर्र आंद।
"आलसीराम अपने दोस्तों के साथ मजेदार बातें करता है, लेकिन खुद पर कभी नहीं।","आलसीराम अपूना संगवारी लोर संग अच्छा, पोल्लोंग वड़कान तोर मति खुद ओना बेसके हिले।"
इस कार्यक्रम के एक एपिसोड से प्रेरित होकर उन्होंने केले से जैविक खाद बनाने का काम शुरू किया।,इद्द जलसा ता उंद एपिसोड तह प्रेरित आस ओर केडिं़ग तह जैविक खत्तु पंडाना ता मुड़ कीतुर।
उसके आलस्य के कारण कई बार उसे नुकसान उठाना पड़ता है।,ओनाअसादी त काजे कई बेराग ओना घाटा तेहाना पड़नता।
नाव की गति अनुभव करने का मौका मिलता है।,डोंगा त गति त पुन्दाना ता बाटा माकून मोका पुटांता।
भारतीय समुद्र में अनेक द्वीप हैं जो यात्रा का प्रमुख आकर्षण बनते हैं।,भारतीय समुन्द ते कूबैय द्वीप मन्तांग अव यात्रा त मुक हूड़ वेसनाहक आन्ता।
श्रृंगी ऋषि आश्रम धमतरी जिला मुख्यालय 75 कि.मी. दूर है।,श्रृगी ऋषि आश्रम धमतेरी जिला मुख्यालय 75 किलो.मी. (15 कोस)लेंका मंता।
"इन चिकित्सा पद्धतियों में बीमारी के नाम, इलाज और दवाइयों के लिए एक जैसी भाषा का इस्तेमाल नहीं होता है।",इदे डॉक्टेर हिसाब ते गिरहो त पोरोय ऊहकाना अन दवाहिडत्र त बांटा उन्दलेहका लबेज ते केवोर आंन्तोर।
हिमालय में बौद्ध संस्कृति का प्रभाव देखा जा सकता है।,हिमालय में बौद्ध रीति-रिवाज त दबाव हुड़ला पुटायता।
नदियों के किनारे विविध प्रकार की वनस्पति पाई जाती है।,बेरेहन ओदा अलग-अलग किसम तंग मरीक-गुलांग पुटायतंग।
लद्दाखी पश्मीना 'लूम्स ऑफ लद्दाख' के नाम से दुनिया भर के बाज़ारों में पहुँच रहा है।,लद्दाखी पश्मीना ‘‘लूम्स ऑफ लद्दाख’’ त पोरोय दुनिया मेटांग हाटून ने अवला आतंग।
नदियों का इतिहास संस्कृति और सभ्यता का हिस्सा है।,बेरेह त इतिहास-रीती-रिवाज अन बने त हिस्सा आन्द।
और मुझे हमेशा काशी की देवदीपावली देखने का मन करता है।,अन नाकुन जरमे काशी ता पेन डीवड़ हुड़ना ता गोक आयता।
मैं भी उन्हें आप तक पहुँचाने की पूरी कोशिश करूँगा।,नना भी ओन नियागा अविहनाता पूरा कोसित कियाका।
"प्रभु राम का शासन, हमारे संविधान निर्माताओं के लिए भी प्रेरणा का स्त्रोत था और इसलिए 22 जनवरी को अयोध्या में मैंने ‘देव से देश’ की बात की थी, ‘राम से राष्ट्र’ की बात की थी।","बगवान राम न बेरा ते मावोर संविधान पण्डवालोर गोक तुन सतेह कीयाना बूो कीता (प्रेरणा) अन अदेना कग्गो 22 जनवरी (पूस) महीना ते अयोध्या ते नना, देवक ना सुदा देश ता पोल्लो बड़कतान बगवान राम ना सुदा देश ता बारे ते पोल्लो वड़क्समतोना।"
समुद्र पार करते समय सुरक्षा का ख्याल रखना आवश्यक है।,समुन्द तह वेण्डना सेका सुरक्षा त कुबैय दीयान कीयाना जरवत आन्ता।
वह हमेशा छुट्टियों में लेटे रहना चाहता है।,ओर रोजाय छुट्टी ते गुड्स मन्दाना बिचार वानता।
"DRDO ने जो झांकी निकाली, उसने भी सभी का ध्यान खींचा।",क्त्क्व् अद तोहानंग ओर गला सपय मानैय ता गो तुन पिड़ंतगतुर।
"और हर बार की तरह, आप और मैं भी सोच रहे होंगे कि देखो...ये साल कितनी जल्दी बीत गया।",इन हर बेरा ता लेहका निम्मा अन नन्ना गता सोचे कीति अन हुड़ा ............इद्द वरसा बच्चो सांड़े बीते मात।
नदियों के जल का सही प्रबंधन आवश्यक है।,बेरेह त एर्ट तुन सतेय हुड़ाना जरूरी आन्द।
सफर के दौरान कई नए दोस्त भी बनते हैं।,दायनात सेका कूबैय पुनोर दोस्त लोर गेला बने मान्तोर।
पहले ये अपने उत्पाद सिर्फ़ वहाँ आने वाले पर्यटकों को ही बेचती थीं।,मुने इव आपुनांग पण्डलेनुंग इगा सिरिप हुड़ला वालेर कुन ही ममदूंग।
आज देश के हर गांव में कौशल विकास के लिए ऐसे ही सामूहिक प्रयासों की आवश्यकता है।,नेण्ड देषता हर नाटे कौशल विकास ता बाटा सामूहिक कोसित कियाना जरवत आंद।
कृषि के लिए सिंचाई हेतु नदियों से पानी का उपयोग किया जाता है।,कृषि त बाटा लाइकला अन बेरेहनग एर्ट तग उपयोग कियाना आयता।
"दोनों के प्रयासों से आयुर्वेद, यूनानी और सिद्ध चिकित्सा में बीमारी और इलाज से जुड़ी शब्दावली की coding कर दी गयी है।","रेण्डो न कोसित ते मत, यूनानी अन पण्डले दवा ते गिरहा अन छीले मत कुबैय टापिंग तुन रोचे किया पण्डसीतोर।"
"बदलते हुए भारत में, हर क्षेत्र में हमारी बेटियाँ, देश की महिलाएं कमाल करके दिखा रही हैं।",बदले मायले भारत ते सपय क्षेत्र ते मावांग मियाहकुन देश तंग मुयताह पोरोय कीस तोहतुंग।
"भारत की उपलब्धियां, हर भारतवासी की उपलब्धि है।","भारत तंग कमय कीलेंग, बोरे गला भारत तोर मानैय तंग पंडलंेग अविलेंग आन्दुंग।"
छत्तीसगढ़ के नारायणपुर में गरीब मरीजों की सेवा करते हुए उन्हें 5 दशक से ज्यादा का समय हो रहा है।,छत्तीसगढ़ ता नारायणपुर ते बातय हिल्वोर पर्रवोर्रकन कीसोरे ओन पचास वरसानह्कले वल्लोके दियांग आयता।
सोचिए ! 70 प्रतिशत बाघ!! – तभी तो हमारे देश के अलग-अलग हिस्सों में कई Tiger Sanctuary है।,सोचेकीम्ट! 70 प्रतिशत बुर्रकह!! अनियतो मावा देश ते अलग-अलग बाटा ने कुबैय ज्पहमत ैंदबजनंतल मन्ता।
आपको जानकर आश्चर्य होगा कि इन्हें बुनने में 15 गांवों की 450 से अधिक महिलाएं जुड़ी हुई हैं।,निम्मा पुन्दक अचोन गबरे माइकि अन अवेन कोटला 15 नाहक न 450 त वेलय आसक जोड़े मातंग।
"इसमें, विश्व स्वास्थ्य संगठन ने भी मदद की है।",इदामे विश्व स्वास्थ्य संगो ते गला मदेद कीता।
अपनी माँ के नाम पर पेड़ लगाने के इस अभियान से आप भी जरूर जुड़ें और Selfie लेकर Social Media पर भी post करें।,अपुना यायाना पोरोयते मरा उर्रसना इद अभियान ते निम्मटगला कच्चित जोड़े अन ैमसपिम माम्ट अन पिड़िंग्स ैवबपंस डमकपं ते गला लोहट।
यह हमें कार्यों को प्राथमिकता देने और समय का सही उपयोग करने की क्षमता प्रदान करता है।,ओर लोर काम ता ओड़ दे हियाना अन टेम ता सही काम कीयाना लाव हिन्दूर।
आजकल कौशल विकास का महत्व पूरे विश्व में स्वीकार किया जा रहा है।,इदार कौशल विकास ता कूषेय मान सबोय बूम ते माने मान्तोर।
देश के अनेकों लोगों ने इस दौरान राम भजन गाकर उन्हें श्रीराम के चरणों में समर्पित किया।,देश तोर कुबैय मानैय लोर इद पहर राम ना पिटो ओस कुन कुद तुन श्रीराम ना कालकने होपे किसीतूर।
इस दिन देवदीपावली भी मनाई जाती है।,इद्द दिया पेन डीवड गला माने मायतोर।
"मैं कौशल विकास के लिए इस संगठन से जुड़े सभी लोगों को बधाई देता हूं, उनकी सराहना करता हूं।",नन्ना इद कौशल विकास ता बाटा इद टोली ते जोड़े मायलेर सप्पोय कुन सेवा जोहर कियान तोना ओरा नना तारीप कियायतोना।
लेकिन फिर भी वो अपने गहरे सोने में डूब जाता है।,मति ओना भी वोना अपूना गुमिया नीद ते मुड़दीतूर।
भारत में सफेद रेत वाली नदियाँ प्राकृतिक सौंदर्य का हिस्सा हैं।,भारत ते पांडरी ततुम बिती बेरेहक पुटले न सोबा त हिस्सा आन्द।
इस जल महोत्सव का आयोजन सूरत के हीरा कारोबार में अपना नाम बनाने वाले सावजी भाई ढोलकिया के फाउंडेशन द्वारा किया गया था।,इद जल महोत्सव ता रच्चा सूरत ता हीरा करोबार ते आपुना पोरोय पन्डाना सावजी भाई ढोलकिया ना फांउडेशन ना जरयेत ते कील आत।
कई लोग समुद्री पर्यटन की योजना बनाते हैं।,कूबैय मानेय समुन्दी पर्यटन त योजना पण्डान्तोर।
विदेश के भी कई लोगों को पद्म पुरस्कार से सम्मानित किया गया है।,बहिर देश तोर गला कुबैय मानेय कुन पद्य पुरस्कार ता मान गुन किले आता।
मुझे खुशी है कि ‘मन की बात’ भारतीयों की ऐसी उपलब्धियों को उजागर करने का एक सशक्त माध्यम बन गया है।,नाकुन गिर्रदा आन्ता की ‘गोक ता पोल्लो’ भारत तोर ना इदमे उपलब्धि तुन उजागर किययना ता उंद दमकम माध्यम बन्ने मायता।
कि उसे जीवंत दस्तावेज कहा जाता है।,अदेनका इदेनांग कागेतीनुंग जीवोत इन्दाना आनता।
नदियों का अविरत प्रवाह जीवन को प्रेरणा देता है।,बेरेह न अविरत पोगाना जिल्गी तुन वेहायता।
लेकिन आलसीराम हमेशा उसी मूड में रहता है।,मति आलसीराम रोजाय ओना बुधते मन्दूर।
और इसे बताने के लिए ‘मन की बात’ से बेहतर और क्या हो सकता है?,अन इदेन वेसनाता बांटा ‘‘गोक ता पोल्लो’’ त सोबा तहक ले बातल आयला पर्रता।
उसे बर्गर और पिज़्ज़ा बहुत पसंद हैं।,ओन बर्गर अन पिज्जा कुबेय विचार मन्द।
अब इसमें लोगों के पास ख़ुद को भी Nominate करने का मौका रहता है।,इदेक इपे भूमकाल न ओदा ते आपुना छवउपदंजम कियाना ता मोका मन्ता।
यानि हमारा लोकल अब ग्लोबल हो रहा है और इसके कारण इन महिलाओं की कमाई भी बढ़ी है।,म्तलब मावा लोकल इदेक ग्लोबल बायला आता अन इदेन काम इव असकनंग कमाय बेरसला आतां।
"तो हम उस व्यक्ति को सिर्फ वो हुनर ​​ही नहीं देते, बल्कि उसे आय का एक जरिया भी प्रदान करते हैं।",ते माट ओर मानेय कुन सिरबस तरीकंगे आयो मति ओर कुन आय ता उन् जटिया हीले आता।
आलसीराम को यह सोचकर बहुत हंसी आती है।,आलसीराम न सोच ते कौवसितूर।
"इसी तरह, ‘मन की बात’ से प्रेरित होकर, अहमदाबाद के निकट तीर्थधाम प्रेरणा तीर्थ ने एक दिलचस्प प्रदर्शनी लगाई है।",ऐनय लेहका ‘’गोक ता पोल्लो’’ तह प्रेरित आस अहमदाबाद ता हेरे तीर्थ धाम प्रेरणा तीर्थ ते उन्द ठिया दिलचस्प आना हक हुड़ानांग पण्डले आतंग।
"हमें इन लोगों के बारे में पहले शायद ही कुछ देखने-सुनने को मिला है,",माकुन इव मानैय तंग बारे ते मुन्ने शायद हुड़ला के जला पुटता।
आलसीराम अपने दोस्तों से ऑनलाइन गेम खेलकर समय बिताता है।,आलसीराम अपूना संगवारी संग ऑनलाइन खेल करसन तोर समय बेकार आन्त।
"इस दौरान देश ने सामूहिकता की शक्ति देखी, जो विकसित भारत के हमारे संकल्पों का भी बहुत बड़ा आधार है।","इद बेरा देश सल्ला गुंदांग ता लाव हुड़त, इद बड़हे मायना भारत ता मावा पोल्लो हिले गला कुबैय बेरहा पैदी आद।"
"साथियो, अयोध्या में प्राण प्रतिष्ठा के अवसर ने देश के करोड़ों लोगों को मानो एक सूत्र में बांध दिया है।",गोतया लेरिट अयोध्या ते जिवा अरहाना पहर देश तोर करोड़ो मानेय लोर कुन मानेमाम कि उन्द सूतूर ते दोही चितोना।
"साथियो, मुझे इस बात की बहुत खुशी है।",सगवार नाकुन इव पोल्लो दा कुबेय गिर्दा मन्ता।
यात्रियों का उत्साह भी देखने लायक होता है।,यात्रा केवालोरा कुशी हूड़न लेहका आन्ता।
नदियों का जल जीवन के लिए अमृत के समान होता है।,बेरेह न एर्ट जिल्गी त बाटा अमृत त समान आयता।
भारतीय पर्वत श्रृंखला में पर्यटन का बड़ा योगदान है।,भारतीय मेटाक न लाईन ते वेलीय वाला कुबैय साझा कियाना आन्द।
वैद्यराज हेमचंद मांझी भी आयुष चिकित्सा पद्धति की मदद से लोगों का इलाज करते हैं।,दवंग हेवाल हेमचंद मंाझी गला पुरकाता द्वारा ता ओड़ दे मानैय कुन तीसायतोर।
इसे लेकर अब तो तरह-तरह के innovation भी होने लगे हैं।,इदेन पैय्स इदेक रंग-रंगनंग पददवअंजपवद नवाचार गला आयतंग।
हर चिकित्सक अपने तरीके से बीमारी का नाम और इलाज के तौर-तरीके लिखता है।,सबोय डॉक्टेर आपुना हिसाब ते गिरहो त पोरोय अन तिसाना त हिसाब किताब कोटान्तांग।
समय नियोजन जहां हमें भविष्य की योजना बनाने में मदद करता है]वहीं यह हमें वर्तमान में भी ध्यान केंद्रित करने की प्रेरणा देता है।,टेम तैयार कियाना संसार तोर मानेय वायना बेरा ता तरीका पण्डाना ते काम कियाना आन्द। अदे मांकून परके ते अकल केद्रित कीयाना काम आनता।
"एक और क्षेत्र है, जहां, महिलाओं ने, अपना परचम लहराया है, वो है – self help groups।",उन्द पेरे लिही मंता अगा मुयातहकु पेरे पोरोय कीतंग अद आंद ेमस िीमसच हतवनचे (स्व सहायता समूह)।
भारतीय नदियों में अक्सर परंपरागत बाजार विकसित होते हैं।,भारतीय बेरेह ने मोका ते तयहाता धारा ते हादुम बेरसायतंग।
उन्होंने एक रुपया भी अपने पास नहीं रखा।,ओर उन्द रूपयांग गला आपुनगा इर्रोर।
नदियों का जल स्तर मानसून की बारिश पर निर्भर करता है।,बेरेहक न एर्र कोहड़ा मानसून त पिर्ट द ते आया कियायता।
ये महिलाएँ जमीनी स्तर पर अपने कार्यों से समाज और देश को आगे ले जा रही हैं।,इव मुयतह्क जागा तह् आपूना बूो ते बुमकाल अन देश तुन मुन्ने ओनतंग।
"भारतीय पर्वत श्रृंखला में कई प्रमुख पर्वत शामिल हैं, जैसे कि कंचनजंगा और नंदा देवी।",भारतीय मेटा लाईन ते कुबैय मुख्य मेटाक संगेय मंतांग इदाम लेहका कंचनजंगा अन नंदा देवी।
यात्रा के दौरान प्रकृति के नजारे अद्भुत होते हैं।,यात्रा त बेरा प्रकृति त न जारे हूड़ वेसनाह लेहका आन्ता।
फोटोग्राफी के लिए धैर्य और संयम की आवश्यकता होती है।,फोटोग्राफी त बाटा धीर अन आपूना मन ते मनवाल न कूबैय जरूरत आन्ता।
भारत का संविधान इतने गहन मंथन के बाद बना है।,भारत ता संविधान तुन पकाय सोचे बिचारे कीले परके पण्डले आता।
आलसीराम को हर नई चीज़ में आलसीपन नजर आता है।,आलसीराम मीन बदे भी पुना चीज ते असादीपन नजेर आन्ता।
"Self help groups से जुड़ी निबिया बेगमपुर गाँव की महिलाएँ, गाय के गोबर, नीम की पत्तियाँ, और कई तरह के औषधीय पौधों को मिलाकर,bio fertilizer तैयार करती हैं।",स्वःसहायता समूह ते जुड़े मास निविया बेगमपुर नाटेनंग मुयतह टालिहना पड़प लीम तंग आकीनुंग अन कुबैय रंग-रंगनंग दवा पोद्देलानुंग मीलह कीस मंजल जैविक कतू जोंगा कीयतंग।
इन उद्यानों में अनगिनत वन्यजीव पाई जाती हैं।,इव उद्यानी ने लेख पर्रावह कोटुह जीवांग पुटायतंग।
"मेरे प्यारे देशवासियो, ‘मन की बात’ में हम ऐसे देशवासियों के प्रयासों को सामने लाते हैं, जो निस्वार्थ भावना के साथ समाज को, देश को, सशक्त करने का काम कर रहे हैं।",नावा लाडरा देशवासिलोरीट ’गोक ता पोल्लो’ दे माट इदमे देशमेटोरा कोसित किलेतुन मुन्ने तत्यतोराट जो दरमोती ता पोल्लो संग ते कुटुम तुन देशतुन दमकम कीलाह बूतो कियतोरट।
नदी संक्रांति उत्सव भारतीय संस्कृति में मनाया जाता है।,बेरेल संक्रांति तीहार भारतीय रीति-रिवाज ते माने मायना आयता।
दूर-दूर तक फैलते नीले पानी का दृश्य अद्भुत होता है।,लेक-लेक बिगरेह मायले नील लेहकाडा हेर्र त हूड़ना उन्द हट्टो लेहका आन्ता।
बहुत से लोग नई कविताएं भी लिख रहे हैं।,कुबैय मानैय लोर पूनंग कत्तंग गला कोट्टयतोर।
जिसका नाम है ‘हमर हाथी – हमर गोठ’।,अदेना पोरोय आंद ’हमर हाथी -हमर गोठ’।
"एक ऐसे भी हैं, जो drugs और शराब की लत की रोकथाम के लिए समाज में जागरूकता फैला रहे हैं।",उन्द इदम गला मन्ता वोर दवा अन दाड़गो ता टक्कर तुन आड़ा हियाला बूमकाल ते चेतेह कियान्तोर।
आपको ये जानकर खुशी और गर्व का अनुभव होगा कि दुनियाभर में जितने बाघ हैं उनमें से 70 प्रतिशत बाघ हमारे देश में हैं।,मीकुन इद पूंजमंजल गिर्रदा अन गवर्च ता बिचार आयर कि बुममेटे बोचोक बुर्रकह मंतंग अचोकने 70 प्रतिशत बुर्रकह मावा देश ते मंतंग।
भारतीय नदियों का उन पर निर्भर लोगों की संस्कृति पर गहरा प्रभाव पड़ता है।,भारतीय बेरेहक अवेह ने भरोसा ते मातेयक न रिवाज तुन कुबैय दबाव वायता।
ये भाई जगदीश त्रिवेदी जी के जीवन से पता चलता है।,येर तमोई जगदीश त्रिवेदी जीना जिलंगी तह पुनहयता।
नदियों का संरक्षण हमारी जिम्मेदारी है।,बेरेहकुन पीसीहला मावा जुमेदारी आन्द।
समुद्र में सफर करते हुए सूर्यास्त का नजारा निराला होता है।,समुन्द ते दायना सेका पोड़द अर्राना पहर त हुड़ाना कूबैय सोबा हियान्ता।
"बीते करीब 7 वर्षों से यहाँ रेडियो पर एक लोकप्रिय कार्यक्रम का प्रसारण हो रहा है,",बीते माले 7 वर्षा ने ईगा रडियो ता उन्द सपाय ता बिचार कीले जलसा ता प्रसारण आयता।
मैंने देश के लोगों से आग्रह किया था कि मकर संक्रांति से 22 जनवरी तक स्वच्छता का अभियान चलायाजाए।,नना देश तोर मानैय लोर कुन इनलेना कि मकरन संस्कृति तह 22 जनवरी अवनह स्वच्छता अभिमान चलेह किमट।
लेकिन फिर वह सोचकर सो गया।,मति ओर सीचे कीस हुंज हितर।
लोग उसके आलस्य को मजाक में लेते हैं।,मानेय ओना असादी ता मज्जक ते आन्द।
नदियों की स्थायी जलधाराओं का अध्ययन जरूरी है।,बेरेह न रोज एर्र पोंगाना सोये कियान्त जरूर आन्द।
गंगा की सफाई परियोजना महत्वपूर्ण है।,गंगा त सफाई परियोजना जरूरी आन्द।
वन्य जीवन फोटोग्राफी के लिए सही समय और स्थान का चयन महत्वपूर्ण होता है।,वन्य जीवांग न फोटोग्राफी त बाटा सही समय अन सही स्थान त चूने कीयाना कूबैय जरत आन्ता।
भारतीय समुद्र में स्थायी पर्यावरण के प्रति जागरूकता फैलाने की जरूरत है।,भारतीय समुन्द ते स्थायी पर्यावरण त बाटा जागरूक फैले कीयाना जरवत आन्द।
आने वाले समय में अनेक पर्व भी आ रहे हैं।,वायना दिया ते कुबैय पंडुमिंग गला वायनुंग।
पर्वत क्षेत्रों में बर्फबारी सर्दियों में देखने को मिलती है।,मेटा त क्षेत्र ते आदुरक अर्रायतंग पीन सेका हुड़ला पुटायता।
"तिरंगे को लेकर ये उल्लास, ये उमंग हमें एक दूसरे से जोड़ती है।",तिरंगा तुन पैय्स इद गिर्रदा इद उमंग माकुन हेरे-हेरे जोड़े किययतोर।
"वो कहते हैं कि ‘मन की बात’ के बाद, उनके रेडियो म्यूजियम को लेकर लोगों की उत्सुकता और बढ़ गई है।",ओर इंतोर कि गोकत पोल्लो दा परके ओना रेडियो म्यूजिक तुन पैयस मानेयतुन गिरदा कुबैया बरसता।
कुछ संस्थाएं अंगदान करने के इच्छुक लोगों का Registration कराने में मदद कर रही हैं।,उचूक संस्तांग मेदूह हियाना ता बिचार मनलेर मानैय तुन लिकह किययना ता संग हिययतोर।
"शारीरिक चुनौतियां, आर्थिक चुनौतियां, इन साहसी और talented खिलाड़ियों के आगे टिक नहीं पाईं।","मेंदुहनंग अड़चेनिंग, पैसानंग अड़चेनिंग येर दम बितोर अन सुरवाल करर््सवालोरकुन इव अड़चेनिंग सेके कीला पर्रोग आतुंग।"
नदियों का जल चक्र जीवन के लिए एक रीढ़ की हड्डी की तरह होता है।,बेरेहक न एर्ट चक्र जिल्गी त बाटा मुर्रसुदा पेड़ेका लेहका आयता।
वन्य जीवन फोटोग्राफी के लिए धैर्य और संयम की आवश्यकता होती है।,वन्य जीवांग न फोटोग्राफी त जाटा धीर अन आपूना मन ते मनवाल न जरवत आन्ता।
धमतरी जिला मुख्यालय में देवी के रूप में मां विध्यवासिनी स्वयंभू-रूप में अवतरित है जिसके दर्शन हेतु प्रतिदिन भक्तजन जाते है।,धमतरी जिला मुख्यालय ते देवती ता रूप ते मां विहयवासिनी स्वयं भू-रूप अवतरित मंता अदेना सोबय हूड़ला रोज्जा भक्ति केवालोर वांतोर।
"और भारत की उपलब्धियाँ, हर भारतीय की उपलब्धियाँ हैं।","अन भारत ता उपलब्धि, हर भारत तोरला उपलब्धि आन्दुग।"
इसी संविधान की मूल प्रति के तीसरे अध्याय में भारत के नागरिकों के मूलभूत अधिकारों का वर्णन किया गया है।,दे संविधान ता असल कागेती ना मूण्ड (तिसरा) अध्याय ते भारत ते मनवालोरा असल हक कुन समझेह कीस कोटले आता।
"मैंने, यहाँ, कुछ ही प्रयासों की चर्चा की है लेकिन मुझे खुशी है कि जन-भागीदारी बाघों के संरक्षण में बहुत काम आ रही है।",नन्ना इगा बातय गला कोसित कियना ता बारता कीतोर मति नाकुन गिर्रदा आत की जनभागीदारी बुर्रकाह न रकवाली ते कुबैय बूतो वायता।
नेपाल और तिब्बत हिमालय की सीमाओं को बनाते हैं।,नेपाल अन तिब्बत हिमालय त सीमा तुन पंडायता।
"जब हम किसी को कोई हुनर ​​सिखाते हैं,",टसके माट बोने गला तरीकंग वेहान्तोरोम।
नदी तट पर फैले हरे भरे जंगल विस्मयजनक दृश्य प्रस्तुत करते हैं।,बेरेल ओदा ते बिगरे माले हरा-भरा कोटुम किसमोत हुड़ाना तुन वेयता।
नदियों में जल प्रदूषण के कारण कई प्रजातियाँ खतरे में हैं।,बेरेह ने एर्ट कलीगले त कारेण कुबैय प्रजातिंग खतरा ते मंताग।
भारतीय नदियों का उपयोग फसलों की सिंचाई के लिए किया जाता है।,भारतीय बेरेहन उपयोग हनुम तुन लोसकला बाटा कियाना आयता।
"लेकिन, अब मुझे खुशी है कि पद्म सम्मान घोषित होने के बाद ऐसे लोगों की हर तरफ चर्चा हो रही है,",मति इदेक नाकुन गिरदा मंता की पद्य सम्मान ता आरो ता परके इदामनोर मानैयता सपोय को टूहने बड़कतुर।
"आज, आसपास के गावों के 6 हजार से ज्यादा किसान इनसे bio products खरीद रहे हैं।","नेंड, हेरे-हेरेनार्रनोर 6 हजार तह जादा नेल बूतो केवलोर इवेनागडह इपव चतवकनबजे जैविक तह उपजे मालेतुन ऐसायलोर।"
कि पिछले एक दशक में पद्म सम्मान का system पूरी तरह से बदल चुका है।,की परेक उन्द वरसा त पद्य सम्मान ता सिस्टम सपोय बदले माता।
स्वादिष्ट समुद्री भोजन का आनंद लेना न भूलें।,मिटास समुन्दी गाटो त गिर्रदा तिन्दाना निमट मर्रीग माट।
"मेरे प्यारे देशवासियो, कहते हैं, हर जीवन का एक लक्ष्य होता है,",मावा देश ते मनवालोर लाडरह वड़कान्तोर सपोद जीवा ग उदीय सुतुर आन्द।
आप अपने परिवार के साथ मिलकर त्योहारों का आनंद उठाएं।,निम्मा अपुना कुन्दा लोर संग मीलेमास पंडुमीने गिर्रदा तेहिट।
कौशल विकास पर केंद्रित ‘बेलजीपुरम यूथ क्लब’ ने करीब 7 हज़ार महिलाओं को सशक्त बनाया है।,कौशल विकास ते गुड्स बेलजी पुरम यूथ क्लब ते करीबन 7 हजार आस्क कुन कर्रिहचितुर।
आलसीराम का सपना है कि वह एक दिन Motivational Speakerबने।,आलसीराम न सोच आनता उन्द दिया डवजपअंजपवदंस ैचमंामतबने मायार।
"मेरे प्यारे देशवासियो, नमस्कार।",नावा लाडराह देश ते मनवालोरिट सेवा जोहार।
उमंग है। लोग अपनी भावनओं को अलग अलग तरह से व्यक्त कर रहे हैं।,गिर्रदा मंता। मानैय आपुनंग बिचारिनुंग अलगे-अलगे ओड़ दे वेहयतोर।
यहाँ देश-विदेश के 100 से अधिक antique रेडियो प्रदर्शित किए गए हैं।,इगा देश-विदेश ता 100 तह जादा ंदजपुनम रेडियो मुंग तोहले आता।
आलसीराम का एक सपना है कि एक दिन वह कामयाब हो।,आलसीराम मीन उन्द सपना ते उन्द दिया ओर अच्छा काम आतः।
देशवासियों में इस बात को लेकर भी बहुत प्रसन्नता है कि सम्मान पाने वालों में 30 महिलाएं हैं।,देश ते मनवालोर इद पोल्लो तुन पोयस कुन कुबैय गिर्दा मन्ता की मान कलियानांग बितिह ने उन्द कोडी पद (30) मुयताह मंताग।
आलसीराम ने पिछले साल एक बार दौड़ने का सोचा था।,आलसीराम पेरके वर्षा उन्द बार पितला सोच कीतूर।
श्रृंगी ऋषि आश्रम नगरी विकासखण्ड मुख्यालय से 07 कि.मी दूर पर स्थित है।,श्रृंगी ऋषि आश्रम नगरी ब्लाक ता मुख्यालय ढेढा कोस लंेक ते स्थित मंता।
सिहावा की पहाड़ियो पर ‘‘महेन्द्रगिरि’’ के नाम से प्रसिद्ध त्रेतायुग के प्रसिद्ध श्रृंगी ऋषिका आश्रम है।,सिहावा पहाड़ीने महेन्द्रगिरि ना पोरोय प्रसिद्ध त्रेतायुग तह प्रसिद्ध श्रृंगी ऋषिका आश्रम मंता।
"मेरे प्यारे देशवासियो, अब मैं आपसे भारत की एक ऐसी उपलब्धि साझा कर रहा हूँ।",नावा देश ते मनवालोर लाडरा्र लोरिट इदेक नन्ना मिकुन भारत त उन्द इदामे मान अलिहला कियान्तोना।
"सीतानदी वन्य जीव अभ्यारण्य, जो बाघ रिजर्व थी एक लोकप्रिय पर्यटक आकर्षण का केन्द्र है।ै।",सीतानदी वन्य जीवांग अभ्यारण ते बुरकांक रिजर्व मंद उॅद लोक प्रिय हुडाना शोना ढेरा त केन्द्र मंता।
"साथियो, बाघ बढ़ने के साथ-साथ हमारे देश में वन क्षेत्र भी तेजी से बढ़ रहा है।","गोतियालोरिट, बुर्रकह बर्सना ता संग-संग मावा देश ते पट्टड़ एरिया गल्ला जोर से बरसयता।"
"15 अगस्त आते-आते, घर में, दफ्तर में, कार में, तिरंगा लगाने के लिए तरह-तरह के product दिखने लगते है।","15 अगस्त वासोर-वासोर लोत,े आपिसते, कार ते, तिरंगा लगेह कीला रंग-रंगनंग चतवकनबज बीडर ओहनह आयता।"
"आज, देश में बहुत से संगठन भी इस दिशा में बहुत प्रेरक प्रयास कर रहे हैं।",नेंड देश ते कुबैय सल्ला गुंदा अंग गला इद बासा कुबैय करीहलय कोसित कियय तंग।
मेरा आपसे अनुरोध है कि हैशटैग श्री राम भजन (#shriRamBhajan) के साथ आप अपनी रचनाओं को social media पर share करें।,नावा मीकुन बिन्ती मंता कि हैशटेक श्री राम भजन ता संग निम्माट आपुनंग रोचेह कीलेनुंग सोसल मीडिया ते हालहना कीम्ट।
"इसी तरह ये महिलाएं अदरक, लहसुन, प्याज और मिर्च का paste बनाकर organic pesticide भी तैयार करती हैं।",इदमे इव मुयतह अदरक लसुन गोंदरींग अन मीरीना पावडर पंड्स मंजल जैविक पुड् हवकना दवा जोंग कीयतंग।
"कुछ ऐसे भी हैं, जो हजारों पेड़ लगाकर प्रकृति-संरक्षण के प्रयासों में जुटे हैं।",बचोक तो ईदाम गला मन्तोर वेर्क हजारो पोदे लंग उर्स कुन प्रकृतितुन पिसहाना ता कोसित ते मन्तोर।
"आपने गौर किया होगा, जब colony या society के एक-एक घर पर तिरंगा लहराता है,",निम्मट सेत कीतोरिट होही अन समाज तंग ओकोह-ओकोह लोहकने झण्डा उंगयता।
इन महिलाओं ने मिलकर ‘उन्नति जैविक इकाई’ नाम का एक संगठन बनाया है।,इव मुयताह मीलेमास ’उन्नति जैविक इकाई’ (जैविक कतू) ता पोरोय ते उन्द गुन्दा पंडतुंग।
कार्यक्रम में भाग लेने वाले लोगों को तिरंगा वाटर फाउंटेन बहुत पसंद आया।,रच्चा ते सामील आयवा लोट कुन तिरंगा वातर फाउंडेशन कुलेय बिचार बात।
आज ‘मन की बात’ में मेरे साथ बस इतना ही।,नेंड ‘‘मन की बात‘‘ ते नावा संग इचोय मनी।
भारतीय वन्य जीवन फोटोग्राफी में वन्य जीवों के अनदेखे पहलुओं को कैद करना अद्वितीय होता है।,भारतीय वन्य जीवांग न फोटोग्राफी ते वन्य जीवांग न बीना हूड़वाय बिचार कीयाना अदम लेटका आन्ता।
हुआ यूं कि एक बार भाई जगदीश त्रिवेदी जी ने कहा कि जब 2017 में वो 50 साल के हो जाएंगे।,आत इदम कि उन्द बेरा तमोर जगदीश त्रिवेदी जी इतुर कि अस्के 2017 ते ओर 50 वरसानोर आयनुर।
"मां अंगारमोती मंदिर से कुछ दूरी पर अंगार इको एड़वेंचर कैम्प है जिसमें नये-नये एडवेंचर जैसे वर्मा ब्रिज, ब्रोन फायर कैट वॉक, मंकी क्रो. कमांडो नेट, टायर शोइंग, एफ क्रॉसिंग से गुजरना पडे़गा।","मां अंगार मोती मंदिर उच्चुय लेक ते अंगार इको एडवेंचर केम्प मन्ता अपेड पूनांग-पूनांग एडवेंचर जैसे वर्मा ब्रिज, ब्रोन फायर कैट वॉक मंकी को कमांडो नेट टायर रोइंग एफ क्रासिकंग तह गुजरेमायला लागर।"
"सामूहिकता की यही शक्ति, हमारे देश को सफलता की नई ऊंचाई पर पहुंचाएगी।",सल्ला गुंदा मेरोर इदे लाव मावा देश तुन बड़हे मायना ता पूना तोर्रा अवहार।
नदियों का जल कृषि उत्पादन के लिए प्रेरणा स्रोत है।,बेरेहन एर्ट नेलींग उपज त बाटा वेहना पुटले आन्द।
"हम कोई भी काम करें, कोई भी फैसला लें, हमारी सबसे पहली कसौटी यही होनी चाहिए।","माट बातय गला बूतो केविट, बातय गला वड़कीट, मावा सबले पेहली अट्अे इदे आयी।"
"वो दिन दूर नहीं, जब आपको गाँव-गाँव में खेतों में, नमो ड्रोन दीदियां, ड्रोन के माध्यम से खेती में मदद करती हुई दिखाई देंगी|।","अब दियांग हिलेंग अस्के निकुन नार्रक नरिकने, नेलिने, नमो ड्रोन ते दीदिह्कु ड्रोन ता संग नेलिन संग हिसोर ओह्ना आयनुंग।"
नाम सुनकर आपको लग सकता है कि रेडियो और हाथी का भला क्या connection हो सकता है।,पोरोय केन्जस मंजाल मीकुन लागायता आयर कि रेडियो अन हाथी ता लेह्का बाता सम्बन्ध आयर होही।
जबर्रा गांव तक जाने हेतु निजी वाहन का उपयोग ज्यादा किया जाता है।,जबर्रा नार्र दायला निजी आपुना गाड़ी ता उपयोग जादा कियाना आंता।
"कि इससे देश को क्या मिलेगा, इससे देश का क्या लाभ होगा।","कि इप्पेडह देश तुन बाता पुट्टार, इपोडह देश तुन बाता नप्पा आयर।"
भारतीय नदियों में जलयोजन और नवीनीकरण की आवश्यकता होती है।,भारतीय बेरेहक ने एर्ट योजना अन पुना पंडाना त जरूरत आयता।
"ये भावना रुकनी नहीं चाहिए, ये अभियान रुकना नहीं चाहिए।",इद विचार अटके मायमकि इद अबियान अटके मायमकि।
मैं पद्म सम्मान पाने वाले सभी लोगों को फिर अपनी शुभकामनाएँ देता हूँ।,नना पद्य सम्मान एतवालोर सपोय कुन नावा फेरवने असीद हियाय तोना।
जब इसी पद्धति के किसी दूसरे डॉक्टर के पास जाते हैं।,असके अदेन बदे दूसोर डॉक्टेर निगा दान्तोर।
ऐसे प्रयासों की वजह से ही भारत में बाघों की आबादी हर साल बढ़ रही है।,इदना उपय ता मारे भारत ते बुर्रकहना संख्या बड़हेमायता।
भूमि उपयोग परिवर्तन से नदी प्रणाली प्रभावित हो सकती है।,नेल द उपयोग बदले माले ते बेरेल प्रणाली प्रभावित आया पर्रता।
नदी यात्रा के दौरान स्थानीय लोगों की परंपराओं से संपर्क होता है।,बेरेल दायतात सेका नाटे तोर मानेय तंग धारा ने मिले मायहायता।
भारतीय पर्वत श्रृंखला में ट्रेकिंग और पर्वतारोहण का आयोजन किया जाता है।,भारतीय मेटा लाईन ते ट्रेकिंग अन मेटा तरग वालोटा आयोजन कियाना आयता।
नदियों का जल संग्रहण जल संकट को हल करने में मददगार है।,बेरेह न एर्र केहले एर्र संकट तुन हल कीयाला मददगार आन्द।
आलसीराम अलार्म घड़ी को भी निष्क्रिय करता है।,आलसीराम अलार्म घड़ी तून बन्द भी कीन्दूर।
देश के लिए कुछ न कुछ नया करने की ऊर्जा निरंतर बनाए रखे।,देश ता बाटा बातय-बातय पूना कियना ता लाव जरमे कीम्ट।
"लेकिन सबसे ज्यादा चर्चा परेड में Women Power को देखकर हुई, जब कर्त्तव्य पथ पर, केंद्रीय सुरक्षा बलों और दिल्ली पुलिस की महिला टुकड़ियों ने कदमताल शुरू किया तो सभी गर्व से भर उठे।","मति बुबेय वल्ले वड़कना हो मुयतहन लाव तुन हूड़म मंजल आत अस्के आपुना बूतो ता हर्र दे, केन्द्रीय सुरक्षा बलों अन दिल्ली पुलिस तंग मुयतहना गुंदंग सर्रपड डाकंग मूड़ कीतुंग अस्के सपय जन गिर्रदा ते तेपिदतुर।"
नदियों में जलवायु परिवर्तन के प्रभाव का अध्ययन किया जा रहा है।,बेरेह ने एर्र-वेड़ीय बदले माले त प्रभाव त अध्ययन कियाना आयता।
तो मेरी आँखों के सामने यानुंग जामोह लैगो की भी तस्वीर आ रही हैं।,अस्के नावा कोण्डना मुन्के यानंुग जामोह लैगो ना गला मुरेहन मुनेक वायता।
भारतीय समुद्रों की यात्रा में साहस की आवश्यकता होती है।,भारतीय समुन्द त यात्रा तेला त कूबैय जरवत आन्ता।
"दूसरे देशों के वैज्ञानिकों को भी बीमारी, दवाएं और उसके प्रभाव की पूरी जानकारी मिल जाएगी।",दूसोर देशतोर पड़कवालोर कुन गला गिरहो त मत् अन ओनांग दाब ते सपोय पुन्दाना पुट्टार।
"जो सांस्कृतिक कार्यक्रम हुए, उसमें भी करीब डेढ़ हज़ार बेटियों ने हिस्सा लिया था।",अब जो एॅदानंग कर्रसानंग जलसांग आतुंग अवेहने गला अंलाज ते डेडा हजार मियाह हंज मंदलेंग/मतंग।
समुद्र का हर टुकड़ा एक कहानी सुनाता है।,समुन्द त सपोय गटना उद कीसा केन्जीह लेहका आन्ता।
कभी-कभी आलसीराम अपने आपको प्रेरित करने की कोशिश करता है।,बेसके बेसके आलसीराम अपून अपूना बेहला कोशित किनतोर।
कच्छ और जारवेरा नदियाँ सूखी में चलती हैं।,हेमुह अन जारवेटा बेरेह वेतले ते दायतंग।
हिमालय का क्षेत्र भारत की सांस्कृतिक और धार्मिक धरोहर से घिरा हुआ है।,हिमालय त क्षेत्र भारत त रीति-रिवाज अन धार्मिक मुनेतह अरले आता।
समुद्री जीवन की विविधता अद्भुत है।,समुन्द जीवांग न आनी बानी मन्दलेर उद् हट्टो लेहका मन्ता।
नदियों की धारा को समझने के लिए वैज्ञानिक अध्ययन जारी है।,बेरहना पोगा न तुन पुन्दाला बाटा वैज्ञानिक विचार जारी मंता।
वन्य जीवन फोटोग्राफी में जंगली जानवरों के स्वाभाविक पलों को कैद करना महत्वपूर्ण होता है।,वन्य जीवांग न फोटोग्राफी ने कोटूम त जानवार न आपूना उचून पल मेटा सोबाय कीयाना कूबैय जरवत आन्द।
नदियों की धारा के साथ चलने का अनुभव अद्भुत होता है।,बेरेह न पोगा न त संग ताकाना त पुन्दले अजीब आयता।
प्रभावित नदियों के बारे में जन जागरूकता बढ़ाना आवश्यक है।,बेरहाग बेरेहक न बाटे ते मानेय तुन पुन्दला कुबैय बेसहाना जरूरी आन्द।
"और ये बहुत दिलचस्प है कि तीसरे अध्याय के प्रारंभ में हमारे संविधान निर्माताओं ने भगवान राम, माता सीता और लक्ष्मण जी के चित्रों को स्थान दिया था।",अन इद जीवातुन गिर्दा वानह आंद तेना मूण्ड अध्याय ता सुरू ते संविधान पण्डवालोरक बगवान राम यायाल सीताल अन लक्ष्मेन न पोटो नुंग जागा हीतोर (सपाह कीतोर)।
पद्म सम्मान देने की व्यवस्था में कई बदलाव भी हुए हैं।,पद्य समान हियाना ते कुबेय बदले मातांग।
भारतीय नदियों में कई मछलियों की प्रजातियाँ पाई जाती हैं।,भारतीय बेरेह ने कुबैय मीनक नग प्रजातिगं पुटायतंग।
नदी घाटियों में अनेक प्रकार के जीव-जंतु मिलते हैं।,बेरेह गाटुहने कुबैय किसम तंग जीवाग जानवरक पुटामतंग।
गंगा नदी का प्रवाह सांस्कृतिक परंपराओं से जुड़ा होता है।,गंगा बेटे द पोंगा त रीति-रिवाज धारा ते जोड़े मायता।
"उसका असली नाम 'राम' है, लेकिन आलसी होने के कारण सब उसे आलसीराम बुलाते हैं।",ओना असली पोरोय राम आन्द मति आलसी (असादी) आन्दूर काजे सबलोर आलसीराम इनजोर कैयान तोर।
नदियों में जल की अतिरिक्त मिठास भूमि की उर्वरता बढ़ाती है।,बेरहेन एर्ट त अलग मिठास नेलीग त उपजाह किले बेटसायता।
वो एक दशक पुराना हो चुका है।,अद उंद पीड़ी त पड़ाना आना।
घाटों में नदी के पौधे और जीवों का अध्ययन किया जा रहा है।,घाटुम ते बेटेल अन दग पोदेलांग अन जीवानंग अध्ययन कियाना आयता।
"एक ऐसे भी हैं, जिन्होंने चावल की 650 से अधिक किस्मों के संरक्षण का काम किया है।",उन्द इदम गला मता ओर लोर अपेडे नुकानुंग सारूंग सौ पच्चेस (650) ते कुबैय आनी-बानी ता ना हुजाड़ता बूतो कीतोर।
"यहां भी जिस एक बात ने लोगों का खूब ध्यान खींचा, वो थी अर्जुन पुरस्कार पाने वाली बेटियां और उनकी life journeys।",इगा गला अद उन्द पोल्लो मानैय ता गोक तुन कुबैय पिंड्गंत अद मतंग ’’अर्जुन पुरूस्कार’’ एतानंग बितिह मियाह अन अवेहना जिलंगी ता दायना।
ऐसे प्रयासों से देश में Organ donation के प्रति सकारात्मक माहौल बन रहा है और लोगों की जिन्दगियां भी बच रही हैं।,इदम कोसित ते देश व्तहंद कवदंजपवद ता इदे बेसता माहौल बने मायता अन मानैय तंग जिबांग गला पिसयतंग।
"15 अगस्त का दिन अब दूर नहीं है। और अब तो 15 अगस्त के साथ एक और अभियान जुड़ गया है, ‘हर घर तिरंगा अभियान’।","15 अगस्त ता दिहड़ इदेक हिल। अन इदेक तो 15 अगस्त ता संग उन्द और अभियान जोड़़ेमाता, लोतपुटि तिरंगा अभियान।"
"‘मन की बात’ के जरिए हमारा और आपका जो रिश्ता बना है,",गोक ता पोल्लो (बर) मावा अन मिय्या नाता मंता।
"सबकी भावना एक, सबकी भक्ति एक, सबकी बातों में राम, सबके हृदय में राम।","कुडुहले मानैय ता बिचर उन्द कुडुहले मानैय ता माड़ना उन्द कुडुहले मानैय तंग पोल्लो राम, कुडुहले मानैय ता जीवा ते राम।"
मुझे अच्छा लगा कि लाखों लोगों ने श्रद्धाभाव से जुड़कर अपने क्षेत्र के धार्मिक स्थलों की साफ़-सफाई की।,नाकुन अचा पड़त कि लाखो मानेय लोर माड़ना बिचार ते जुड़े मातूर आपुना कोलान ते धार्मिक डेरा नून चुक चुका कीतूर।
नदियों का नामकरण कई धार्मिक और ऐतिहासिक संदर्भों पर आधारित है।,बेरेह न पोटीय कुबैय धरम अन इतिहास सोबा त अनुसार मंता।
सुश्री यानुंग अरुणाचल प्रदेश की रहने वाली हैं और हर्बल औषधीय विशेषज्ञ हैं।,सुश्री यानुंग अरूणाचल प्रदेश ता मंदाना बित्ती आंद अन जड़ी-बुटी ना पंुदले बिति आंद।
भारतीय समुद्र पार की यात्रा एक अद्वितीय अनुभव है।,भारतीय समुन्द तून वेडाना अन दयना कूबैय हन्दाना लेहका आन्ता।
आलसीराम ने सच में अपनी जिंदगी के लिए कुछ करने का सोचा था।,असादराम सच ते अपूना जिन्दगी ते बताय कियाला सोच कीनतोर।
इस बार परेड में मार्च करने वाले 20 दस्तों में से 11 दस्ते महिलाओं के ही थे।,इद पहर परेड ते सर्रपड डांक केवालोर कोड़ी मेंड दस्ताने तुन पद उन्द दस्ते मुयवहनंगे मंतंग।
जबर्रा गांव धमतरी जिला मुख्यालय से 65 कि.मी. दूर है।,तबर्रा जार्र धमतरी जिला मुख्यालय तह65 कि.मी.लेक मंता।