Unnamed: 0,Hindi,Mundari
53095,टिसु-उनलोगों में पाप गलत कामों को नहीं देखा गया है।,टिसु-इनकुरे पोएपाप का लेलत्र्प्रकना।
62345,जोजोहातु- तुम्हारे पिताजी के दरवाजे में मैं गयी थी क्या ? लम्बी दांतों वाली प्रेत !,जोजोहतु - हपुमअः दुअरते चि’नाइङ सेनकेना? डड़ोसा एरा!
82103,"सुखी रहो बाबू, अच्छे हो न?","बुगिआकान तइनमे, बाबू। बुगिगे आपे चि?"
17136,महामारी के प्रकोप से दुनिया कुछ ही दिनों में बदल गई थी।,महामारीअः बलय ते गोटा दुनिया हुड़िङ दिन रे गे बदलव लेना।
73131,"ये लोग इतने घने जंगलों में रहते हुए भी, वे नागपुरिया या हिन्दी में बात करते हैं, इसलिए मुझको संदेह हो रहा है।",इनकु अमिनङ बिर दिसुमरेको तइनतनरेओ दिकुतेको जगरअ; एनामेनते अड़अः उड़ू: कअः इञअ।
85611,"उसकी बेटी (सुकुरु) - बाबा! कुदाल चलाने गया है, शायद अभी‌ तुरंत आएगा।","होनते कुड़ि (सुकुरु) - चलुःते, अबाए सेनअकना; नेःगेए हिजुअ जाअः ।"
51384,"कई प्रकार के संकट, समस्या, परेशानी भुख - प्यास दुखः - दर्द से भारत और झारखंड राज्य फैला और बना है।","रोकोम सोकोटो, बलय, सदोव, रेंगे-तेतंङ दुःखु-दसा ते भारत दिसुम च झारखंड राइज फैल लेना च बइअ कना।"
64142,"नदी से वापस आने के बाद, दतुवन मद्य बांटा गया, इसके बाद खस्सी काटा गया।","गड़ाएतेको रकब्जनते, करकद् इलि तिलजना; एन तयोमतेदो मेरोमको मअःजना।"
43437,इसमें केंद्रीय सरकार प्रांतीय या स्ािानीय सरकारों को आदेश दे सकती है।,नेअ रे केंद्रीय सरकार प्रांतीय च स्थानीय सरकार को ए आदेश ओम दड़िअ कोअ।
96778,यही बात करते हुए आप हमारे पास पहूँच गयीं।,एनतअ: जगरजद् लोःदोम तेबअः तद्लेअ ।
91615,गांव वालों को डाल्टन के आने की खबर पहले ही मिल चुकी थी जिससे गांव वाले पहाड़ी की चोटी पर चले गये।,डाल्टन हिजुःअ मेनेअः हातु होड़ो को सिदा रेगे को इतु लअः एना मेन्ते इनकु बुरु चुटि तेको सेनोः जना।
70431,इसी समय कुछ बन्दर आये और छोटी लड़की काे उठा ले गये।,एना लोः दो गड़ी को हुड़िङ नीः को अरकीद किःया।
1905,बैलगाड़ी में भैंसों को भी जोतते हो?,उरिःसगडिरेकेडा को कोचिपे जोड़ाजकोआ?
4087,"कविता- हाँ, हाँ एक बार मैं अपने छत से चाँद को देख रही थी।",कविता- हे! गे मिसा अइञ् ओड़अः चेतना आते चंडुः केइङ लेल तन तइकेना।
71688,"मैं अच्छा हो सकता हॅू कि अच्छा नहीं हो सकता हॅू कहके मैंने दोनों वैद्यों से पहले से मालूम किया, वृद्धावस्था में इस बीमारी से अधिकतर मर रहे हैं।","""बुगिओअइङ चि काइङ बुगिओ मेनतेदो बुइदिकिङ ओते अइङ सिदारे मुनडिलअः; हड़मरे ने दुकु नमकेद्को पुरअःतेको गोजोःतनगे।"
22900,"Over Bridge और स्कूल की दीवारों से लेकर झुग्गी-झोपड़ियों तक, उन्होंने अपने हुनर को उकेरना शुरू किया तो लोगों का साथ भी मिलता चला गया और एक प्रकार से यह सिलसिला चल पड़ा।","ओबर ब्रिज ओड़ोः इसकुल रेअः भीइत छपरी आते कंबा गुथुः जकेद, इनिः अएअः होनर के देखाओ एटेः केदा तोबे दो होड़ोकोअः देंगाओ नम इदिजना गेआ ओड़ोः मोद् रोकोम ते ने सिलसिला सेनोः होबाजना।"
31102,लेकिन यह केवल रेडियो ही नहीं है जिसके माध्यम से लोग इस कार्यक्रम में जुड़ रहे हैं।,मेन्दो नेआ रेडियो बारि दो का तनाः ओकोअ होराते चि होड़ोको ने कार्यक्रम रेको जुड़ावेन तना।
56557,एक बार एक गांव में प्रेतात्मा को वश में करने के लिए और डायन गुण भ्रष्ट हो जाय कहके उनको ले जाया गया था।,"मिसा मिअद् हतुते बोंगा काबु मेनते ओड़ोः नजोम बो, नडो मेचतेको इदिलिःअ।"
94141,पहाड़ी खून से लाल हो गयी।,बुरु मयोम ते अरअः उतर जना।
29929,1947 में जब पाकिस्तान के हमलावरों ने एक अप्रत्याशित हमला शुरू किया तो यह वायुसेना ही थी जिसने श्रीनगर को हमलावरों से बचाने के लिए ये सुनिश्चित किया कि भारतीय सैनिक और उपकरण युद्ध के मैदान तक समय पर पहुँच जाएँ।,1947 रे ओको इमतङ पाकिस्तान रे हमलावर को मियद् अप्रत्यासित लड़ाइ को एटेः तअः इमतङ ने वायुसेना गे श्रीनगर के हमलावर कोए ते बंचव रअःए सुनिसचित केदा चि भारतीय सैनिक अर उपकरण लड़ाइ रअः मैदान जकेद् समय रे सेटेर लेना। वायुसेना
21760,"पानी की एक-एक बूँद को बचाना, पानी की किसी भी प्रकार की बर्बादी को रोकना यह हमारी जीवन शैली का एक सहज हिस्सा बन जाना चाहिए। हमारे परिवारों की ऐसी परंपरा बन जानी चाहिए, जिससे हर एक सदस्य को गर्व हो।","दअ: रआ: मिमियद् टिपा: के बनचाव, दअ: रआ ज़ां लेकन बर्वादी के रोकव या नेआ अबुआ जीवन शैली रआ मियद रबल हिस्सा बईन ताइकेना।अबुआ परिवार रआ नेकन परंपरा बईयो लगतिङा, ओकोआ तेचि हर मियद् सदस्य को गर्व होबाओ:अ ।"
96699,दुरगा-यह तो तुमने सही कहा है।,दुरगा - हेनेः दोम टउकातदा।
31605,11 महीने तक उसने कड़ी मेहनत करके प्रशिक्षण हासिल किया और अपने पति के सपनों को पूरा करने के लिए उसने अपनी ज़िन्दगी झोंक दी ।,गेल मिद चंडुः जकेद् इसु कुरूमुटु केअते प्रशिक्षण अगु केदअ ओड़ो अपन किसानअः कुमु को पुराव मेनते अःए अपन जिदन ओम गिड़ि रेकिन अचुन जना।
36495,ओ.आर.एस. के पैके ट बाँटे जा रहे हैं।,ओ. आर. एस. राः पैकेटको हनाटिड. जादा।
57545,"जांता में मड़ुआ पीसने जैसा,",जनतिरे कोदे हो रिदेलेका;
52246,यह काम सब खत्म होने के बाद दुल्हन को लाने जाते हैं।,नेअ कमि को चबा जन चि कोनेअ आगु को सेनोआ ।
76382,"युवक युवतियां कपड़ों के लिए हठ कर रहे हैं, माता पिताओं ने सुरगुजा बेचकर कपड़ों को खरीद रहे हैं।",दंगड़ा दंगड़िको लिजअःको हटितना; एंगा अपुकोदो सुरगुनजा अकिरिड.केते लिजअःको किरिड.तना।
53604,"इतने पर भी, अन्त में आप पकड़े गये।","इमिनरेत्र्प्रो, टुनडुरेदोम सब्जना।"
21464,"मार्च, 2021 में WHO ने घोषणा की थी कि भारत में पारंपरिक चिकित्सा के लिए एक Global Centre स्थापित किया जाएगा।",मार्च 2021 रे WHO नेआए रोजोटो लेदा चि भारत रेअ: जाओ आते मेनअः पुरना रे'द रानू नातेन मिअद Global Centre तिगु रिकाओ का ।
33292,"कोई पर्यावरण की चर्चा करता है तो उसकी पीड़ा तो महसूस होती है, लेकिन साथ-साथ उसने, ख़ुद ने जो प्रयोग किये हैं वो भी बताता है – जो प्रयोग उसने देखे हैं वो भी बताता है और जो कल्पनायें उसके मन में हैं वो भी चित्रित करता है।","जाँए पर्यावरण रेअः उकता तना दो इनिअः दुकु अटकारो तना, मेनदो सोंगे-सोंगे गे इनिः, अए जे प्रयोग कदाए एनाओः उदुबतना- जे प्रयोग इनिः लेल तना एनाओः उदुबतना ओड़ोः जे ओममनाको इनिअः रे मेनअः एना रओः चपा बइतना।"
47246,इस गति को दोलन गति भी कहते हैं।,ने गति के दोलन गतियो को कजिआ।
5923,"हां, जल्दी ही आते तो अच्छा होता।",हे सेकेड़ागे होनाडेः हिजुः कोःरे।
25456,"और इसलिए तो मैं कहता हूँ – let us aim to innovate और जब मैं let us aim to innovate कहता हूँ, तो मेरा AIM का मतलब है ‘Atal Innovation Mission’।","ओड़ोः एना मेनते गे अइङ कजिअः -हिजुः पे आबु जांन नवा रिकाए रअः मकसद् बु जोगावएअः ओड़ोः ओको इमतङ अइङ हिजुः पे आबु जांन नवा रिकाए रअः मकसद् बु जोगावएअः कजिअः, दो अइअः AIM रअः मोतलब तनअः ‘अटल इनोवेशन मिशन’।"
69717,"उसके पास भी ऐसा ही बोला, और मधुरा ने कहा, ""तुम हाकिम के पास जाओ; उसे तो हम डरते हैं।","इनिः तअःरेओ नेकागेए कजि केदा, अद् मतुरा मेतअःइअ, ""हकिम तअःते सेनोःमे; इनिःदो सोबेन- कोबु बोरोअइतना ।"
45316,1870 और 1880 के दशकों में ब्रिटिश शासन के प्रति असंतोष और ज्यादा गहरा हुआ।,1870 आद् 1880 रेअः दशक रे विलायति रइज रेअः का सुकु ओड़ो पुरअःगे इकिर जना।
8497,मैं अभी उसे पूरा करता हूँ।,आञ नाआः गे एना छाबा लेआञ।
29443,"तो जैसे 1942 to 1947 पाँच साल देश को आज़ादी के लिए निर्णायक बन गए, ये पांच साल 2017 से 2022 के, भारत के भविष्य के लिए भी निर्णायक बन सकते हैं और बनाने हैं।","तोबे चिलका 1942 ते 1947 मोड़़े सिरमा दिसुम के रानाड़ा मेनते कजि गोटाए को बइ जना, नेअः मोड़ो सिरमा 2017 ते 2022 रअः, भारत रेअः हिजु तन बेड़ा मेनते ओगे कजि गोटाए को बइ दाड़िओअः ओड़ो बइ तेआ मेनअः।"
38087,पुरूषों और स्त्रियों की हैसियत एक जैसी नहीं होती है।,हेरेल कोअः ओड़ोः एरा कोअः हैसियत मिद् लेका का होबाओःअ।
44615,सूदखोर महाजन भी आदिवासियों को कर्जा तो देते थे लेकिन उसका ब्याज बहुत ज्यादा होता था।,"सूद् जोमतन महाजनकोओ आदिवासीको के रिंड़िदो को ओमाकोतन तईकेना, मेनदो एना रेअः सूद् इसु पुरअः तइनतन तईकेना।"
52609,बलगा-‘‘बुढ़े लोगों के साथ बैठ विश्राम करने से ये सभी बातों को मैंने सीखा है।,"बलगा, ‘‘हड़म होड़ोको लोः दुब्जरुते ने सोबेन कजि कोइङ इतुकेदा।"
33572,ये हम सबके लिए भी प्रेरणा है।,नेआ अबु सोबेन को मेनते ओ प्रेरण तनअः।
59228,सभी तख्तियों का चालान हो गया और रद्द करके बचे हुए तख्तियों की चीराई की मजदूरी हमलोगों को मिला।,सोबेन पालि चलानजना; अद् रदिकेद सरेःजन पालिको रअः हद् नलालेनमकेदा।
11600,जिससे सक्रिय हुए विरोधी परास्त होंगे।,ओकोआ ते कामितान मुदाइको हारातिङओअ।
6877,और बकरे तथा भेड़ को घसीटते हुए बेंत छड़ी की फटकारते हुए डाउडीह गांव से निकले और रात की अंधियारी में खो गए।,इनाते मेरोम आ'र मिण्डि ओर जाद कोलोः डाउडी हातुआते बेएते डाण्डाः फेरओआड़ां जाद लोः उड़ुङ जाना आ'र लाता लेकान नुबाः रेको आद जाना।
12138,आज प्रधानमंत्री फसल बीमा योजना में इतने कम समय में कई नये किसान इसके साथ जुड़ गए हैं और करीब-करीब ये संख्‍या आगे चलकर के पौने छह करोड़ पर पहुंची है।,नआ प्रधानमंत्री फसल बीमा योजना रे हुडिंङ सोमय रेगे मोद् पूरा:किसान को जुटिदेन जाना ओड़ो नेआ आयर रे करीब पौना तुरिआ करोड़ो तेबगोआ।
49120,इसी लिए उस जगह को बल सुखाने टांड़ से जाना जाता है।,एना मेन्ते एन टॉव उब तासे पीड़ी गे सकिअ कना।
94230,उरांवों के काम से इंकार करने पर जमींदारों के होश कर रहे हैं।,उरङ को कमि काकोअः जन चि जमींदार को अटकर उरुम केदा चि हातु होड़ो को बखेड़ा को एटेः केदा।
47610,क्या कभी आपने सोचा है कि हम विभिन्न वस्तुओं को कैसे देख पाते हैं?,चनअः चिउलओ अपे पे उडुः कदा चि अबु बिनगा-बिनगा जिनिस कोके चिल्का बु नेल दड़िआ ?
35226,"यह दिन बहादुर जनजातीय स्वतंत्रता सेनानियों की स्मृतियों को भी समर्पित है, ताकि भावी पीढ़ियां देश की खातिर उनके बलिदान के बारे में जान सकें।","नेआ हुलाङ बहादुर जनजातीय स्वतंत्रता सेनानिकोआ स्मृतिकोके होबु समर्पित मेना, चिआचि हिजु तन पिढ़िको दिसुम रेआ मेनते इनकुआ बलिदान रेआ बारे रे सारि धाड़िकको।"
78421,मुण्डा-भाषा का व्याकरण बहुत महत्त्वपूर्ण है।,मुण्डा जगर रअ बेयाकरण इसु मरङ मेनअं।
30433,बड़े गौरवपूर्वक अच्छे अनुभवों को भी लिखा |।,इसु जी-कुडाम मनारंङ लेकन सुगाड़ा इनितुकोको ओल केदा।
57771,उन तीनों औरतों के पहुंचने के बाद डोंका के साथ एक दूसरे को अभिवादन किया।,"एन अपि होड़ोको तेबअःलेनचि, डोंका लोःको जोपोअरजना।"
73761,इससे शगुन मोड़ने का समय ठीक से मिलेगा।,एनते एरे लटुम रअ: समए टउकागे नमोअ।
90704,82. घनघोर जंगल के बीच कटोरे की उलटा कर रखा गया है- बाघ के पंजे।,82. तला टोनंगरे डुभाको हरूबाकदा। - कुला मंडा
30427,"अपनी एक उदासी के दौरान, उन्होंने, बड़े पैमाने पर इस्लामिक देशों की भी यात्रा की थी, जिसमें, Saudi Arab, Iraq और Afghanistan भी शामिल हैं |।","अकिनअः मियद गोसो दिपिला, अकिन इसु पुरअः मुसला कोअः दिशुम कोतेओ किन सेन केना, एना कोरे Saudi Arab, Iraq ओड़ोः Afghanistan जमा कना।"
79042,बलि चढ़ा लेने के बाद जब मांस काटा जा रहा था।,"बोगा किः चि जिलु गेद् तन को तैकेना,"
71080,वह कुत्तों से पूछती-।,सेता किङ कुलीः जअः किञ-
45266,"जब दूसरे बच्चे शिक्षक को सुन रहे होते थे, टैगोर का दिमाग कहीं और भटक रहा होता था।","जेते एटअः होनको इतुनतनि के को अयुमतन तईकेना, टैगोरअः मोन जां जेता तअःरे होनोरबड़ा तन तईकेना।"
44362,"असल में, कंपनी ने जो राजस्व तय किया था वह इतना ज्यादा था कि उसको चुकाने में जमींदारों को भारी परेशानी हो रही थी।","असल रे कम्पनि ओकोअ मालएः करार लअः, एना इमनुड. पुरअः तईकेना चि एनाके हल रूअड़ा मेनते जमीन्दारको पुरअःगेको बलय चबाओतन तईकेना।"
78232,"अनुवाद के विषय में कुछ पूर्ववर्त्तो विद्वानों का आग्रह रहा कि छन्द का अनुवाद छन्द में ही होना चाहिए, वह भी अँगरेजी के छन्द में।","उल्था रअ बिसए रे तरा सिदारेन बिदुवानकोवआ कजि तइकेन चि छन्दि रअ उल्था छन्दि रेगे तइन लगातिङ तना, एनाओंगे अंग्रेजी रअ छन्दि रे।"
86666,अतः हम कह सकते हैं उस काल में पढ़े लिखे मुण्डा लोगों की इच्छा शक्ति के कारण पुस्तकें जल्दी छापी गई ।,जमाते एन दिपलि पड़व तन मुण्डा होन कोआ चुहुल ते पुथि सेकेड़ा बाइ जना।
59440,"दुकुरा ने कहा - आपके कम्पनी का नाम हंसने की तरह है, बिरजा बियर कम्पनी या हतु बियर कम्पनी ?",दुकुरा मेनकेदा - अमअः कुमपनि रअः नुतुम लनदाओः लेकागेअ; बिरजा बिअर कुमपनि चि हतु बिअर कुमपनि ?
88264,ने लेकाते तुयु एन होड़ो कुला मोचा तेए: बंचव लि:अ।,इस तरह से सियार उस आदमी को बाघ के मुँह में जाने से बचा लिया।
68046,"उड़ुगा-‘‘ हां, जी ! मुझको चाचा कहता है।’’।","तिरला, ‘‘अतेअ, ककिअइङअए चि ?’’"
83356,"सूर्य के कुछ नीचे उतरने पर वर्त्तन में रखे तेल में अंगुलियाँ डुबा कर, चेहरे में मालिश किए, और कहा गया चलो, और सोंटे पकड़ कर निकले।","सिंगि गनडेनोः जनते, सुनुमको चबुःकेदा, अद् दोलबु मेनजना, अद् सोटाको सद्केद्तेको उड़ुङजना ।"
12084,कालेधन के खिलाफ हमारी लड़ाई जारी रहेगी।,कालधन रेआ बिरोद रे गोपोए जोरा कनगे ताइना।
79998,आह ! रामायाण! वाह रामायण ! अहा! भारत! महाभारत ! आह ! मेघदूत ! वाह ! मेघदूत ! आह !,आह ! रामायाण! वाह रामायण ! अहा! भारत! महाभारत ! आह ! मेघदूत ! वाह ! मेघदूत ! आह !
32933,"जनरल थिमैय्या, जो भारतीय सेना के भी प्रमुख रहे, ने Cyprus में UN Peacekeeping force को lead किया और शांति कार्यों के लिए अपना सर्वस्व न्योछावर कर दिया।","जनरल थिमैय्या, ओकोन भारतीय सिपई कोवा प्रमुख तइकेना, ने Cyprus रे UN Peacekeeping force को Lead केद को तइकेना ओड़ोः शान्ति कमि को नगेनते अपनअः सर्वस्व ओम केद तइकेना।"
30497,"और इसलिए आप जिस भी शहर में रहते हों, वहाँ, अपने आसपास Run For Unity के बारे में पता कर सकते हैं |।","ओड़ोः आपे जेतान शोहोर रेओ पे ताइन तना, एनतअ् आपेयआ जपा-पआ कोरे run for Unity रअः बारे कुली जगर दाड़ियआपे।"
36395,"सड़क किनारे की दुकान का छोटा व्यापारी, जिसके बारे में आपने पहले पढ़ा था ,","सङड़क जापाराः दोकानराः हुड़िङबेपारि, एनबारेते सिदारेपे पढ़ाओलः।"
5300,मैं उतना नहीं कम कर सकुँगा।,का कइङ दाड़िआः आमिनाङ हाड़ागुन दो।
63972,बुढ़िया - मतुरा के घर की अगुवाई के लिए तुम किसी तरह का शंका संदेह मत रखो।,बुड़िअ - मतुराअः ओड़अः रअः दुतम मेनते अलोम डरेन मरेनेना।
64640,उसे खाकर उस बच्चे को गोमके कह रहे थे-‘‘क्यों फलना !,"एनाको जोमकेद्ते, एन होन गोमकेए मेतअइतना, ‘‘चि, पलना !"
91259,"बुरूमा में हमने जो देखा उसके साथ, यहां और एक ऐसा हुआ।",बुरुमारेबु लेलकेद् एरे लो: मोद्जना ।
14191,ये सामर्थ्‍य हमारे वैज्ञानिकों का है।,नेअ पेड़ेः दो अबुअः वैज्ञानिक कोअःगे तनअः।
86507,मुण्डारी लोकगीतों में इतिहास।,मुण्डारी लोकगीत रे एतेहइसि (इतिहास)
34463,ये आपको बधाई है हमारी तरफ़ से।,नेआ आमके बधाई मेताम तनाले आलेआ सह ते।
4889,बिजली की चमक और गड़गड़ाहट होने पर ऊँचे और एकल बड़े पेड़ों के नीचे न जाएँ।,"बोजोर उइयु: आद् लारि गड़ागुडू रेदो, चेतन ओड़ो: मिअद् सलंगि दरू सुबा रे का तइन लगातिङअ।"
90732,"110. हम्या के बाद, छीलने के बाद, गाड़ने के बाद रोता है- ढोलक।","110. मअःतइ, पोटअःतइ, तोपातइ निःयाएः रअःया। - ढुलकि"
52025,पहली बारिश बरसात पानी में बुना गया।,सिदा रे उदुब लेका गे उयुः दअ जरगि दअ हेर चलु केदा।
77197,मेनते सेंड़ानको कजिअकदा ।,कहके विद्वानों ने कहा है।
60752,वे वहीं खेती बारी करते थे वहीं बुढ़िया को एक बच्चा पैदा हुआ।,एन अटा-मटा बिर को तला रेगे किन चस तनतइ चेना। एन किंगा मोयोद् कोडा होन होबा जना।
44787,1897 में जेल से लौटने के बाद बिरसा समर्थन जुटाते हुए गाँव-गाँव घूमने लगे।,1897 रे जेल ते रूअड़ाजन तयोमते बिरसा समर्थन जुटव केअते हतु-हतु होनोरबड़ा जना।
57476,इसके बाद ओकोड़ा बुढ़िया युवतियों से कह रही है- बातों को मैंने समाप्त कर दी। चलो अब तुमलोग तुलना करके बताओ कि वनप्रदेश में रहना अच्छा है कि टांड़ प्रदेश में रहना अच्छा है ?,"एनते ओकोड़ा बुड़िअ मेतअकोतना - जगरदोइङ टुनडुतअः। मर, नाअःदेा जोकाएपे, बिर दिसुमरे तइनतनको सुकुतना चि पिड़ि दिसुमरे तइनतनको सुकुतना?"
2085,गांव में कितने किसान है?,हतुरे चिमिनं किसान मेनअः कोआ?
52461,"बलगा-‘‘ आप तांती लोग धूप से डरते हैं, वर्षा से भी डरते हैं और जाड़ा से आपलोग डरते हैं, यह बहुत दुख की बात है कि नहीं ?’’।","बलगा, ’’अपे पेंड़ांएंको जेटेओपे बोरोअः, जरगिओपे बोरोअः, ओड़ोः रबङओपे बोरोअः; एना मरङ दुकु चि का?’’"
8702,बच्चों को जंबो की पीठ से उतारा।,होनको जंबोआः देआ ते हाड़ागुनलेना।
62844,अब मेरे कहने या न कहने पर तुमको सब कुछ पता चल गया है।’’।,नामःअइङ कजीरेओ कारेओ सोबेनअःदोम मुनडिकेदा।”
7022,मेरी माँ तो नहीं आई पिताजी?,एंगाञ दोगा काएः हिजुः जाना?
2244,अच्छा इसमें तब तो अच्छी खेती नहीं होती है? अगर होती है तो क्या-क्या?,नेआरे तोबे दो बुगिन चासा क होबाओ तना? जादि होबाओ तना दो चिनअः चिनअः ?
9029,दुश्मन भी गले मिल जाते है।,मुदाइकिनो जोपोआराकिन।
9398,इस घटना से गाँवों में मातम छा गया।,नेआ होबालेनाः ते हातु रे सोबेनको दुकुजाना।
21509,"जैसे कुछ दिन पहले, गुजरात के भावनगर में Drone के जरिए खेतों में नैनो-यूरिया का छिड़काव किया गया। Covid Vaccine अभियान में भी Drones अपनी भूमिका निभा रहे हैं।",चिलकाचि हुड़िङ- दिन सिदा गुजरात राइज रेअ: भावनगर रे Drone रेअ जरीआ ते खेती बाड़ी कोरे नैनो यूरिया रेअ: पेचेका हेरोः ने आत्ति रिकाकाना । Covid vaccine अभियान रेओ Drones रेअ:ते कमिः रिकाएताना ।
40274,अब तक हमने जल दुर्लभता के मात्रात्मक पहलू काही बात की है।,नअः जकेद् अबु दअः दुर्लभता रअः मात्रात्मक पहलू रअः बु जगर कदा।
67889,इसके बाद कहानी सुनाना शुरू की।,"मेद्सोबोः, ‘‘ए’ना, मर; मिद् जुड़िङ का’निअपेअ।’’"
48297,छोटे-छोटे टुकड़ो कर अच्छी तरह लुड़कता था।,हुपुड़ि हुपुड़ि गन्दुइ तेरे माजा गुलि तन केना।
55598,"रसोअल-पता नहीं, किसलिए ऐसा नाम हुआ इसके बारे में कहा नहीं जा सकता है।",रसोअल- इदु‘ड़ो चेनअः मेनते एनका नुतुमजना का कजि दड़िओअ।
83717,"तीर - धनुष, तलवार ,बरछा, गुलेल इत्यादि हथियारों के साथ खाने-पीने का सामान खाना पकाने के बर्तन और कपड़े इत्यादि का जुगाड़ किया था।","आआः-सार, तरउड़ि, बरछा, गुलेल एमन हतेयार लोः जोम नूएआ सामान को, मांडितेआ वर्तन को ओडोः लिजाः किचिर एमन को पुराअः लेका को जोगाड़ अकाद ताइकेना।"
21814,"उसी भाव के साथ, हम सब, अपने नियत कर्तव्यों का पूरी निष्ठा से पालन करें और आज़ादी का ‘अमृत महोत्सव’ का मतलब यही है कि हम नए संकल्प करें।","एना उड़ुः लोः गे, अबु सोबेन, अपनअः जनव रअः कर्तव्य को मजालेका बु मनातिङा ओड़ोः आजादी रअः ‘अमृत महोत्सव’ रअः मतलब गे नेया तना चि अबु नवा संकल्प इदिया।"
85069,"मनीबेड़ा - वे तो पिताजी, सुनदुरा नाम के हैं; उस गाँव की बुढ़िया कुड़ापुरति गाँव से लायी गयी है।","मनिबेड़ा - इनिःदो, अबा, सुनदुरा दङ नुतुमतिअ । एन ओड़अः-रेन बुड़िअदो कुड़ापुरति हतुएतेए अउअकना ।"
5286,आपने कपड़े भी तो वैसे ही चुने हैं।,किचिरि को दाङ एनकानाः गेबेन सालाकादा।
5585,यह ठीक है कि हमने कोई बड़ा राज चलाने का काम नहीं किया है लेकिन इतना तो हम जानते ही हैं कि कैसे हमारे घर-द्वार और गांव- ग्राम का कल्याण होगा।,"नेअः ठाउका गे मापाराङ दिसुम चालाओ रेआः कामि दो जेता इमताङ काले कामिआ कादा, मेनदो ओड़ाः दुआर आ'र हातु-टोला चिलकाते बुगिनोःआ मेनेआः दोले इतुआनगेआ।"
3180,सभी जानते हैं कि सभी एक ही भारत भूमि के हैं।,सोबेन को इतुअनाचि सोबेन मियद् भारत दिसुम रेन कोगे तान बु ।
6961,"छोड़ो, यह मैं नहीं बेचूँगा।",ओचा नेआ दो काञ आकिरिङेआ।
13696,"बस मेरे दिल में आया और मैंने कह दिया था कि अगली 15 अगस्त तक हमारे विद्यालयों में हमारे स्कूलों में लड़के और लड़कियों के लिए अलग शौचालय बना देंगे और बाद में जब हम काम शुरु किया, टीम इंडिया ने अपनी जिम्मेदारी को समझा, ध्यान में आया कि इस देश में 2 लाख 62 हजार विद्यालय ऐसे थे, जिसमें सवा चार लाख से ज्यादा Toilet बनवाने थे।","बस आञअः सुरुद रे हिजु जना ओड़ोः आञ कजि केदा चि हिजु 15 अगस्त जकेद् आबुअ इतुसइ रे आबुअः इसकुल रे कोड़ाको ओड़ोः कुड़िको मेनते एटअः रचा ओड़ाः बइ तअः ओड़ोः तयोमते ओको इमतङ आबु कमि एटेः केदा, भारत रेन इनुङ गोट नेअः अएआ जिमा रे बुझाव जना, धेयान रे हिजुआ चि नेअः दिसुम रे 2 लाख 62 हजार इसकुल नेलेका तइन केना, ओकोनअःरे सवा उपु लाख ते थिमबा रचा ओड़ाः बबइ तइन केना।"
83102,"चपरासी अधिक दूरी पर तो नहीं है, करीब चार कोस पर है।",चपरसि-पुरअः दो का संगिना; मोंड़ें गउदिलेका होबओअ ।
92491,इस पुस्तक में 7 कहानियाँ हैं।,पुथि रे एआ कानि मेना।
68496,"घर पहुंचने के बाद, बुढ़िया हल्दी पीस रही थी और बुढ़ा बैइंठी को खोजकर पत्तों को जमीन पर बिछाया और काटने के लिए बैइंठी से वार करना चाहा तब फिर से लिटा लडका कह रहा था-‘‘दादा जी, धीरे से मुझको काटिए।’’।","ओड़अः तेबअःजनते, बुड़िअदो ससङकोए रिद्तना, अद् हड़मदो वंइंटि नमकेद्ते सकमकोए अटेद्केदा, अद् हद् मेनते बंइंटिए एतेल जदा दो ओड़ोंःगे लिटा कोड़ा मेनजदा, ‘‘मंड़िंते, अजा हदिङमे।’’"
3332,"माँ ने कहा सीनी देखो सुमी के बाल बिल्कुल तुम्हारे बालों जैसे काले, घुँघराले और घने हैं।","एंगाते कजि केदा सीनी लेल लेम, सुमीअ: ऊब दो अमअ: ऊब लेकागे हेनदे, रिटुपिटु ओड़ो इबिल गेआ।"
69270,कुता को तुम किस दिन हमदोनों को जिम्मा करोगे ?’’।,सेता ओको हुलङएम जिमा’लिङआ ?
84391,उसके बाद जयपाल सिंह पटना से राँची आ गए ।,एन तायोमते जयपाल सिंह पटनाआते राँची हिजूः जाना।
73083,"बन्डुआ - यदि पूजा पाठ करना नहीं छोड़ रहे हैं तब, वे लोग किस तरह से धर्म में बदल गये ?","बनडुअ - बोंगा बुरू काको बगेजद्दो, इनकु चिलकाते धरमरेको बद्लनजना ?"
70657,"वहाँ देखता है कि घर के भीतर कोई नहीं है, उसने अपना क्रोध टंगी हुई बिल्ली पर ही उतारा और उसे उठा कर बाहर फेंक दिया और फिर लड़की को भगी हुई जान कर उसके पीछे दौड़ पड़ा।",लेल लेदाएः दो जेताए बङकोवा। नअःदो पुसीगेः कदारवाई तन तइ केना।कजि केदःए चि ने पुसीगे होसोड़ोवा कईंङ मेन्ते खूबे रचअः बड़ा किःया।
45598,इस प्रस्ताव में विभाजन या पाकिस्तान का जिक्र नहीं था।,ने प्रस्ताव रें हनाटिड. चा पाकिस्तान रअः जिक्र का तईकेना।
41991,पूर्वी घाट का विस्तार महानदी घाटी से दक्षिण में नीलगिरी तक है पूर्वी घाट का विस्तार सतत् नहीं है।,सिंगि तुरोः घाट रेअः पिनतराःकन महानदी घटिआते कटाः जमबाड़ा रेअः नीलगिरि सिंगि तुरोः घाट रअः पनासाराव को बनोवाः।
53812,"मतुरा मुझसे कह रहा है-‘‘आपदोनों, हम पोते पोतियों और बेटों से अलग अलग परलोक में रहेंगे कहके आपदोनों भी हमलोगों की ईसाई अपना लेना चाहिए, आपदोनों अभी तक संवंसार के रास्ते में ही हैं।","दुरगा-मतुरा मेतअइङतना, ‘‘अबेनदो अले, जइको ओड़ोः होनको, जुदा जुदागे बितरपुररेबु तइनका मेन लेकागेबेन किरतान रिकातद्लेअ; अबेन नाअः जकेद् संवंसार होरारेबेनगेअ।"
79533,घर में घुसकर कुत्तों ने सभी बाघों को चीर-फाड़ डाला।,तेबः केद् लोः गे सोबेन सेता कोते एन कुला को को कुंड़ु सू बटी केद् कोआ।
44912,चंद दिन बाद मेरठ में तैनात कुछ सिपाहियों ने नए कारतूसों के साथ फौजी अभ्यास करने से इनकार कर दिया।,हुड़िड. दिन तयोमते मेरठ रे तईकेन हुड़िड. लेका पलटनको नवा करतुसको लोःते लड़ई इतुन ते ककोअ जना।
92181,इसमे मुण्डा भाषा को लिखना शुरु किया गया।,मुंडा जगर रेआ ओनोल एटेः जना।
83796,उनकी एक ही इच्छा थी कि किसी भी तरह से ब्रिटिश सरकार भागना चाहिए।,आएआः मियादगे सानाङ ताइकेना चि ब्रिटिश सरकार जेता लेकाते हर गिडिओ काए।
7089,कुछ देर सोने के बाद सुबह फिर जोतना कोड़ना।,हुड़िङ खोओन गितिः कोः चि सेताः दो ओड़ोः सिउः चालुः।
93833,हजारीबाग का राजा शंभूनाथ सिंह और पिठोरिया का जमींदार जगतपाल सिंह काफी गद्दार और धूर्त किस्म का आदमी था।,मेन्दो हजारीबाग रेन राजा शंभूनाथ सिंह ओड़ोः पिठोरिया रेन जमींदार जगतपाल सिंह पुरअः गे गद्दार ओड़ोः धूर्त होड़ो किन तइकेना।
63970,"जगुआ - उन लोगों ने बकरे की सिर की मजदूरी के लिए मुझको आज्ञा दिया गया है, इसी के बारे में बात करने के लिए मैं आया था।",जगुअ - मेरोम बो’; नलाको अचुजअःइञअ; एना जगर मेनतेङ हिजुः-लेना।
38108,घरेलू काम करने वालों का दिन सुबह पाँच बजे से शुरू होकर देर रात बारह बजे तक भी चलता है।,ओड़अः रे कमि तन कोअः सिंगि सेतअः मोड़े बजे आते एटेः जनते इसु निदा गेल बर बजे जकेद् चलव तना।
94734,जुलेअः सान् बिरअते ले अगु जदा।,जलावन की लकड़ी जंगल से लाते हैं।
75475,"रूपापति-‘‘मेरे पास बहुत रूपया है, चलो, कहो, अभी ही तुमको एक सौ रूपया मिलेगा।’’।","रूपापुटि “अइड.अः इसु टका मेनअः मर कजीमे, नाअःगे मोद सए टकाम नमेअ।”"
68028,इसके बाद उड़ुगा उपर की आ्रेर देख रहा है और इधर उधर मुड़ कर देख रहा है और उनको बहुत खुशी हो रही थी।,"एनते रसोअल कुकुरु बितररेए ककलाजद, ‘‘मर, नाअः दोइङ हिजुअकना; अमअः दंडें़ अमअः दका कूब्गेङ सुकुअतना।’’"
65648,सिड.बोंगा हैं कहके विश्वास कर रहे हैं या नहीं कर रहे हैं ?,सिड.बोगा मेनत्र्प्रःइत्र्प्र मेनतेका बिसुत्र्प्रसतना चि काकोबिसुत्र्प्रासतना?
29848,पिछले दिनों Water and Sanitation का जो हमारा भारत सरकार का मंत्रालय है ‘पेयजल एवं स्वच्छता मंत्रालय’।,सेनोः जन हुलङ कोरे दअः ओड़ोः स्वच्छता रअः ओकोअ अबुअः भारत सरकारअः मंत्रालय तनअः ‘ पेयजल ओड़ोः स्वच्छता मंत्रालय ’।
87244,आदरणीय जगदीश त्रिगुणायत लोक कथाओं और लोकगीतों को संकलित करके बांसुरी बज रही और मुंडा लोक कथा के नाम से छपवाए।,मइनन जगदीश त्रिगुणायत लोककथा ओड़ोः लोकगीत को जमा केआते बांसुरी बज रही ओड़ोः मुंडा लोक कथा लुतुम ते चपा तदा।
45057,14 अप्रैल 1817 को बक्सी जगबंधु ने 5 से 10 हजार पाइकों और कंध जनजाति के योद्धाओं की अगवाही कर पुरी को कब्जे में ले लिया और मुकंद देव (द्वितीय) को उनकी झिझक के बावजूद राजा घोषित कर दिया।,"14 अपै्रल 1817 रेअः बक्सी जगबन्धु, 5 ते 10 हजार पाइकको आद् कंध जनजातिकोरेन लड़ाकाकोअः अगुआ केअते पुरी के अकोआ दबि रेको अउ केदा आद् मुकुंद देव (एटअःनि) इनि कःए सनातिड. तन रेओ राजा को एलान किःअ।"
33555,इस बात को हम अपने निजी जीवन में भी अनुभव करते हैं और ऐसा ही एक उदाहरण तमिलनाडु के लोगों ने व्यापक स्तर पर प्रस्तुत किया है।,ने काजि के अबु अपन निजा जिनिद रे ओ अनुभव दाड़िआबु ओड़ोः नेका गि मियद उदाहरण तमिलनाडु रेन होड़ो को मरङ स्तर ते प्रस्तुत कदाको।
43674,दुनिया के अलग-अलग हिस्सों में औरतों ने अपने संगठन बनाए और बराबरी के अधिकार हासिल करने के लिए आंदोलन किए।,दुनिया रेअः बिनगा-बिनगा हिस्सा रे एराको अपन संगठन बइ केदा ओड़ोः बराबरि रेअः अधिकार नमोः नङ आंदोलन केदा।
36177,1960 के दशक में मध्य प्रदेश में पुरुष के रूप में बड़ा होना।,1960 राः दशकरे मध्यप्रदेशरे कोडाराः उइकाते मरानाङ
63858,जगुआ - लका के साथ तुम दोनों एक दूसरे को देखा है क्या ?,जगुअ - लकालोःदोबेन लेपेलअकना चि ?
3323,माँ ने कहा अरे! तुमने छींका मैं तो समझ रही थी कि तुम्हारे पिताजी ने छींका हैं।,एंगाते काजि तना अरे! अम हाचु:ला अइंग दो बुझाव तना चि अमआ अपुमाए हाचु:ला मेन्ते
41318,"इसलिए, सामाजिक अध्ययन में जनसंख्या एक आधारी तत्त्व है।",एना मेनते सामाजिक अध्ययन रे होड़ो लेनेका मियद् आधार जिनिस तना।
57788,"बुढ़िया- बात यही है, एक जगह पर तुम्हारे लिए सौतन के रूप के लिए पूछ रहे हैं। इसी के बारे में तुम क्या कह रही हो ?","बुड़िअ - कजि नेअगे, मिद् तअःरेनको अम मेनते हिरूमरेको कुलितना। एनागे चेनअःम मेनेअ?"
29712,"और इन satellites में भारत के अलावा फ्राँस, जर्मनी, इटली, जापान, ब्रिटेन, अमेरिका – ऐसे क़रीब-क़रीब 14 देश इसमें शामिल हैं।","अर ने रे भारत लोःते एटअः फ्रांस, जर्मनी, इटली, जापान, ब्रिटेन, अमेरिका नेकन मोटा-मोटि 14 दिसुम नेरे जमाकना।"
45352,"उसने नमक कर, विदेशों में भारतीय मजदूरों के साथ होने वाले बर्ताव तथा भारतीयों के कामों में दखलअंदाजी करने वाले वन प्रशासन की वजह से वनवासियों की बढ़ती मुसीबतों के बारे में बहुत सारे प्रस्ताव पारित किए।","इनि बुलुड. कर, एटअः दिशुम कोरे भारतरेन कमिनला तनको लोःते होबाओतन कजि-कमिको रे चा भारतरेन कोअः कमि कोरे बलयोतन बिर रइज चलवतन कोअः करणते बिर रे तईतनकोअः सद्व कोरअः बारे रे इसु सोबेन प्रस्तावको पास केदा।"
29810,"जब मैंने उसका analysis पूछा कि भई, देखिये सिर्फ नौजवान ही आते हैं कि बड़ी आयु के लोग भी आते हैं, तो मुझे ख़ुशी हुई कि इनाम प्राप्त करने वालों में 15 साल के युवा भी हैं, तो पैंसठ-सत्तर साल के बुज़ुर्ग भी हैंI।","चिमतङ अइङ एना रअः एनालिसिस कुलि केद्-कोव चि हगाको, लेलेपे नौजवान को बारि को हिजुः तना चि पुरअः उमर रेन होड़ो कोओ को हिजुः तना, इमतङ अइङ रासिकाओ तना चि इनाम नम जद् कोरे 15 साल रेन युवाओ मेनअःइअ, ओड़ोः पैंसठ-सत्तर सिरमा हड़म होड़ो को’ओ मेनअः कोअ।"
70037,एनाते गे ने दुरङको रअ: बनइ जुगुतु अकड़ा सुसुन को लो: ते जुड़िअकना।,इसीलिए ही ने इन गीतों की रचना अखड़ा नाच के साथ समान है।
33893,"अर्थात, संसार में, जल ही, हर एक जीव के, जीवन का आधार है और जल ही सबसे बड़ा संसाधन भी है, इसीलिए तो हमारे पूर्वजों ने जल संरक्षण के लिए इतना ज़ोर दिया।","मेनदो, संसार रे, दअः गि, सोबेन जिउ रे, जिनिद रअः सनब तनअः ओडोः दअः गि पुरअः मरङ साधनओ तनअः, एना मेनते अबुअः नङ होड़ो को दअः बनचव मेनते निमिनङ जोर केदा को ।"
35111,आखिर कब तक हम उन्हें उनके हाल पर छोड़े रहेंगे।,चिमिनङ सनतेद् अबु इनकु के इनकुअः दसा रेबु बगे कोअः।
11073,घटना के सूत्रों का कहना है।,होबालेन नाड़ेः ते टोओर तान होड़ोकोआः काजिताइकेना।
34695,रथयात्रा की पूरी दुनिया में एक विशिष्ट पहचान है।,रोंवोंटो रेया: गोटा दिसुम रे मियद् इस बुगिन लेनेल उनुरुम मेना:।
42730,क्या आप अंदाजा लगा सकते है कि क्यों सरकार यह कदम नहीं उठा सकती थी ?,चिनअः अपे अंदाजपे लगाओ दड़िआ चि सरकार चिकाते चंडङ काए उठओ दड़ितेआ ?
45083,अंग्रेजों के पास भी इन सवालों के कोई बने-बनाए जवाब नहीं थे।,विलायति होड़ोको तअःरेओ ने सवाल रेअः जेतन बइ बइअकन रेअः जबाब का तईकेना।
73601,‘‘ये लोग क्या काम कर रहे हैं ?’’।,निकु चेनअःको कमितना ?
65161,इन जानवरों को बिरहोर लोग ही काबू कर सकते हैं।,इनकुदो बिरुडुको एनड. कबुकोत्र्प्र।
52317,"इसी साल शायद मैं डण्डा पकड़ूंगी, अगले साल तक में मैं कमर भी सीधा नहीं कर पाउंगी शायद, बिल्कुल झुक जाउंगी।",ने सिरमागे जाअः सोटाइङ सबअ; कलोमकोतेदो मयङओ का जाअःइङ सो‘जे दड़िअ; पुरअः-गेङ लुकुद् लुकुदाअ।
61420,"एक बित्ता जमीन के लिए लड़ोगे; लेकिन उस जमीन से अधिक खरीद सकने योग्य खर्च करोगे। ""।","मोद् बिता ओते नङबेन लड़इअ; मेनदो एन ओते'ते लाअःगे किरिङ दड़िओः इमिनङबेन करचाएअ।"""
72516,चगानि-आज भी मैं गीत गाउंगी। कल हमलोगों ने भालू को पायी थी कहके क्या हम गीत गाना छोड़ देंगे ?,"चगानि - तिसिङओ, नाव दुरइएअ। होला बुड़िबु नमकिःअ एना मेनते दुरङ चि होकाएअ?"
8113,"सविता बोली-अरे, यहाँ तो हलवा बन रहा है?","सबिता कजि केदा- अरे, नेतअः रेदो हलवा बइओ तना"
77505,कोसअः ते मिअद् सोना दिदि अपिर आउ लेना आद् बरन मेदकिङ पातालपुर तेए: इदिकेदा ।,किसी तरफ से एक सोना गिद्ध उड़ के आया और दोनों आंखों को पातालपुर में उड़कर ले गया।
65892,"बाल का गुच्छा हिल रहा था-दलुः दलुः, दलुः दलुः, दलुः दलुः, दलुः दलुः।","दोचोद् एकेलातना,-दलुः दलुः, दलुः दलुः, दलुः दलुः दलुः दलुः।"
59208,उन आदमियों को कल आप लायेंगे तब और दो आने आपको दूंगा।,"एन होड़ोको गपागेम अउकेकोरे, ओड़ोः अर गनडाइङ ओमअमेअ।"
13312,"सभी राजनीतिक दलों का भी अभिवादन करता हूं, जहां सहमति की मजबूत धरातल पर हम राष्ट्र को आगे ले जाने के महत्वपूर्ण निर्णयों को कर-करके हमने संसद का कल के सत्र का समापन किया है।","सोबेन राजनितिक गोट कोके होओ जोआर दरोमाइङ रिका कोआ, ओकता जपागर रेआ केटे ओते दिसुम रे आबु राष्ट्र के अयर ते इदि रेआ जरुड़ु सलाहा को के रिका - रिका केयाते आबु संसद रआ होला रआ सत्र रआ टुडु रिका केदा।"
40733,"जंजीर खींच कर यात्री कहीं भी अनावश्यक रूप से गाड़ी रोकते हैं, जिससे रेलवे को भारी हानि उठानी पड़ती है।","सिकड़ी (जंजीर) रचअः केअते यात्री को जअतअ रेगे बेगर मुन्डी रअः गाडि को तिंगुयाको, एनाते रेलवे के पुरअःगे हानि उठाओ होबओःआ।"
72591,"अब मैं चेत गया हॅू, नमी कम वाले दोन खेतों में किसी प्रेतात्मा के द्वारा पागल बनाने पर ही गर्मा बुआई करूंगा।",नाअः दोइङ चेतवजना; दअः मेद्रे सोरोएः लोयोङ जा बोगा बलुकिःइङरे एनङइङ हेरजेटेअ।
24284,मुझे ये देखकर बहुत अच्छा लगा कि बहुत ही कम समय में ढाई हज़ार से ज्यादा युवा इस काम को करने के लिए आगे आए हैं।,अइंञ के नेआ लेल केआते पुराः गे सुकु किञः चि पुराः गे कोम सोमय रे दाई हजाराः ते सांगि धंगड़ा को नआ कमि को रिका मेनते अयर को हिजुः जना।
11120,आंवले के कुछ औषधीय उपयोग निम्न हैं।,"मेरेल राः हुडिंग रानुआन् कमि रे, अगु नेका मेनाः।"
47858,धरमा गहरी निंद मे सो गया।,धरम खुब दुडुम जना।
31843,"अब ये भी आपने देखा होगा कि हमारे सारे त्योहार, प्रकृति के समय पत्रक के अनुसार चलते हैं | प्रकृति के साथ सीधा-सीधा संबंध आता है |।",नअः नेअः ओग लेल ओबाओ चि अबुअः सोबेन नेग परब प्रकृति रेअः समए सकम नेकाते सेसेन तना।
47847,रिसा मुंडा के दो बच्चे थे।,रिसा मुण्डाअ बर होड़ो: होन किङ तइ केना।
13090,"भाइयो और बहनो, मेरा मानना है कि दुनिया की कोई भी ताकत हमारे महान देश को विकास और तरक्की की नई ऊचाइयां पाने से नहीं रोक सकती।","हागा ओड़ो: मिसी को , अञ् पतिआ तना चि गोटा दिसूम रेआ जान पेड़े:ए अबुआ महान दिसूम रेआ विकास ओड़ो: तरक्की रेआ नवा उचाई नम् रे काको रोकाओ दाड़िआ ।"
52337,"इसके बाद फिर से पउदा पूछ रहा है-ऐ, दादी, मैंने जो पूछा उसके बारे में आपने नहीं बतायीं ?","एनते ओड़ोःगे पउदा कुलितना-अते, अजि, अइङ कुलिकेदमेअःदो काम कजिकेदा ?’’"
33746,मयूर पाटिल – सर motorcycle पे हम लोगों ने test किया उसका mileage था 25 Kilometers per liter वो हम लोगों ने बढ़ा दिया 39 Kilometers per liter तो करीब-करीब 14 किलोमीटर का फायदा हुआ और उसमें से 40 प्रतिशत का Carbon emissions कम हो गया।,"मयूर पाटिल - गोमके, मोटर साइकिल रे अले टेस्ट केदाले एनारअः माइलेज तइकेना हिसि मोड़े किलो मीटर परलीटर एना अले बढ़व केदाले हिसि गेल अरेआ किलो मीटर परलीटर दो ओनमोन गेलउपुन किलो मीटर रअः फायदा होबा जना ओड़ोः एना एते बर हिसि प्रतिशत रअः Carbon emissions कोम जना।"
94589,"हे, अञ् असुल दड़िअः ।","हाँ, मैं पाल सकता हूँ।"
22523,कई राज्यों में लोग तिथि भोजन अभियान चलाते हैं।,चिमिन राइजकोरेन होड़ो तिथि भोजन अभियान / नेडा मंडिजोम अभियान को चलव तना ।
60495,आदमी ने कहा कि मैं तुम्हारी माताओं को देखना चाहता हूँ।,"तला मङानिः पांडांएः कओ जना , एनाते हुपुड़िङ को कुवर हगा को कजियद् कोआ।"
35296,ब्रिटिश औपनिवेशिक शासन के खिलाफ देश के विभिन्न क्षेत्रों में जनजातीय आंदोलन राष्ट्रीय स्वतंत्रता संग्राम से जुड़ गए और पूरे देश में भारतीयों को प्रेरित किया।,ब्रिटिश औपनिवेशिक शासन रेआ खिलाफ दिसुम रआ बिनगा - बिनगा इलाका रे जनजाति कोआ आंदोलन राष्ट्रीय स्वतंत्रता संग्राह ते जोड़ाव जना ओड़ो: सोबेन दिसुम रेन भारतीय कोआ कजि उदुब केकोआए।
38720,धान सब को बांधकर खत्म कर लिया।,बाबा को पोटोम चबा केदा।
24687,"कोरोना के इस कालखंड में देश कई मोर्चों पर एक साथ लड़ रहा है, लेकिन इसके साथ-साथ, कई बार मन में ये भी सवाल आता रहा कि इतने लम्बे समय तक घरों में रहने के कारण, मेरे छोटे-छोटे बाल-मित्रों का समय कैसे बीतता होगा |।","कोरोना रेयाः नेया कालखंड रे दिसुम इसु ताः मिसा तेः ओपोता तना, ‘ मेनदो निया लोःते, इसु दांड जि रे नेया कुनुली हिजु तना चि निमनाड. जिलिड. सोमए जकेद ओड़ा कोरे ताइन रेयाःते, अञागा हुपुड़िड.-हुपुड़िड. होन-सोंगे कोवाः सोमय चिलकाते पारोम तन तइकेना।"
22021,"करीब 27 farm ponds बनाए और उसके कारण ground water level में बढ़ोत्तरी हुई, पानी ऊपर आया।","एनका नेकाते 27 farm ponds को बइ केदा ओड़ो: एना रअ: चलते grond Water level रकब इंदिअ:कना, दअ: चेतन ते हिजुः तना।"
89258,और उनके पहुँचने से पहले ही बुधु भगत गाँव से दूर चला जाता था।,आद् इनकु तेबअए सिदा रेगे हातुअ ते परका कनेः तइना।
30591,"अभी पिछले दिनों, मीडिया में, बिहार के पश्चिम चम्पारण जिले के भैरवगंज हेल्थ सेंटर की कहानी जब मैंने सुनी, मुझे इतना अच्छा लगा कि मैं आप लोगों को बताये बिना रह नहीं सकता हूँ I।","नआ सिदा दिपिला, मीडिया रे बिहार रअः सिंगि डुबुई चौपाराण जिला रअः भैरवगंज हेल्थ सेंटर रअः कहनि जव अइंञेः अयुम केदा अइंञ इयिन सुगाड़ाञ अटकर केदा चि अइंञ अपे के उदुव गेगर तइन का दड़ि जना।"
7612,यही तरीका बाद में ब्रेल लिपि के नाम से जाना गया।,नेअ सेंड़ा गे तयोम ते ब्रेल लिपि को कजि केदा।
51628,उस समय जिस तरह पाए वैसे ही पुजा किए।,इमतांङ चिलका को नम लअ एन का गेको बोंगा केदा।
96738,"दूसरे घरों में मुर्गी मांगने जाउंगी, हम आज ही पूजा करेंगे।",एटअ: ओड़अ: कोरे सिम असितिङअ; तिसिङगेले बोंगाइ ।
72258,"ओझा- ‘‘किसके घर में ऐसा हो रहा है वह कहे कि वह कितना दे सकता है ऐसा महसूस कर रहा है, इसके बाद पता चलेगा कि मेरे लिए कम पड़ेगा या ठीक होगा।’’।","देओंड़ां, ""ओकोएअः ओड़अःरे एनका होबाओःतना इनिः कजीका चिमिनङ ओम दड़ि लेकाए अटकरजदा; | एनते मनडिओअ अइङ मेनते पुरअःगे हडिङओअ चि टउकाओअ।"""
86056,एक गोत्र के लिए एक पड़हा राजा नियुक्त किया।,मियद किलि रेन कोअः मियद पड़हा राजाए तिंगु किया।
57420,चगानि- यह गैर आदिवासी ने कैसा किया ?,चगानि - ने दिकु रजा चिलकाकेदा?
70523,छठी के समय उसी ब्राह्मण ने पूजा-पाठ किया।,चठी इमताः एन टुवार होनाः दो एन बमांड़े गे बोंगा केदा।
73000,आजकल इस आस-पास में एक भी बिरहोर नहीं हैं।,तिसिङगपादो नेतअःकोरे मिअद् रटि बिरुड़ बंगअःइअ।
20270,वो प्रसन्नता व्यक्त कर रहे थे कि रामायण पर बनाई उनकी painting दो लाख रुपये में बिकी है।,इनिः रसिकान गि अएः के देखव तइकेनए चि रामायण रे बइआकन इनिअः painting बर लाख टका रे अकरिंङ कना।
18452,"यहाँ, सातवीं Class में पढ़ने वाली बिटिया ‘आकर्षणा सतीश’ ने तो कमाल कर दिया है।","नेताः, एया class रे पढ़ाव तन मइहोन, आकर्षणा सतीश दो कमाल रिका केदा।"
65697,क्या मैं इतना ठगा जाउंगा ?,त्र्प्रमिनडगे चिड.बेदाना?
6422,बुसुःडी के लोग उसी पेड़ की छाया में बैठे।,बुसुःडी होड़ोको एन दारु उमबुल रेगे को दुब जाना।
48671,सितंबर का महीना था।,भादो चण्डुः राअ समयतइ केना।
34272,"साथियो, आज इस मौके पर मुझे लता मंगेशकर जी, लता दीदी की याद आना बहुत स्वाभाविक है।","सोंगेको, तिसिङ ने मोका रे आञके लता मंगेशकर जी, लता दीदी रेआ उड़ु हिजु बेसे स्वाभाविक मेना।"
62545,तयरबेड़ा- इसी तरह अनुभव हो रहा है। कल हमलोगों ने सुन लिया है एक शब्द भी रूइटोला से कम नहीं हुई।,तयरबेड़ा - एन लेकागे अटकरोःतना । होलाबु अयुमकिःअ मिअद् कजिरे रटि रूइटोलाएते काए लतरजना।
56289,सोखा का घर जाने की बात शुरू हो रही है।,सोखा दुअरते सेन रअः जगर एटेगोःतना
81114,ढुकुरा - घासी जाति के लोग ऐसा नहीं करते हैं; वे मुनडाओं से डरते हैं; इसलिये मत डरो।,दुकुरा - गा'सि जतिको एनकनअः काकोअ : मुनडा होनकोको बोरोअकोअ; एना मेनते अलोपे बोरोएअ ।
87130,सच में ऐस समय में जो भी दुःख सुख रहन-सहन के बारे से गीत बनता है।,"सारते गे ने दिपलाड. रे जे गे दुकु, सुकु ताइन बाइन तेआ बारे ते दुराड. बाइओआ।"
50097,"एक कारण तो शिक्षा के प्रति जागरुकता की कमी होना और दूसरा कारण है, गैर-अदिवासी विहीन क्षेत्र का होना।",मियद् कारण दो हसादअ: दिसुम रे ओल पढ़वाकन होड़ोको खोम गेआ ओड़ो: एटअ: कारण दो हसादअ: दिसुम रे एटअ: जाति राड़िबाड़ि होड़ोको बङकोअ।
97211,"वैसे आदिवासी जहां भी रहते हैं वहां की जमीन नदी, झरनों, जंगल, पेड़ - पौधों, पशुओं, खनिज अदि से प्रायः भरे होते हैं।","एन लेकन आदिवासी कोतअः रेको तइन तना एन्तअः रअः ओते नई, झरना, बिर, दरु को, जनवर को, खनिज एमन कोएते जनव पेरेः कनोगा।"
1098,अध्याय 12 में तुम इन मंदिरों के बारे में पढ़ोगी।,गेल बरिया कुतुइल (12) रे अपे ने मंदिरको रअः बारे रेपे पड़वएअः ।
53946,सिर के पीछे में लात मारनेवाला कह रहा था-‘‘मैं भी इसी कारण से सिर में फिर से लात नहीं मारा।’’।,"देअरे दलकेनिः मेनजदा, ‘‘अइङओ एना मेनतेगे बो’ःरे काइङ दलकिःअ।’’"
95273,होनको रः सेंड़ा:आ को चिनः इनिः बुगिन लेकते ओम दडिंतनः?,बच्चे की शिक्षा दीक्षा क्या वे ठीक से दे पाते हैं?
14576,आज सरकारी योजनाओं की गति बढ़ी है।,तिसिङ सरकारी जोजनाको जोरते सेसेनताना।
85079,वे तो मुनडा खूँट के हैं हम लोग तो पहान खूँट के हैं।,इनिःदो मुनडा खुंटुरेन होड़ो; अलेदो पां'ड़ां खूंटुरेनको ।
55136,पुरे देश 1947 ई. पहले में राजाओं का राज था।,गोटा दिसुम 1947 ई. सिदा रे राजा कोअ राइज तइ केना।
30235,पर तबाबी देवी ने Youth Olympics में जूडो में सिल्वर मेडल जीत कर इतिहास रच दिया।,मेन्दो तबाबी देवी दो Youth Olympics रे जूडो रे सिल्वर मेडल जितव केआते इतिहासए बइ केदा।
15907,मैं उनके प्रति अपनी संवेदनाएं प्रकट करता हूं और राज्‍य सरकार केंद्र सरकार एन डी आरएफ सभी संगठन नागरिकों का कष्‍ट कम कैसे हो सामान्‍य परिस्थिति जल्‍दी कैसे लौटे उसके लिए दिन-रात प्रयास कर रहे हैं।,"अञ इनकुअ मेन्ते अञा: जी रेञं दुकु तना ओड़ोः राइज सरकार, केन्द्र सरकार, एन डी आर एफ ने सोबेन संगठन को, होड़ो कोअः बलए चिलका को ओको लेका कमोःआ, सिदा लेकन सोंगड़ा दसा सेकेड़ा चिलका हिजु: रूड़ा बागा, नेआ कोरेअः मेन्ते निदा -सिंगी कमि रेको अचुआ कना।"
7058,इनके साथ भी उसी तरह दोस्ती हो जाएगी....... और जल्दी ही होली की छुट्टी आ रही है।,निकुलोओः एनकागेपे सोंगेओ:अ।.. ..... आ'र ने: गे दाङ पाआगु चुटि तेबागोः ताना।
37986,"उन्होंने उन परिवारों से भेंट की, जिनके रिश्तेदारों की मृत्यु हो गई थी।","इनकिन एन ओड़अः रेन कोलोः किन भेंट केदा, ओकोएअः कुपुल कोअः गोनोए होबा कन तइकेना।"
26729,उन्होंने किसानों के लिये Digital Krishak Shiromani असम सरकार ने ऐसे पहले 10 किसानों को 5 हज़ार रुपया ईनाम देने का निर्णय किया है जो बीज और खाद की ख़रीद के लिए पूरी तरह digital भुगतान का इस्तेमाल करते हैं।,इनिः चसा को मेनते Digital Krishak Shiromani असम सरकार नेकन सिदा गेलेआ चसाकोके मोड़ेआ हज़ार टका इनाम एमोओ रअः टनवअकदा ओकोन जंङ ओड़ोः सारा रअःकिरिङ मेनते गोटा लेका digital टका एम् रअः कमि रेको अउ जदा।
2153,यातायात की सुविधा है क्या?,हिजुः सेनोः रेअः सुबिदा मेनअः चि?
20065,"कभी-कभी बहुत सी बातें ऐसी होती हैं कि जो हमें प्रेरणा देती हैं, और ये मत सोचिए कि ये सब विद्यार्थियों को ही प्रेरणा देती हैं।","मोसा - मोसा पुरअ: ते जगर को नेका तइन चि एना ते अबु इनितु ओमा बुआ, ओड़ो: नेआ अलोपे उडुःइअ चि नेआ ते ओल पढ्व तन होन को बारि इनितुइ:, ओमा कोन |"
85299,"डुइता - रोमन मिशन के लोगों के लिए हार, चूड़ी और बाल बढ़ाना मना नहीं किया गया है, अन्य मिशन के लोगों के लिए मना किया गया है।",डुइता - रुमिन मिसनरेनको मेनते हिसिर सकोम ओड़ोः उब् आसुल का मना'कना; मेनदो एटअः मिसनरेनको मेनते मना'कना ।
71522,रइगड़ा-पेशाब में तेल का बूंद गिरा कर और क्या क्या कहते हैं ?,रइगड़ा - रचा दअ रे सुनुम टिपअः केते ओड़ोःदो चेनअः चेनःकोको कजिअ ?
35797,"(ज) वनों के सभी वन ग्रामों, पुराने आवासों, असर्वेक्षित ग्रामों और अन्य ग्रामों के बसने और संपरिवर्तन के अधिकार, चाहे वे राजस्व ग्रामों में लेखबद्ध हों, अधिसूचित हों अथवा नहीं;","(ज) बिर बितर रेअः सोबेन बिर हातुको, पुरना ओड़अः को, का सर्वेक्षित हातुको ओड़ोः एटअः हातुको रेअः तइन ओड़ोः संपरिवर्तन रेअः अधिकार, मेनदो एना राजस्व हातुको रे लेखाबद्ध मेनअः कोअ अधिसूचित मेनअः कोअ च का ;"
4814,सही आहार का क्या मतलब है ?,बुगिन जोम-नू रअः चिनअः ओरोतो को मेतअः?
39910,4. मौलिक अधिकार - मौलिक अधिकारों वाला खंड भारतीय संविधान की ‘अंतरात्मा’ भी कहलाता है।,4. मौलिक अधिकार - मौलिक अधिकार वाला खंड भारतीय संविधान रआ ‘अंतरात्मा’ ओ कजिया को।
19246,"दरअसल, संस्कृत के महान कवि कालिदास ने आषाढ़ महीने से ही वर्षा के आगमन पर मेघदूतम् लिखा था।","असल रे, संस्कृत जगर रेन मरङ दुरङ ओल हरिआ कालिदास आसाड़ चण्डु: ते गि जरगि रेअ: एनेटे: रे' 'मेघदुतम्' ओल लिइअ:।"
88844,"डोनडा-हमलोग आपको कमजोर नहीं बना रहें हैं, आपताकतवर हो जायें।",डोनडा - काले कोएदेमा; पेड़ेगोःमे ।
24382,"इससे आत्मनिर्भर भारत के अभियान को न केवल गति मिलेगी, बल्कि देश technology में भी advance बनेगा |।","नेअः ते आत्मनिर्भर भारत रेअः अभियान रे गति दो हिजुअः, मेनदो दिसुम technology रेओ Advance बइयोअः।"
26879,"इस वजह से student Inspiration तो कम, लेकिन down बहुत हो जाते है।","नेआ रअ: चलते छात्र प्रेरणा दो कोम, मेनदो इसु कोमो: तना ।"
25917,"साथियो, कश्मीर से एक और प्रेरक घटना है, यहाँ, अनंतनाग में municipal president हैं – श्रीमान मोहम्मद इकबाल, उन्हें, अपने इलाके में sanitization के लिए sprayer की जरूरत थी |।","सोंगेको, कश्मीर रे ओड़ोः मियद प्रेरक घटना मेनअः, नेतअः अनंतनाग रे municipal president तनिः - श्रीमान मोहम्मद इकबाल, इनिः, अयअः इलका रेsanitization मेनते sprayer रअः जरूड़ु होबा लेना।"
79229,उसने जाते ही लीमन को पकड़ लिया और घर के भीतर ले गया।,अद् इनीः केः साब् कीः ची ओड़ाः तेः अदेर किआ ।
32788,"लेकिन मेरे MyGov पर एक e-mail आया, तो मेरा ध्यान गया।","मेनदो अइञअः My Gov रे मियद ई-मेल हिजुः लेना, दो अइञअः देयान सेनोः जना।"
49452,अब अगला बैठाक में शेर को बुलाते हैं।,आबु अयर दुनुब रे सिंह कुला बु राअइअ।
77012,"इनिःए मेनाकदा - ससंकिर दो ने लेकान विसुवास, अचार विचार, नेग दस्तुर, चइल चोलोन, ओड़ोः हुनरको गे तनअः (नेअको सोबेन जेताए एन जाति रेन होड़ो होबा कोआतेए नम जदा) ।","उन्होंने कहा है-संस्कृति एक तरह का विश्वास, आचार-विचार, नेग-दस्तूर, चाल-चलन और कुशलता ही है (ये सबकुछ उस जाति के आदमियों के द्वारा रचित रचनाओं से पता चलता हैं)।"
29910,और देश की एकता और अखंडता सुनिश्चित करने के लिए हमें प्रेरित भी करता है।,ओड़ोंः दिसुम रअः उकता अर अखंडता बबइ नङ अबुके प्रोरित बु तना।
54687,"उसका बेटा उनको समझा रहा है तब, जबाब में उससे कह रहा है-‘‘ तुम, बाबू, तुम क्या जानते हो ?","होनते कोड़ा कजि वुजवतना दो, इनिः मेतअइतना, ‘‘अम, बबु, चेनअःअ इतुअना ?"
20306,Chile Senate के Vice President का नाम रबिंद्रनाथ क्विन्टेरॉस है।,चिलि सेनाते रे Vice President रअः नुतुम रबिंद्रनाथ क्विन्टेरॉस तनअः।
81844,"तब नगपुरिया आदमी ने एक जोड़ा बनाया और क्या क्या बोला और बलिराम को कहा, ""इसे अपने कपड़ों से लपेट कर बाँध दो, मत खोना, वहाँ पहुँचकर डेरा घर में टाँग दो, बकरा बलि करते समय यह फेंका जाय।""।","एनतेदो नगुरि होड़ो मिअद् जोड़ाए बइकेदा अद् चेनअः चेनअःकोए कजिकेदा, अद् बलिरामए मेतअःइअ, ""नेअ अमअः लिजअःकोलोः पोटोमतम; अलोम अदेअ; हनरे तेबअःजनचि, डेरा ओड़अःरे हका-तमः मेरोमलङ बोंगाइ दिपिलि नेअ गिड़िओःका।"""
2341,हमारे पास पूँजी नहीं है।,अलेतः रे पूँजि बनोअः ।
36775,संपन्न बस्तियों के मुकाबले गरीब बस्तियों में सेवाओं की स्थिति कमज़ोर है।,किसड़ा टोला रेआ बाराबारी रे रेंगे टोला (गरीबी) रे सेवा रेआ दशा डालेकाले गेआ।
63163,"लेकिन वे फारों को हथौड़ा से मारने का काम पकड़े, इसलिए उनलोगो को लोहार जाति के लोग कहा जाता है।",मेनदो पा’ल कोटेः कमिको सब्केदा; एना मेनते बड़ाए जतिको मेनोःतना ।
8057,सभी मिलकर पेड़ों की छाया में खेलते हैं।,सोबेन हुंडि कोआते दरू रेअः उम्बुल रेको इनुङआ।
30505,"जरा उन दिनों को याद कीजिये, कैसा माहौल था | भांति-भांति के कितने लोग मैदान में आ गये थे |।","हुड़िङ एन दिन मुंड़ि के खेयाल रूवाड़ा लेपे, चिलका हला-जोला ताई केना। रोकोम-रोकोम रेन चिमिनंङ होड़ोको पिड़ि रेको हिजुअ लेना।"
74904,"लको-ये सब आप सही जानते हैं, किसी में भी मैंने आपको गलत साबित नही कर सका।",लको - ने सोबेनअः असलगेम इतुअना मिद चोकोएः रटि गलतिरे काइड.सबूति केदमेअ।
12512,लेकिन मेरे प्यारे प्रिय परिवारजनों।,"मेनदो अञअः दुलाड़ान ओड़अः रेन को,"
59009,"रइगड़ा - बच्चियों, कल कई सारी बातें कहे गये थे।","रइगड़ा - कजि, दाना, इसुगे दङ होला कजिजना।"
9864,शरीर पसीने से लथपथ हो गया।,होड़मो बालबाल दाः ते लतपत जना।
97424,पांचवी अनुसूची क्षेत्र में पेसा कानून के प्रावधान पत्थर पर लिख कर प्रत्येक ग्राम सभा में धूमधाम से पत्थलगड़ी की गयी ।,पांचवी अनुसूची क्षेत्र रे पेसा कानून रेअः प्रावधान ढिरि रे ओल केआते मिमियद ग्राम सभा रे धूमधाम ते पत्थलगड़ी रिका कना।
83547,इसीलिए माता पिता बोल रहे हैं कि उसकी शादी इसी साल किसी प्रकार से होवे।,एना मेनतेगे गंगा अपु किङ इनिअः अङ़नदि ने सिरमा जे'लेकातेगे होबओः काकिङ मेनजदा ।
77900,एन हलाजोला को रे राज गंगपुर रेन अएअः हगा जातिको जमींदार ओड़ो: ठीकादारकोअः इसु पुरअः सिगिद् ससात्ति रेको तइकेला ।,उसी के आस पास में उसने देखा कि राज गंगपुर के अपने भाई बन्धुओं को जमीन्दारों और ठीकादारों के द्वारा कई तरह के कष्ट और प्रताड़ना दिया करते थे।
87249,बुधनाथ शिखर तमाड़ प्रखण्ड के निकट बबैकुंडी ग्राम में पैदा हुए थे।,बुधनाथ शिखर तमाड़ प्रखण्ड जपाः बबैकुंडी हातु रे जोनोम लेना।
18660,मैं ‘मन की बात’ के माध्यम से सऊदी अरब सरकार का भी ह्रदय से आभार व्यक्त करता हूँ।,अइङ ' जी रा: जागार' होराते सऊदी अरब सरकार जीआतेञ जोआराइ ताना।
86210,इनि: दो अबुअ: रानि आते पुरअ: गेए: सुगड़ाअ:।,वह तो हमारी रानी से भी अतिसुंदर है।
5771,"जहां तक आत्मनिर्भरता का सवाल है, वह तो खुद अपने पैरों पर खड़े होने पर ही आयेगी। सरकार, माँ-बाप की तरह खड़ी रहने पर भी हमेशा नहीं खिलायेगी।","तिंगु दो आबु आपानेते तिंगुको एनाङ। सरकार एंगा-आपु लेका तिंगुआकान रेओ जाओ गेदो काए आजोमा, काएः तिः बाड़ाः।"
33211,सभी को राष्ट्रीय खेल दिवस की भी बहुत-बहुत शुभकामनाएँ।,जोतो को राष्ट्रीय इनुङ दिवस रअःओ इसु पुरअः जोआर रूअड़।
91518,आगे की योजना के तहत क्रांतिकारी सेना कुंअर सिंह से मुलाकात की।,अयर रेअः कमिको रोजोटोअ कद् लेकागे क्रांतिकारी फौद को कुंअर सिंह लोः को नपम जना।
18101,इस Hashtag के जरिए हमें अपने खिलाड़ियों को cheer करना है… उनका उत्साह बढ़ाते रहना है।,"नेअः Hashtag होराते अबु अबुअः खिलाड़ी कोके cheer रिका मेना, इनकुअः रसिका उसकुर कतेअः,"
74444,"नगुरी बुढ़ा-हां, समधि, इस राज में अधिकतर लोग मड़ुआ की रोटी ‘‘होलोड.’’ खाते हैं। आपलोग मड़ुआ की रोटी कम खाते हैं, हां या नहीं ?",नगुरि हडम -हे समदि; ने राजिरे पुरअःगे कोदे होलोड.ले जोजोमा। अपे दो कोदे होलोड. पुरअः कापे जोमतना; हे चि का?
40951,इनका निर्माण भी अधिकतर उस समय होता है जब ये तरल अथवा गैसीय अवस्था में दरारों के सहारे भू-पृष्ठ की ओर धकेले जाते हैं।,नेआ कोरअः बनइओ तिंबा ते एन सोमोय होबाओः तना ओको इमतङ नेआ तरल च गैसीय अवस्था रे दरार कोरअः होरा ते भू-पृष्ठ सअः ते उदुरोःआ।
32238,"साथियो, पानी को लेकर हमें इसी तरह अपनी सामूहिक जिम्मेदारियों को समझना होगा।","सोंगेको, दअः रअः इदि केते अबु के ने रोकोम रअः अपन सामूहिक जिम्मेदारी को के बुझावेन होबअःओ।"
87827,3) सामान्य कहानी इसी में सभी कहानियाँ वर्णित किए हैं।,3) सोंगाड़ा कानि नेरे गे सोबेन कानि कोए बरनिका कदा।
43572,एक व्यक्ति कन्नड़ और भारतीय या बंगाली और भारतीय अथवा तमिल और भारतीय या गुजराती और भारतीय जैसी दो-दो कहचानों के साथ आसानी से जीता है।,मियद् होड़ो कन्नड़ ओड़ोः भारतीय च बंगाली ओड़ोः भारतीय च तमिल ओड़ोः भारतीय च गुजराती ओड़ोः भारतीय लेकन बबरिया उनुरूम को लोःते रबलान गे घड़ि जना।
93091,इस हिसाब से मुण्डारी भाषा से लिखा हुआ व्याकरण के पुस्तके अच्छे गिनती में आना है।,एन हिसब ते मुण्डा जगर ते ओल तद व्याकरण पुथि को बेस लेकाओेआ।
17271,"उनकी बहादुरी और सतर्कता के बिना, हम उन प्रभावशाली उपलब्धियों को प्राप्त नहीं कर सकते थे जो हमने हासिल कर ली हैं।","अकोवा बहादुरी ओड़ोः सतर्कता बेगर, अबु एन प्रभावशाली उपलब्धी को कबु नाम केद तेया ओकोवा अबु नाम तदा।"
65277,"रिड़ु की पत्नी-ऐसा तो, बाबू नहीं होगा।","रिड़ुनिः-एनकादो, बबु, का होबत्र्प्र्रोत्र्प्र।"
76569,"नौवा - अब तो वे पुराने हो गए, दो का दाम एक रुपया होगा; अधिक तो नहीं।",नउअ - नाअःदो पुरनाजना; बरिअ रअः गोनोङ मोद् टका गोनोङ- ओअ; पुरअः दो कागे ।
86404,मुण्डारी साहित्य के अनुसर सन् 1830 ई0 के लगभग से पहले ही हमारे समुदाय में कितने ही रहन-सहन नेग दस्तुर लालन-पालन और बहुत सारी चीजें थीं।,"मुण्डारी साहिति लेकाते सन् 1830 ई0 हला जोला कोआ ते सिदा रे आबुआ गोट रे चिमिनुड. गे राइन जाइन नेग दस्तुर, आसुल आपासुलेन ओड़ोः जेगे जिनिस को ताइकेना।"
50149,"उराँव लोगों के बीच मुण्डारी भाषा का फैलाव निश्चित रुप से हुआ है, इस बात की पुष्टी हमें मिलती है।",उराङको रे मुण्डा जगर जरूड़ नेकाते गे परोम लेना मेनेअः पिचा नमोः तना।
64068,बिना दरकार का कौन पैरों को घिसेगा ?,बेगर दरकारे ओकोए कटाए हरेना ?
8642,सियासत हमेशा रंग बदलती रहती है।,सियासत सोबेन सोमाए नेद बादिलिआकान तइना।
86270,बुगिन बुगिन चीजिको राजा जोमे नूए मेन्तेए: ओमाइ तना।,वह अच्छी-अच्छी चीजें राजा को खाने-पीने के लिए देती है।
49104,बंडो पुसि उस घंटी से खेलना शुरु किया।,बंडो पुसि एन टिडिङ ते इनुङ एटेः जना।
50614,"कभी कभी वैद्यों में फलना जड़ी या पत्ता आदि फलना बीमारी में दवा का असर होता है कहके सपना देखते हैं, इसमें ‘‘मैंने बुरा सपना देखा’’ कहके नहीं कहते हैं, लेकिन मैंने दवाई का सपना देखा’’ कहते हैं, पता नहीं किसलिए, इसके बारे में मैं कह नहीं सकती।","मेद्सोबोः. ओड़ोः मिअद्इङ; उदुबपेतना, अयुमेपे।मिसा मिसा बइदिको, पलना रे‘द् च सकम एमन पलना दुकुरे रनु टोगोअ मेनतेको कुमुइअः एनारे “कुमुसितिरकद् लअःअइङ“ मेनते काको कजिअ, मेनदो रनुइङ कुमुनमअः को मेनेअ, इदुष्डोः चेनअः मेनते एनादो काइङ कजि दडिअ।"
79102,एक दिन वह घूमते-घूमते उसी कोटर के पास आ पहुंचा उसे मनुष्य की गन्ध मिली।,मुसिङ हुलङ होनोर बड़ा तनलो एन कुकुरुताः तेबाः केद् चि मेन जदा चि कोसाः रे मनोवा. मनोवागे सोवन जअः इया।
64114,दूसरे घर वालों ने भी पीया।,एटअः ओड़अःकोरेनकोदो पिटिका केदा।
21834,"इन सबके बीच, कोरोना से लड़ाई का मंत्र भी जरुर याद रखिए ‘दवाई भी – कड़ाई भी’।",ने सोबेन कोअः तला रे कोरोना ते लड़ाई रअः मोनतोर जरूड़ु गे पहमे पे ‘दवाई भी - कड़ाई भी।
8603,दो रोटी खाकर गहरी नींद सोया है।,बारिआ लाद जोमकेआते दुड़ुमउताराकानाएः।
44385,राजस्व इकट्ठ करने और उसे कंपनी को अदा करने का जिम्मा जमींदार की बजाय गाँव के मुखिया को सौंप दिया गया।,माल तसिल जमा मेनते आद् एना कम्पनि के हल रिका मेनते जमीन्दारअः बदलि रे हतुरेन मुखिया को ओमइआ।
51936,पूरा गांव के लोगों से ज्ञानी माने गए।,गोटा हातु रेन होड़ो कोअ ते सेंड़ान को हिसब किअ।
11207,का मोबाईल ने कॉलर टयून सुनाया।,मोबाइल कालर ट्यून आयुम रिका केदाएः।
34544,"दो दिन बाद ही कच्छ के लोग, अपना नया वर्ष, यानि आषाढ़ी बीज भी मनाने जा रहे हैं।","बरसिङ तयोमतेगे कच्छ रेन होड़ो को अपन:-नावा सिरमा (साल), माने आषाढ़ी बीज यो को मानातिइंअ।"
94344,ने लेकन मियाद उमियान अपवाद सरती कमि जबाला तना।,इस तरह का एक प्रसिद्ध अपवाद सत्य काम जाबाल का है।
82381,इस आसपास के बहुत गाँवो के लोगों को ठग कर बनिया मालिक बन जाते हैं।,ने होपोर जापाःको रेआ पुराः हातुको हिड़ि होसड़ो के आतेगे बाड़िया को मालिकि को बाइआकाना।
40726,सह्याद्रि तथा उससे सन्निध क्षेत्र को भी घाट या दर्रों के द्वारा ही पार कर पाना संभव है।,सहयाद्रि ओड़ोः एनाएते सटावकन टयद् कोकेयो घाट च दर्रा कोए तेगे परोम दड़िओःआ।
34342,एक अन्य पुरस्कार विजेता साइखौम सुरचंद्रा सिंह जी हैं।,मियद् ऐटा: पाराइज जिताव कनि साइखाैम सुरचंद्रा सिंह जी मेनाइञा।
11428,यह सब अनिल भाई के व्यक्तिगत संबंधों का प्रताप था।,नेआ सोबेनाः अनिल हागा लोः ताइनोः राः मेनाः।
75679,क्या अभी ही हमलोग कह देंगे।’’।,नाअःरे चिअःबु कजितअः।”
28217,"मुझे बराबर याद है भारतीय मज़दूर संघ के जनक और चिन्तक जिन्होंने श्रमिकों के लिए बहुत चिंतन किया, ऐसे श्रीमान दत्तोपन्त ठेंगड़ी कहा करते थे – एक तरफ़ माओवाद से प्रेरित विचार था कि “दुनिया के मज़दूर एक हो जाओ” और दत्तोपन्त ठेंगड़ी कहते थे “मज़दूरों आओ, दुनिया को एक करें”।","अयं जनवगे पहमेअ चि भारतीय मजदूर संघ बइ केनि अद उड़ुतनि इनि कमितनको मेनते पुरअःगे उड़ु बेड़ा केना, एनकागे मइनन दतोपन्त ठेंगड़ी कजि जद् तईकेना-मिद् सअःरे माओवाद ते टोलेन तईकेना चि ‘‘दुनियारेन कमितनको मोदेनपे’’ अद दत्तोपन्त ठेंगड़ी कजि तन तईकेना ‘‘कमितनको हिजुपे, दुनिया के मोदगे बु बइआ’’।"
32743,Post Office को भी बैंकिंग सेवाओं के लिए सजग कर दिया गया है।,चिटि ओडअः के ओ बैंकिंग सेवाको नङ मेनते चिरगला कदा।
27336,"जैसे digital world हो या IT profession हो ये start-up उन्हीं के लिए है! जी नहीं, हमें तो उसको भारत की आवश्यकताओं के अनुसार बदलाव लाना है।","चिल्का digital world च IT profession गे नेआ start-up इनकु लइते गे मेनअः! का गे,अबु के दो एनाके भारत रअः जरुरत लेकाते बदलि अगु लगतिड.ा।"
77679,नेअ गे मुण्डा जगर-गोट (मुण्डा भाषा-परिवार) कजिओः तना ।,इसी को मुण्डा भाषा परिवार कहा जाता है।
39299,प्रार्थना के बाद सभी कक्षा के अंदर प्रवेश करते हैं।,गोवारि होबा जन चि इतुसई ओड़ाः रेको बोलोआ।
49770,क्योंकि बिरसा नदी पहाड़ खेत मेरे लिए बोलके बोला था।,चिअ चि बिरसा गड़ाबुरू ओते अञा मेन्ते कजि लअ।
46868,इस खेल में दो टोलियाँ एक रस्से को विपरीत दिशा में खींचती हैं।,ने इनुङ रे बरिआ टोलाकिन मियद् पगा के विपरित दिसा रेकिन थउजेआ।
30092,"…यानी धन और किसी ख़ास कामना को लेकर नहीं, बल्कि मरीज की सेवा के लिए, दया भाव रखकर कार्य करता है, वो सर्वश्रेष्ठ चिकित्सक होता है |।",....यानि धन ओडो जांए खास कामना को इदि केआते का बलकी रोग होडो कोआ सेवा मेनते दया भाव जोगव केयाते कामि तना आए सर्वश्रेष्ठ चिकित्सक ताइना।
76779,"हड़ु की बेटी के लिए और ही एक आदमी अगुवाई करने के लिए आया और पूछे जाने पर हड़ु ने कहा,"" तुम्हारी बात को मैं बहुत ही पसन्द करता हूँ।","हड़ुअ- होनते कुड़ि मेनते ओड़ोःगे मिअद् होड़ो दुतम मेनतेए हिजुः लेना, अए कुलिकिः चि हड़ु मेनकेदा, ""अमअः कजि कूब्-गेङ सुकुतना ।"
13536,"देखते ही देखते हिन्दुस्तान के हर ब्लॉक में एक आदर्श ग्राम तैयार हो जाएगा, जो हमें गांव की सुख-सुविधा को बदलाव लाने के लिए हमें प्रेरणा दे सकता है, हमें नई दिशा दे सकता है और इसलिए इस "" सांसद आदर्श ग्राम योजना” के तहत हम आगे बढ़ना चाहते हैं ।","लेल गि लेल तन लोओ हिन्दुस्तान रे सोबेन ब्लाॅक रे मियद् आदर्श हातु तेयार होबा कोआ, जे आबुके हातु रेआ सुख - सुविधा रआ बदलाव आउ मेनते आबुके प्रेरणा एम दाड़िअए, आबु चिमिन नवा साह एम दाड़िआबु ओड़ो: एनामेनते नेया ""सांसद आदर्श हातु रआ जोजना"" रआ तहत आबु अयर बढ़ावेन सनाङ मेना।"
69082,सबसे ज्यादा ताजुब की बात यह है कि तराई के टांड़ में आकर मैंने क्या क्या किया और वह इतना सब देख लिया था ?,"पुरअःउतर अकदनदा कजि नेअगे, बुरु गोड़ाते चेनअः चेकाए हिजुःकते केना अद् अमिनङए लेलकिःइञअ ?"
63489,"दोनों लड़ाके बातचीत करने के लिए फिर से उनलोगों का पीछा किये और उनके खाना बनाने की जगह पर वे दोनों बैठ गये और एक लड़ाका उनलोगों से कह रहा है - ‘‘ऐ, भाईयों, हमलोग एक जाति ‘‘हो’’ हैं;","लड़का किङदो जगर मेनते ओड़ोःगेकिङ ओतोङकेद्कोअ अद् इनकु मनडितन तअःरेकिङ दुब्जना, अद् मिअद् लड़का मेतअकोतना, “ए’अ, हगाको; अबु मिद् जति हो’-कोगे;"
16395,"देश... बलिदान करने की जरूरत पड़ी, बलिदान देता रहा... कष्‍ट झेलने की जरूरत पड़ी, कष्‍ट झेलता रहा, जनांदोलन खड़ा करने की जरूरत पड़ी, जनांदोलन खड़ा करता रहा है।","दिसुम.......बलिदान मेनते जरुड़ु पड़व जना, बलिदान ओमाकान गे ताइन जना....बलय झेलव मेनते जरुड़ु होबा जना, (कष्ट) बलय झेलव होबाजना, जनआंदोलन तिंगु रिका रेआः जरुड़ु होबा जना, जनआंदोलन तंगु रिका तन गे ताइन जना ।"
6437,पिछली रात को बी.डी.ओ. साहब ने चुपके से एक आदमी उनके यहां भेजा था।,सेनोः जान निदा गे बी.डी.ओ. सायोब हापे-हापेते मिआद होड़ो आकिनताएः कुल लिः आ चि सेकेड़ाते-
9961,आप उसे किसी भी तरह देख सकते हैं।,अम इनिइ जाँ लेका तेओम लेल दड़िआइअ।
22322,कौशाम्बी जेल के कैदी हर सप्ताह अनेकों cover तैयार कर रहे हैं।,कौशाम्बी जेल रे कैदी हर सप्ताह आमुनङ cover को तेयार जदा।
50113,नगुरी बोली को ही 'नगुरी जगर' कहा जाता है और नगुरी बोलने वालों को ही 'नगुरी होड़ोको' और 'नगुरी मुण्डाको' के नामों से जाना जाता है।,नगुरी गे 'नगुरी जगर' ओ कजिओ:अ ओड़ो: नगुरी जगरतनको गे 'नगुरी होड़ोको' ओड़ो: 'नगुरी मुण्डाको' नुतुम तेओ को सुबाओ: तना।
21743,"लेकिन, लंबे समय तक यह माना जाता रहा कि गोवा में दफनाए गए उनके अवशेष 1930 के भूकंप में गायब हो गए थे।","लेकिन, पुराः सोमोय तक नेया मानतिंङ ताई तन केना चि गोवा रे तोपा जदा को ईनकुआ अवशेष 1930 रेन भूकंप रे आद जाना को।"
54000,हंसते समय में ही पाण्डेया उन दोनों के पास पहुंच गया और उनदोनों से पूछ रहा था-‘‘तुमदोनों क्यों हंस रहे हो ?’’।,"लनदा अउरि होकाएरेगे, पनडेअ तेबअःतद्किङअ अद्ए कुलिजद्किङअ, ‘‘चेकनअःबेन लनदातना?’’"
28228,उनकी यादों को ताज़ा करने का अवसर मिलेगा।,इनिअपहमको सुसति रेअः मोका नमोअ।
7070,बच्ची को पैसे पकड़ाते हुए बूढ़ा धीरे से अलग हो रहा है।,हाड़ाम बिरं एनाको ती रेः साबाइ तानलोः ते पारका हापेन ताना।
69942,ने दुरङ पुथि रेअ: दुरङको संगि पेड़े: ते दंड़ा जमाकना।,इस गीत पुस्तक के गीतों को बहुत ही मेहनत करके ढुंढ़ा गया है।
76235,दुकुरा-शान्त ! इसके बारे में मैंने तुमलोगों को नहीं बताया है।,दुकुरा-शान्त ! इसके बारे में मैंने तुमलोगों को नहीं बताया है।
63270,"गांव के आदमियों ने, इस बात को सुनकर, चलो, उनका शिकार किया जाये कहा गया।","होड़ोकोदो, ने कजि अयुम- केद्ते, दोलाबु, सेनदेराकोअको मेनकेदा ।"
89717,लेकिन उनके बच्चे कौन थे यह नही बताया जा सकता है।,"मेनदो इनकिनअः होनको ओकोएको तइकेना, नेया कबु उदुब् दड़िया।"
34888,"और ये ख़बरें आज देश में प्रमुखता से दिखाई भी जाती हैं, बताई जाती हैं और School, College में चर्चा में भी रहती हैं।",ओड़ो: खबर को दिसुम रे तिसिङ मुख्य रुपतरको लेल रिका जादा ओड़ो: School college कोरे को चर्चा जादा।
37185,हमारे घरों के करीब तो वे होती ही हैं और हम सप्ताह के किसी भी दिन और किसी भी समय इन दुकानों पर जा सकते हैं।,अबुअः ओड़अः जपअः रे दो एना ताइन गेआ ओड़ोः अबु हप्ता रअः जान दिन रेगे ओड़ोः जान सोमय ने दुकान रे सेन दड़िआबु।
700,"ये शिलाखण्ड महापाषाण (महा: बड़ा, पाषाण : पत्थर) नाम से जाने जाते हैं।","ने दिरि काण्डा महापाषाण (महा: मरङ, पाषाण : दिरि) लुतुमते सरिओतना।"
72685,औरते छोटे छोटे क्यारियों में बिचड़ा के लिए मड़ुआ छींट रही हैं।,कुड़िकोदो डइरे कोदेको बियंड़ाजदा ।
79468,वहाँ पहुँच कर देखते हैं कि वह एक राक्षस का घर है।,तेबः लेद्ाते लेल लः को दो एना दो मियद् मरंङ्ग रगोसाः ओड़ः।
91675,उनका विवाह इस तरह हुआ था।,इनिअः अड़ान्दिओ ने लेका होबा लेना।
90050,हमलोगों ने उस वर्ण का उपयोग नहीं किया ओर अपनी भाषा का रूप दे कर संस्कृत लिखा।,अबु एना ओलको काबुअःजना। अकोगे नेआ बनिते अकोअः तयोम जगर सोतोः बइतन संस्कृतको ओलकेदा।
65282,तुमलोगों का मतुरा और प्रचारक के बारे में।,मतुरगे त्र्प्रटकरलोपेत्र्प्रद् परचार ।
