Hindi,Garo
"लगभग एक महीने के उपचार के बाद, आप उल्लेखनीय उपचार प्रभाव देख सकते हैं।",Adita jarangna sana bananiko dakani ja∙man na∙a sana bananio nambataniko nikna man∙gen.
क्या आप इस लेख की अवधारणा को नहीं समझते हैं?,Na∙a ia seani miksonganiko u∙ijama?
आय का अपना दूसरा स्रोत रखें।,Nang﮲ni gipin man﮲ani cholrangko rakkibo.
"नहीं, आप कुछ और बात कर रहे हैं।","inghing, na﮲a mainiba giminsa aganengachim"
यह तब होता है जब पृथ्वी की धुरी सूर्य की ओर अपना सबसे बड़ा झुकाव प्राप्त करती है।,A.gilsak jensalo antangni ramako reon salni sepangona chubatgipa gadango sokon ia ongrongbata.
लगभग दो मिनट बाद वह फोन बंद कर देता है।,Minit gnirangni ja∙mano ua ku∙bilbat ka∙ako dontonga.
अपने हाथों को कंधों से थोड़ा चौड़ा रखें।,Nang jakrangko ontisa pakreng na bate bawange donbo.
अपनी एकाग्रता अपनी भौंहों के बीच रखें।,Nangni ra.chimongako nangni mikkron ni gisepgrikon donaibo.
अपने हाथों को 10 घंटे तक सुरक्षित रखें।,Kanta chikungna nang jakko simsake donbo.
लगभग एक घंटे के बाद दोनों आदमी घर वापस चले गए।,Baditaba kantani ja∙man sakgni manderang nokchi re∙angpilaha.
अपने शराब उत्पादन और पुरुषों के गायन समूह को बनाए रखें।,nang﮲ni chu song﮲aniko ripinge me﮲asarangni an﮲seng mesaaniko rakkibo.
अपने फोन को अपने शरीर से दूर रखें।,Nang﮲ni phone-ko nang﮲ni be﮲enoni chel﮲e donbo.
अपना डोमेन नाम जितना संभव हो उतना छोटा और सरल रखें।,Nangni tarigipa bimingko kandike aro altue tarie donbo
जब आप बैठते या लेटते हैं तो अपने पैर और टखने को अपने दिल के स्तर से ऊपर रखें।,Asongo ba gangrange dongo ja.rako de.doe donbo.
"नहीं, आपको समान परिणाम नहीं मिलेंगे।","Inghing, na﮲a apsan result-ko man﮲jawa."
टिप्पणियों में अपने अनुभव छोड़ने के लिए स्वतंत्र महसूस करें।,Maming ra∙rikani grian nang∙ni cha∙tote nikgiminko aganbo.
अपनी पीठ को जितना हो सके सीधा रखें।,Nang﮲ni kang﮲kareko man﮲a dipet srongate donbo.
अपने मन को मंत्र पर केंद्रित रखें और अंगूठे के माला मनका को छूने की भावना पर ध्यान केंद्रित करें।,Na﮲a mantrana aro ripok rongprakko jaksi bimachi rim﮲roke dingtangmancha gisikko on﮲bo.
यह भविष्य में कैसे उपयोगी है?,Mikkangchi sokbaengipa salrangna maidake namgniko rabagen?
रात में चिंता और अनिद्रा (बुजुर्ग रोगियों में) का अनुभव होना।,Walo namen bilgrie nikenga aro tusina man∙ja gita nikenga (Mongsongbate dal∙gimin be∙en an∙senggija donggiparango).
आप चाहें तो इसे डाउनलोड या प्रिंट कर सकते हैं।,Maming ra∙rikani grian download ka∙bo aro na∙a namnikode iako chapa ka∙bo.
यह तब होता है जब शरीर यूरिक एसिड का उत्पादन करता है जो जोड़ों में क्रिस्टल बनाता है।,"Jensalo beeno galna nanggipa chirang tope, bitchil dakgiparang grengni jatchi rango ongata unon ia saa ongbata."
मैच की शुरुआत में दोनों टीमें,Dolgnian kal∙susaani a∙bachenggipaon ong∙enga
"नहीं, आप और अधिक दया की प्रतीक्षा नहीं करेंगे।","INghing, na﮲a bang﮲bea ka﮲sachakanina sengnabe"
थकान महसूस करने के कई कारण हो सकते हैं और विटामिन डी की कमी उनमें से एक हो सकती है।,Neng∙a gita daka bang∙a neng∙nikanirangko on∙gen aro uarangoni vitamin D deficiency mingsa ong∙naba donga.
"लगभग एक घंटे के बाद, एक डॉक्टर ने आखिरकार मुझे देखा।",Baditaba kantani ja∙mano Doctor angko bon∙kame nikgrikaha.
अपना लाइसेंस और पंजीकरण हर समय अपनी कार में रखें।,Nang﮲ni licence aro Registrationko pangnan nang﮲ni gario donbo.
दुनिया के लिए अपनी आँखें खुली रखें,Nangni mikronrangko a.sakna kulie donbo.
दोनों टीमों ने अभी तक प्रतियोगिता में संघर्ष किया है।,Dolgnian susaanio namen jotton ka∙aha
"नहीं, आप अपना परीक्षा केंद्र नहीं बदल सकते।","Inghing, Na﮲anang﮲ni test centre-ko dingtangatna man﮲jawa"
अपने घर से या दुनिया के विभिन्न स्थानों पर यात्रा करते समय इस ऐप की सामग्री का उपयोग करने के लिए स्वतंत्र महसूस करें।,Nang·ni nokoni ba a·gilsakni dingtang dingtang biaprango songremitingengon ja·jaman·gijaan ia app-oni content-ko jakkalbo.
"नहीं, आप पात्रता मानदंडों को पूरा नहीं करते हैं।","Inghing, iako man﮲na gita na﮲akragipa ong﮲kujaenga"
"जब तक आपको वांछित परिणाम नहीं मिल जाता, तब तक खुद को प्रेरित रखें।",Na﮲a an﮲tangni namnikako man﮲kujana dipet an﮲tang ko didikubo.
दोनों टीमें पहली बार फाइनल में हैं।,Dolgnian Bon∙kamgipa kalsu∙saniona doaha
एच. डी. एम. आई. केबल को रिसीवर और टीवी से कनेक्ट करें।,Receiver aro TV-ona HDMI cable-ko nangdimatbo.
अपने शरीर में फिर से अच्छा महसूस करें।,Nang·ni be·eno changsatai name nika.
हल्का भोजन करने के बाद भी पेट भरा हुआ महसूस होना,Babg∙gija miko cha∙oba okkprete nikenga.
यह भारत में कैसे प्रभावी हो सकता है।,India a.songna iara maidake namgni onggen?
छात्र के प्रति शिक्षक का व्यवहार कैसा है?,Skigipani bisarangna bewal mesokaniara mai rokom?
परिपथ आरेख के अनुसार अवरोधकों को पार-युग्मित तरीके से सीधे ट्रांजिस्टर के लीड से जोड़ें।,Circuit diagram-o mesokgimin gita resistorko chang dake transistor-o tekbo
इस मामले में यह कैसे मदद कर सकता है?,Ia obostaro maidake iara dakchakani onggen?
ऐसा लगता है कि हम एक बड़े परिवार हैं।,An∙ching dal∙begipa nokdang gita dake chanchia.
भविष्य के लिए अपनी आंखें खुली रखें।,Nangni mikronrangko rebae.enggipa salrangna name tarie donbo.
दोनों टीमों में ऐसे खिलाड़ी भी हैं जो कुछ समय से खेल रहे हैं।,Dolgnion kal∙giparang donga jemangan ianon adita somoirangna dongachim
अपने पैरों को जितना हो सके उतना सूखा रखें।,Nangni ja.chokrangko manna dipet rane rakkibo.
अधिकांश समय या लगभग हर दिन उदास महसूस करना।,Bangbata somoion aro salantian ong∙na sipile duk man∙a.
"बीच की नली के मुक्त छोर को निर्गम नलिका, यानी पॉलीइथिलीन नलिका को आई. डी. = 0.86 मिमी और लंबाई में ~ 20 मिमी के साथ जोड़ें।",Tubeni jatchini bon∙kamgipa bakko tubeni a∙palo tekbo jedake polyethylene tubing-ko I.D. = 0.86 mm baksa aro ro∙ani ~20 mm baksa.
दोनों टीमों को इस सत्र में लीग खेल में गोल करने के लिए संघर्ष करना पड़ा है।,Dolgnian neng∙e dikesa ia changni league-ko kal∙aha
भावनाएँ सकारात्मक या नकारात्मक नहीं होती हैं।,Chanchianide ong∙a ba ong∙gijani dongja .
"अपनी शारीरिक-ऊर्जा का स्तर ऊंचा रखें, ताकि आप कड़ी मेहनत कर सकें और कुछ महत्वपूर्ण काम जल्द से जल्द पूरे कर सकें।",Na﮲a an﮲tangni be﮲en bimangko bilake rakkibo jedakode na﮲a rake kam ka﮲na man﮲gen aro nangchongmotgipa kamrangko man﮲a ta﮲rakbate matchotatna man﮲gen.
इस्तीफों को स्वीकार करने के बाद उन्हें यह तय करना होगा कि वे भाजपा में शामिल होंगे या नहीं।,Kam wataniko ra∙chakani ja∙man BJP-ona bakrimgenma bakrimjawa uamang chanchina nanga.
बेझिझक स्टोरसँ खरीदल गेल संस्करणक उपयोग करू-अहाँक लेल चुनबाक लेल ताहिनीक बहुत रास ब्रांड अछि।,"Ja·jaman·gijaan store-o tarigiminko jakalbo, aroba - tahini-ni bang·a rokomrang nang·na basena donga."
"नहीं, आपको कोई विशेष नंबर डायल करने की आवश्यकता नहीं है।","Ihing, Na﮲a dingtangmancha number-ko sikdepatna nangjawa"
"नई जानकारी को उस जानकारी से जोड़ें जिसे आप अच्छी तरह से याद रखते हैं, चाहे वह एक नई सामग्री हो जो पिछले ज्ञान पर आधारित हो या उन लोगों के पते के रूप में सरल हो जो सड़क पर रहते हैं जहां आप पहले से ही किसी को जानते हैं।","Gital data na∙a jekon namedake gisik ra∙a u∙iatanirangna tekbo, batanggimin u∙ianirangna tarigipa gital bosturang ong∙janaba ba maiba altuagipa saniba ramarango donggiparangna agangimin ong∙naba donga jean saoba nang∙ni skango name dake u∙igimin ong∙a"
कंप्यूटर विज्ञान पाठ्यक्रम में बी. एससी. का दायरा कैसा है?,B.sco computer scienceko skie ra.ani ramara mai rokom?
अपने फोन को 50 प्रतिशत तक चार्ज रखें।,Nang﮲ni phone-ko 50% ona charge ka﮲e donbo.
बाहर जाते समय अपना मुँह और नाक ढक कर रखें।,A﮲palona ong﮲katengon Nang﮲ni ku﮲sik aro gingtingko rim﮲tipbo.
अपनी शिक्षा और प्रमाणपत्रों को अद्यतित रखें।,Nangni bidani lekkarangko aro se.e onggipa lekkarangko name tiktak onge tarie donbo.
अन्य देशों में यह कैसा दिखता है,A.song gipin na iara maidake nika?
"सीबीआई न्यायाधीश डॉ. सुशील कुमार गर्ग की अदालत में लगभग ढाई घंटे की बहस के बाद, अभियुक्तों को दोषी ठहराया गया।","CBI Judge Dr. Sushil Kumar Garg-ni kachario konta gni adhamangna jera ra∙grikani ja∙man, dos dakgipako dosi potaha."
सोते समय अपने फोन को खुद से दूर रखें।,Tusimitingo na﮲a phoneko an﮲tangoni chel﮲e rakkibo.
यह कैसे और किस आधार पर किया जाता है?,Maidake iakora daka aro mai cholchi?
"आदर्श वजन प्राप्त करने के बाद, पर्याप्त पोषण बनाए रखना और पुरानी आदतों पर वापस नहीं आना महत्वपूर्ण है।",An∙tangni nangnikani gita jrianiko komiatani ja∙man‚ an∙tangni salantio cha∙ani ringanirangko name rakkina gita nangchongmota aro gitcham dakbewalona re∙angpilna nangja.
दिन में खुद को हाइड्रेटेड रखें।,Na﮲a an﮲tangni be﮲enko ran﮲angija salgimik chi gnang rakkibo.
टिप्पणी अनुभाग में अपने कुछ बेहतरीन संपादनों को साझा करने के लिए स्वतंत्र महसूस करें।,Nang·ni nambatgipa taridapgiminrangoniko comment section-o parakbo.
भारत में कुल वैश्विक शहरी आबादी का 11 प्रतिशत है।,Indiani chisa percentde jilla o donggipa nokrang ong.a
"नहीं, आपको अपनी रुद्राक्ष को किसी और के साथ साझा नहीं करना चाहिए, क्योंकि रुद्राक्ष इसे पहनने वाले व्यक्ति के अनुकूल है।","inghing, Na﮲a nang﮲ni Rudrakshako gipinrang baksa on﮲griknabe, maina Rudraksha uko gangipa mande baksa nangrimani donga"
"अपनी त्वचा को साफ रखें, लेकिन इसे ज़्यादा न करें।",Nang﮲ni bigilko rongtalatbo indiba nangana bate dakna nangja.
"लगभग चार महीनों के बाद, बच्चे की नींद का चक्र बदल जाता है और उन्हें आपके'कार्यक्रम'के लिए जागना मुश्किल हो सकता है, और वे पर्याप्त दूध नहीं लेंगे जो वास्तविक'फ़ीड'के रूप में गिना जा सके, भले ही वे ऐसा करते हों।",Jabrirangni ja∙mano bi∙sani tusirongani bewal dingtanga aro nang.ni somoi dona gita uamang mikgrakna man∙jawa aro uamangna dutko on∙genchimoba a∙sol cha∙aniko on∙ani gitade ong∙jawa.
निम्नलिखित आरेख में दिखाए गए अनुसार परिपथ को जोड़ें।,Ka∙mao meoskgimin Diagram-o pangchake circuit-ko tekbo mesokgimino pangchake
"बेहतर महसूस करने में बहुत समय लगता है, लेकिन आप अपने लिए सकारात्मक विकल्प चुनकर वहाँ पहुँच सकते हैं।","Somoirangko, indiba na∙a uanona sokna an∙tangna kimkimgipa baseaniko basebo ru∙ute jakkalani ja∙mano nambate nikenga."
दिसंबर 2018 में आपकी प्रेम जीवन कैसी रहने वाली है।,Decembero nangni janggi tanganio mai onggen?
यह तब होता है जब हृदय की मांसपेशियों को उतना रक्त नहीं मिलता जितना उसे चाहिए।,Ia katongona chu.ongagita anchirang sokjaon ia ongrongbata.
अनुच्छेद 370 के निरस्त होने के बाद जम्मू-कश्मीर का विकास सरकार की सर्वोच्च प्राथमिकताओं में से एक रहा है।,Article 370-ko ra∙galani ja∙man Jammu aro Kashmir-o namroroani kam sorkarini skanggipa dakna nangchenggiparangoni minsa ong∙a.
दोनों टीमें ट्रॉफी जीतने की इच्छा के साथ मैदान पर आईं।,Dolgnian kalchakramona Trophy-ko chegipa ong∙na miksonge re∙baaha
अपनी आँखें बंद रखें और अपनी आंतरिक दुनिया पर ध्यान केंद्रित करें।,Nangni mikrongko mikchipe ming antangni nangarangna nipilna nanga.
एक दिन हमें बैठना ही होगा।,Iasalrang o salsa an﮲ching damsan asongna
बच्चों को लाइमलाइट से दूर रखना,Bi﮲sarangko niksengaoni chel﮲e donenga.
कनेक्ट सूचना और संचार प्रौद्योगिकी (आई. सी. टी.) पर एक अंतर्राष्ट्रीय सम्मेलन और प्रदर्शनी है।,Ia connect-ara international conference aro exhibition on information & communication technology (ICT) ong∙a.
इसका निदान और उपचार कैसे किया जाता है?,Iako sannanio maidake sabisiko name ma.sie ra.na manna?
लगभग दो मिनट के बाद हम इनमें से एक बच्चे को यह देखने के लिए मोड़ देंगे कि हमारे पास क्या है।,Minit gnirangni ja∙man chinga maiko man∙aha ia bi∙sarangoni saksako nichina mikkangataha.
"यह तब होता है जब कोई संगठन विशेष विभागों या समन्वयों का निर्माण करता है, जिसके लिए वह सिस्टम में जाएगा और बाकी कंपनी की सभी कंप्यूटर और तकनीकी आवश्यकताओं का ध्यान रखेगा।","Uan jensalo dolrang dingtangmancha nirokgipa dolko bikota ba meli-nangrime kam kana chanchia,uan niam tarigiparangchi re.anggen aro uan gimik dakgipa bijolichi kagipa kol ba uan dakgipa pilak altuna tarigipa bosturangko ia pilakon Dol mapangna niroke onggen."
बेझिझक इनमें से किसी एक रचनात्मक विचार का उपयोग करें या अपना खुद का बनाएँ।,Ja·jaman·gijaan iarangoni creative idea-rangko jakkalbo ba na·a an·tang bikotbo.
"यह तब होता है जब शरीर में पर्याप्त इंसुलिन नहीं होता है या इंसुलिन का उपयोग नहीं कर सकता है, इसे ग्लूकोज को ऊर्जा में बदलना पड़ता है।",Jensalo be.en o Insulin chuonagita dongja ba uachi been na bilko tarina manja unon ia ongrongbata.
डेटा को एक अस्थायी तालिका में रखना,Data-ko temporary table o donchengenga.
नीचे अपने सुझाव देने के लिए स्वतंत्र महसूस करें।,Maming ra∙rikani gri ka∙mao namdapataniko dakbo.
अपने वाहन के पंजीकरण को अद्यतित रखें।,Nang﮲ni garini registration-ko up to date ong﮲e donbo.
दोनों टीमें पहले भी यह टूर्नामेंट जीत चुकी हैं।,Batanggimin Tournament kal∙anio dolgnian chegipa ong∙aha
अपने परिवार को आपात स्थिति के लिए तैयार रखें।,Nangni Nokdangko niksona amgijagipa aselrangna tarisona nang.a
सूर्य की दृश्य सतह को कैसे कहा जाता है?,Salni a.sakoni nikatenggipa bako mai ming.a?
क्या आप इसके लिए जिम्मेदार नहीं हैं?,Na∙a iana an∙tangko dosi galjama?
अपने लक्ष्यों को ध्यान में रखें।,Nang﮲ni miksonganiko nang﮲ni gisiko donbo.
उस डेस्कटॉप मशीन को कनेक्ट करें जिसका उपयोग यूएसबी केबल से उपकरण का परीक्षण करने के लिए किया जाएगा।,Desktop Machineko tekbo jean USB Cble baksa device-ko porikka ra∙e nigen.
यदि आपका बच्चा बीमार है तो उसे घर पर ही रखें।,Nangni bi.sa saode biko nok o dongbo
यह तब होता है जब आपका शरीर त्वचा की सतह पर अधिक रक्त भेजता है।,Jensalo nangni be.en nangana bate anchiko bigilni bakona watata unon ia ongbata.
अपनी क्रेडिट पूछताछ को न्यूनतम रखें।,Nangni rachake cha.aniko komiate donbo
किसी रोमांचक कार्य में शामिल होना महसूस करें।,Mingsa an·saogipa kamo bak dongpaa ine chanchia
"आईकैमेरा कीप को आईस्मार्टअलार्म के क्यूबवन बेस स्टेशन से कनेक्ट करें, और ये अलर्ट अलार्म को ट्रिगर कर सकते हैं, या सिस्टम सशस्त्र है या नहीं, इसके आधार पर स्वचालित रूप से चालू और बंद हो सकते हैं।",iSmartAlarm's CubeOne base station-o iCamerako tekbo aro ian a∙sel ong∙gnioni mikgrakataniko on∙gen ba an∙tangan ching∙aba ba chingja dake ia systemara name kam ka∙engama ka∙jaenga mesoke on∙gen.
स्वयं को अच्छे कार्यों में व्यस्त रखें।,An﮲tangko nama kamko ka﮲e bimchipe donbo.
दोनों टीमों ने अपनी प्लेइंग इलेवन में कोई बदलाव नहीं किया है।,Dolgnian Playing XI-na kal∙giparangko dingtangatjaha
"अपने लकड़ी के फर्नीचर को दरवाजों, खिड़कियों से दूर रखें, ताकि वह बारिश के पानी या रिसाव के संपर्क में न आए।",Bolrangoniko tarigipa bosturangko mikka chi nangjana gita ba balsatjana gita do﮲ga kelkirangoni chel﮲e donbo.
यह तब होता है जब हृदय की मांसपेशियों को उतना रक्त नहीं मिलता जितना उसे चाहिए।,Ia katongona chu.ongagita anchirang sokjaon ia ongrongbata.
अपने सामान को प्लास्टिक की थैलियों में रखें।,Nang﮲ni songrena ra﮲bitgipa dokrako plastic ni jolao sikbo.
दिन में अपने पर्दे बंद रखें।,Nangni kelkini bararangko pangnan salo ra.one donbo .
दिन भर अस्वस्थ या थका हुआ महसूस करना।,Salgimikan an∙sengjaenga ba nenga∙ gita dakenga.
"दबाव महसूस करना क्योंकि आपके पास पर्याप्त मात्रा में कुछ नहीं है जिसकी आपको आवश्यकता है (समय, धन, स्नेह, समर्थन)","Na∙a dekdoko chakna gita man∙jaenga maina nang∙o jekon nangnika ua chu∙onga gita dongja (somoi, tangka, namnikaniko man∙ani,saniba chakpaaniko man∙ani)"
"भारत में लगभग 15,000 पौधों की प्रजातियां पाई जाती हैं जो दुनिया की पौधों की प्रजातियों का 6 प्रतिशत है।","India o 15,000 ongna sipile pangrangrang gnang jean 6% pangrang a.gilsakni pangrang ongna silpile onga."
अपनी पसंद के किसी भी प्राकृतिक तेल के स्थान पर जैतून के तेल को इस्तेमाल करने के लिए स्वतंत्र महसूस करें।,Nang·ni nannikgipa to baksa ja·jaman·gijaan olive oil-ko bodolbo.
आज अपने मन को नकारात्मक विचारों से दूर रखें।,Da﮲alo Nang﮲ni gisikko ong﮲gija dake chanchianirangoni chel﮲e donbo.
"लगभग दो से तीन दिनों के बाद, यह पूरी तरह से कठोर हो जाएगा और उपयोग के लिए उपयुक्त होगा।",Salgni ba salgittamni ja∙man ian namen rakbatgen aro jakkalna nambatgipa ong∙anggen.
अपने आईलाइनर को एक ही परिवार में रखें या काले या गहरे भूरे रंग का उपयोग करें।,Nangni mikronrango nonganiko nokdango daka gita apsan rongko nongbo ongjaode gisim ba amang rongko nongbo.
अपने बच्चे को आगे की ओर कार की सीट पर तब तक रखें जब तक कि वह आपकी कार की सीट के निर्माता द्वारा अनुमत शीर्ष ऊंचाई या वजन सीमा तक न पहुँच जाए।,Nangni bi.sako mikkangchi nie rena manggipagari ni biapo asongatbo jensalona bia chuongagita dalaha ba jreaha jekon gari tarigiparang tik ka.aha..
गाड़ी चलाते समय अपनी नज़र सड़क पर रखें।,Gari salmitingo ramachi nie salna nanga.
अपने माउस और कीबोर्ड को एक दूसरे के करीब रखें।,Nang﮲ni mouse aro keyboard ko sepanggriko donbo.
हर समय उदास और दुखी महसूस करना।,Pangnan gisikni gita sinjetaniko man∙a gita aro kusi donggija gita nika.
"इस रचना में अपने हाथों को 10-15 मिनटों के लिए रखें, प्रक्रिया की आवृत्ति सप्ताह में 2-3 बार होती है।",Anti gni ba gittam na minute chikung chibongana nang jakko indake donbo.
जितना हो सके अपने बालों को अपने चेहरे से दूर रखें।,Manna dipet antangni kniko mikkangoni chelle donbo.
अपनी कोहनी को कंधों के नीचे रखें।,Nangni jaksku ko pakreng ningao donatbo.
या तो एक वैकल्पिक पैटर्न में स्थानांतरित करने के लिए स्वतंत्र महसूस करें या एक ही पक्ष के साथ रहें।,Ja·jaman·gijaan dingtang ramako ja·rikbo ba apsan biapon dongbo.
"नहीं, आपको ऐसे व्यक्ति होने की कल्पना करने की अनुमति नहीं है जो आप नहीं हैं।","Inghing, na﮲a an﮲tang mai dakgipa mande ong﮲a uandake chanchiana agre gipin gitade chanchichipna on﮲jawa."
बेझिझक चिल्लाएँ कि आपने कैसे वोट दिया... और क्यों।,Na·a maikai puona...aro maina ja·jaman·gijaan chrikwatbo.
पढ़ाई करते समय जितना हो सके खुद को खेलों से दूर रखें।,Nang﮲ni poraimiting somoio man﮲a dipet kal﮲anirangoni an﮲tangko chel﮲e dongbo.
फ्लू जैसे लक्षण दिखाने वाले लोगों से दूरी बनाए रखें।,Antangko gusu soldi manbaenggipa manderangoni chele donbo.
थकान महसूस करने के कई कारण हो सकते हैं और विटामिन डी की कमी उनमें से एक हो सकती है।,Neng∙e nikataniara dingtang dingtang neng∙nikanirangko on∙gen aro uarangoni mingsa vitamin D deficiency ong∙naba donga.
"नहीं, आप मेरे विचार को नहीं समझ पाए।","Inghing, na﮲aangni chanchianiko ma﮲sichakjaha"
अन्य देशों में इसने कैसे काम किया है,Gipin a.songrango iara maidake kam ka.a?
"भारत दुनिया की सबसे बड़ी स्वास्थ्य सेवा योजना, आयुष्मान भारत का घर है, जो 50 करोड़ भारतीयों को स्वास्थ्य आश्वासन प्रदान करती है।","India on dalbatsranggipa sana bana ni dachakaniko onggipa chol dong.a , jekon Ayushman Bharat minga uan sak ritcha bonga manderangna sana bana kadonganiko onggiparng ong.a."
अपनी त्वचा को हर समय तेल मुक्त रखें।,Nang﮲ni bigilko pangnan to ri﮲ilatgija donbo
भारत दुनिया के लगभग 30 प्रतिशत अविकसित बच्चों और पांच साल से कम उम्र के लगभग 50 प्रतिशत गंभीर रूप से बर्बाद बच्चों का घर है।,Indiao 30% dala chuongagita mangijagiparang donga aro 50% onna ampile nosto onggimin bisarang donga jean bisi bonga ni ningo onga.
अपने घर में अकेले या अलग-थलग होने की भावना?,Na∙a an∙tangni nokon saksan ong∙a gita ba galchipa gita dake nika?
अपनी दवा को ठंडे पानी के साथ न लें।,Nang∙ni samko chi ka∙sinchi ringnabe
स्थिरता के लिए अपनी कोहनी को जमीन पर रखें।,Nangni jaksku ko apao donbo mangrakatna gita.
बेटी होने के नाते बेटियों को बचाने में सक्षम होकर अच्छा लगता है,Saksa demechik ong∙pae demecikrangko jokatna man∙anina kusi ong∙e nikenga.
"नहीं, आप समान परिणाम प्राप्त नहीं करेंगे।","Inghing, Na﮲a apsan dakgipa result -o chu﮲sokjawa."
जितना हो सके अपने सामान्य कार्यक्रम को बनाए रखें।,Nang﮲ni dakronga bewalrangko man﮲a dipet apsan rakkina jotton ka﮲bo.
"यह तब होता है जब गले के पीछे का नरम ऊतक नींद के दौरान आराम करता है और वायुमार्ग को अवरुद्ध कर देता है, जिससे अक्सर आप जोर से खर्राटे लेते हैं।",Iara jensalo nangni gitokni nomgipa bigil nengtaka nangni tusimitingo jeni asel balwa napgipa ram champenga gita daka unon inggok rake raa gita daka.
उत्सव के दौरान अपने पालतू जानवरों को अंदर रखें।,Manianirang dongon nang﮲ni jilanirangko ra﮲nape donbo.
अपने हाथों को ठंड से दूर रखें।,Nang jakko ka.singipaoni che.le donbo.
"नहीं, आपको मेरे सामाजिक सुरक्षा नंबर की आवश्यकता नहीं है।","Inghing, angni Social security Number-ko nang﮲na nangja"
उपकरण को उस कंप्यूटर से कनेक्ट करें जिसके साथ आप सिंक्रनाइज़ करते हैं।,Nang∙ni tarie dongimin deviceko computer-o tekbo.
दिल्ली में मौसम कैसा है?,Delhi ni sal karirang daororo mai rokom?
पूरे प्रदर्शन के दौरान अपनी आँखें खुली रखें।,"Nangni mikronrangko name nie dongbo , dakmesoka gimiko."
दोनों टीमें पटरी पर लौटने की कोशिश कर रही हैं।,Dolgnian name dakpiltaina jotton ka∙enga
अपने पैरों को गर्मी और ठंड से दूर रखें।,Nang ja.ako dinga aro sinnaoniko naljoke rakibo.
"नहीं, आपको कुछ भी डाउनलोड या फिर से स्थापित करने की आवश्यकता नहीं है।","“ Inghing, na﮲a mamungkoba download ka﮲na aro install ka﮲pilna nangjawa."
अगले तीन दिनों के लिए मौसम का पूर्वानुमान कैसा है?,Reba.enggipa salgittamna mai sal somirangko agansamsoa.ani dong.a?
अपने उत्पाद का उपयोग करके पैसा कमाना कैसे संभव है?,Nangni bostuko jakkale maidake tangkako kamaina manggen?
"कसरत के बाद थोड़ा दर्द महसूस करना एक ऐसी चीज है जिसकी मुझे हमेशा से लालसा रही है, क्योंकि मुझे लगता है कि यह पुष्टि है कि मैंने जिम में कुछ अच्छा काम किया है।","Be∙enko ranta ka∙ani ja∙mano on∙tisa sa∙dikaniko ma∙sia jekon anga changatian chagronga, aro ian angni Gym-o kal∙anio maikoba nama be∙enni ranta ka∙aniko dakenga ine mesoka."
दोनों टीमों ने हाल ही में विश्व टी20 कप 2021 में भाग लिया।,Dolgnian 2021-ni T20 World Cup kal∙aniko ru∙utgija salna skangsan matchotaha.
अपना ध्यान पुरस्कार पर केंद्रित रखें।,Nang﮲ni gisikko boksisna miksonge donbo.
उपकरण को किसी अन्य बिजली स्रोत से जोड़ें।,Device-ko gipin bijoli tekgipa biapo tekbo.
दोनों टीमें इस समय बराबरी पर हैं और इस सप्ताह के अंत में ड्रॉ खेलने की संभावना है।,Da∙o dipet dolgnian namen apsangrik ong∙enga aro ia antini bon∙angachi dolgnian apsangrik ong∙gen ine ka∙dongenga
"भारत में 1210 मिलियन लोग रहते हैं, जो अमेरिका, इंडोनेशिया, ब्राजील, पाकिस्तान, बांग्लादेश और जापान (21.4 करोड़) की संयुक्त आबादी के लगभग बराबर है।","India sak hajal sa ritcha gni chikung million manderangni nok ong.a, jean US,Indonesia,Brazil,Pakistan,Bangladesh aro Japan chapna nanggenchim apsan ongatnade"
दोनों टीमों ने पहले दौर में बहुत अच्छा प्रदर्शन किया।,Dolgnian First Round-o name dakaha
बिटलॉकर के साथ अपनी फ़ाइलों को सुरक्षित रखें और बिटलॉकर टू गो [6] के साथ हटाने योग्य भंडारण उपकरणों पर समान सुरक्षा प्राप्त करें।,Bitlockero antangni filerangko simsake donbo aro uko nipiltaina Bitlocker(6)ko jakalbo.
"चार्जिंग केबल को यू. एस. बी. 2 पोर्ट से कनेक्ट करें या कंप्यूटर पर 3 चालू है, जो स्लीप मोड में नहीं है।","Charging cable-ko USB 2.0 port-o ba 3.0 port-o tekbo, computer-ko kuliaha aro sleep mode-o ong∙ja ."
अपने प्रियजनों को कोविड-19 से दूर रखें।,Nang﮲ni ka﮲sagiminrangko COVID -19 oni naljoke rakkibo.
अपने मोबाइल उपकरणों और कंप्यूटर को अद्यतित रखें,Nang﮲ni mobile aro laptop ko up-to-date ka﮲e donbo.
"नहीं, आपको व्यक्तिगत ऋण के लिए आवेदन करने के लिए आई. डी. एफ. सी. फर्स्ट बैंक शाखा में जाने की आवश्यकता नहीं है।","Inghing, Personal loan-nagalnagitana﮲a IDFC FIRST Bank branch-chi re﮲angna nangjawa."
"नहीं, आपको गलत धारणा मिली।","ong﮲ja, na﮲a ong﮲gija chanchichipenga"
अपनी मांसपेशियों को हर समय ऊर्जावान रखें।,Nang﮲ni be﮲enni ja﮲dilrangko pangnan bilakate rakkibo.
"नहीं, आप परीक्षा केंद्र नहीं बदल सकते।","Inghing , Na﮲a Exam centre-ko dingtangatna man﮲jawa"
अपने उपकरण को स्थिर वाईफाई नेटवर्क से जुड़ा रखें।,Nangni jakkalgipa bosturangko namggipa WIFI bil baksa nangdimate donbo.
"चित्र को देखते हुए, कोमलता, देखभाल और गर्मजोशी की भावनाएं निश्चित रूप से दर्शक को प्रेषित होने लगेंगी।","Ka∙sachakani, simsakani aro ripeng dakningani noksako nion nienggiparangona iarang napangskagen."
"नहीं, तुम नहीं हो, तुम मुझे मिल गए।","Inghing, na﮲a ong﮲ja, na﮲a angkouiaba"
कोई भी समायोजन करने के लिए स्वतंत्र महसूस करें जो आपको लगता है कि आवश्यक है।,Maming ra∙rikani gri na∙a maikoba namdapataniko dakna nangnikode.
"नहीं, आपको खुद जाना होगा।","ihing, na﮲a an﮲tangan re﮲na nanggen"
इस देश में साल के इस समय मौसम कैसा है?,A.songo indakgipa bilsi ni bakrango salrangara mai rokom?
अपने दूसरे हाथ को मुट्ठी के रूप में अपने बगल में रखें।,Nang﮲ni jaksamsako jaktome nang﮲ni be﮲en sambao donbo.
"अपने ऊपर से उदासी को धोने का एहसास करें, और फिर धीरे-धीरे इसे जाने दें।",Nang∙ona duk sokbaaniko chanchie nibi aro uni ja∙mano uko re∙angna on∙bo
"नई जानकारी को उस जानकारी से जोड़ें जिसे आप पहले से ही याद रखते हैं, चाहे वह एक नई सामग्री हो जो पिछले ज्ञान पर आधारित हो, या किसी ऐसे व्यक्ति के पते के रूप में सरल हो जो उस सड़क पर रहता है जहां आप पहले से ही किसी को जानते हैं।","Gital data na∙a jekon namedake gisik ra∙a u∙iatanirangna jakkalbo, batanggimin u∙ianirangna tarigipa gital bosturang ong∙janaba ba maiba altuagipa saniba ramarango donggiparangna agangimin ong∙naba donga jean saoba nang∙ni skango name dake u∙igimin ong∙a"
यह पूरे वर्ष होता है और गर्मियों (फरवरी-अप्रैल) के दौरान गंभीर होता है।,Uan dingkario bilsi rikit ongronga mangsongde (February oni April) ona.
"नई जानकारी को उस जानकारी से जोड़ें जिसे आप पहले से जानते हैं, चाहे वह नई सामग्री हो जो पिछले ज्ञान पर निर्भर करती है, या बस उस संस्थान का पता जो उस सड़क पर स्थित है जहां आपके परिचित रहते हैं।","Gital u∙iatanirangna sokatbo jekon na∙a namedake u∙iman∙aha, beben ia gitcham u∙ianirango pangchakgipa gital bosturang ong∙naba donga ba ian maiba poraichakgipa biap jean rama sepango donggipa nang∙ni songdonge ma∙siman∙gimin ong∙naba donga."
बेझिझक उनसे कमेंट सेक्शन में पूछें।,Maming ra∙rikani grian agangipa bako uamang sing∙na man∙gen.
"अपने पैरों को साफ और सूखा रखें, विशेष रूप से पैर की उंगलियों के बीच।","Nangni ja.arangko rongtale aro rane donbo,mongsongbate nangni jasi sambarango."
"नहीं, आप इसे अपने पास रखें।","inghing, iako na﮲a an﮲tangna rakkiaibo"
पुरुषों की पत्नी से महिलाओं का क्या संबंध है?,Mechikara maidake me.asani jikgipani bak nang.a?
"नहीं, आपको अनुमति निर्देश शामिल करने की आवश्यकता नहीं है।","inghing, Na﮲a allow directive-ko man﮲chapatna nangjawa"
"नहीं, मैं इस बारे में बात नहीं करना चाहता।",Inghing—anga iani gimin aganna sikja.
"नहीं, इसके लिए आपको पूरा एक सप्ताह इंतजार नहीं करना पड़ेगा।","Inghing, Na﮲a iana antigimik sengna nangjawa"
दोनों टीमें पहले ही विश्व कप से बाहर हो चुकी हैं।,Dolgnian world cup-ni a∙pal ong∙aha
ऐसा महसूस करें कि मैं यहाँ हज़ार बार आया हूँ।,Anga ianona chang hajalsa re·baha gita nika
ऐसा महसूस करें कि आपका अपने काम पर बहुत कम या कोई नियंत्रण नहीं है।,Na·a nang·ni kamo on·tisasan ba sason man·srangjaha ine chanchibo
महसूस करें कि अंदर क्या हो रहा है।,Ning∙ao maiba ong∙enga ine chanchia.
"नहीं, आप कोई पहेली नहीं देख रहे हैं।","Inghing, na﮲a puzzle-chiko niatjaenga"
दोनों टीमों ने लीग में अब तक खेले गए अपने दोनों मैच जीते हैं।,League-ko kal∙anio dolgnian changni kal∙anio changnion chegipa ong∙aha
"यह तब होता है जब गले के पीछे का नरम ऊतक नींद के दौरान आराम करता है और वायुमार्ग को अवरुद्ध कर देता है, जिससे अक्सर तेज खर्राटे लगते हैं।",Iara jensalo nangni gitokni nomgipa bigil nengtaka nangni tusimitingo jeni asel balwa napgipa ram champenga gita daka unon inggok rake raa gita daka.
अपने कार्यस्थल को हर समय साफ रखें।,Nang﮲ni kam ka﮲chakram biapni samtangtangkon pangnan rongtale rakkibo.
रंगों को एक दूसरे से जोड़ें!,Ge∙sa ge∙gipin baksa rongrangko nangdimatbo!
"यह तब होता है जब आपके स्तनों में नसें उत्तेजित होती हैं, आमतौर पर आपके बच्चे के चूसने के परिणामस्वरूप।",Uan sokni jadilrang sadikachi ongrongbata jensalo bisa maani soko opna abachenga.
अपना काम खुद करें और हमें अपना काम करने दें।,Na﮲a an﮲tangni kamko ka﮲bo aro chingkoba chingni kamko ka﮲na on﮲bo.
दोनों टीमों ने पिछले पांच मैचों में केवल एक बार जीत हासिल की है।,Dolgnian batanggimin changbonga kal∙susanio changpraksan chegipa ong∙kuenga
आईफ़ोन को अपने कंप्यूटर से एक यू. एस. बी. केबल का उपयोग करके कनेक्ट करें (वाई-फाई सिंक का उपयोग करते समय पुनर्प्राप्ति उपलब्ध नहीं होगी) और आईट्यून्स लॉन्च करें।,iPhone-ko nang∙ni computer-o USB cableko chate jakkalbo (WI-FI sync-ko jakkale na∙a recovery ka∙na man∙jawa
"अपने फ्रिज में हर समय स्वस्थ खाद्य पदार्थ, फल और सब्जियों का उचित भंडार रखें।","Antangni be.enna namgni ongipa , namnama cha.anirangko chimonge donbo."
स्मार्ट टीवी को इंटरनेट से कनेक्ट करें।,Smart TV-ko internet baksa nangdimatbo.
इसमें अपनी पसंदीदा सामग्री जोड़ने के लिए स्वतंत्र महसूस करें।,Maming ra∙rikani grian nang∙ni namnikbatgipa bringimin dingtang dingtang bosturangko on∙dapbo.
यह आपके लिए कैसे संभव है?,Maidake iara nangna chol ong.a?
लंबे समय तक बालों का रंग बनाए रखें।,Nangni kni rong ongipako ru.ute donbo.
"लोगों, विशेष रूप से बुजुर्गों से दूरी बनाए रखें।","Antangko manderangoni chele donbo,mangsongbate bilsi onggiminrangoni."
यह आपकी व्यावसायिक योजना के उद्देश्यों को कैसे संबोधित करता है,Nangni bading chiwalani miksongako maidake iara paraka?
"नहीं, आपको सेंट्रल बैंक ऑफ इंडिया स्वर्ण ऋण प्राप्त करने के लिए किसी गारंटर की आवश्यकता नहीं है।","Inghing, Central bank of India Gold loan-ko man﮲na gita na﮲a guarantor-ko nangja"
नींद आती है लेकिन सोना नहीं चाहते।,Tusina sika indiba tusinade man∙ja
यह एक व्यक्ति से दूसरे व्यक्ति में कैसे फैलता है?,Iara maidake saksa mandeoni sakgipinona bata?
अपने जबड़े की मांसपेशियों में तनाव महसूस करें।,Nang∙ni wajaringni ja∙dilrang sa∙dikaniko u∙ibo.
अपनी आवाज़ को नरम और नीची रखें।,Nang﮲ni ku﮲rangko rinokgipa aro ka﮲singipa ong﮲atko.
यह अन्य ऐप से कैसे अलग है,Maidake iara gipin altuatani cholko targipaoni dingtanga?
"नहीं, आपको वही परिणाम नहीं मिलेगा।","Inghing, na﮲a apsan result-ko man﮲jawa"
थकान या थकान का अनुभव हो सकता है।,Neng∙goke ba bilgrianiko man∙enga gita nikenga.
पेट में भारीपन और गंभीर असुविधा महसूस करना;,Oko maiba jrianiko aro namen dongtogijaniko man∙enga.
"अपने संपर्कों या बातचीत को लेबल के साथ व्यवस्थित रखें, ताकि आप उन्हें आसानी से फिर से ढूंढ सकें।",Nangni nanggiparang aro golpogiparangko name chin gnang tiktak ka.e donbo jedakode na.a altuen nikna gita manggen.
अपने आहार को पूरे खाद्य पदार्थों पर केंद्रित रखें।,Nangni chaggipa bosturangko chugimik onggipa cha.anirang ongna jotton kabo.
"अपने हाथ मेरे सिर पर रखें,",Nang jakko ang sko o donbo
"नहीं, मैं वास्तविक दुनिया में रहता हूँ।","Inghing, angade chong﮲motgipa a﮲gilsakosa donga"
अपनी पसंदीदा कहानियों को अपने स्मार्टफोन पर रखें।,Nangni namnikgipa golporangko nangni ku.siltingo chipe donbo.
लंबे समय तक अस्वस्थ महसूस करना,Ru∙uta salrangna an∙sengijaniko man∙enga.
बेझिझक इधर-उधर ब्राउज़ करें और इनमें से प्रत्येक क्रिप्टोकरेंसी के लाभों और कमियों को देखें और उन क्रिप्टोकरेंसी सट्टेबाजी साइटों में से कुछ खोजें जो उन्हें स्वीकार करती हैं।,Maming ra∙rikani grian namedake sandibo aro maina ia Crypto currency-rangara gamchata ba mai salrikanirang donga uko nibo aro Crypto currency baji kal∙gipa biap-ko sandibo jeon uarangko ra∙chakgen.
आप जो कुछ भी करते हैं उसके बारे में खुद को भावुक रखें।,Na﮲a nang﮲ni kamko kusi ong﮲e dakgipa ong﮲bo.
"नहीं, आपको जर्नल या योग करने की आवश्यकता नहीं है।","Inghing, na﮲a journal sea aro Yoga kal﮲aniko dakkuja"
"यह प्राकृतिक रूप से विभिन्न प्रकार के खाद्य पदार्थों में होता है, जिनमें निम्नलिखित शामिल हैंः",Uano ongtelaigipa ban ongani rokomrang gnang jerangan
"अपने बच्चे को जितना संभव हो उतना पीछे की ओर रखें, यानी जब तक कि आपका बच्चा कार सीट के निर्माता द्वारा अनुमत शीर्ष ऊंचाई या वजन सीमा तक नहीं पहुंच जाता।",Nangni bi.sako mikkangchi nie rena manggipagari ni biapo asongatbo jensalona bia chuongagita dalaha ba jreaha jekon gari tarigiparang tik ka.aha..
"डोनट पर नजर रखें,",Nangni mikronrangko donut cha.anio donbo
दोनों टीमों ने नवंबर 2019 में क्वालीफाई किया।,Dolgnian 2019-ni November jaon seokako man∙aha
अपने बच्चे को हर समय पहुँच के भीतर रखें जब वह पानी में हो।,Nangni bi.sako chi ro.ani somio pangna jak sokao rodilrangbo
"नहीं, तुम रानी नहीं हो।","Ihing, Na﮲a rani ong﮲ja"
अपने बच्चे के कमरे को अंधेरा रखें।,Nangni bi.sani turamko andale donbo.
घंटों तक अपने हाथों को व्यस्त रखें।,Kantani kantana nang jakko kam kae donbo.
आइसलैंड के प्राकृतिक आश्चर्यों से बहुत दूर महसूस कर रहे हैं?,Namen bilgrie nikenga ba rang∙sitna neng∙nika gita nikenga.
"नए ज्ञान को उन जानकारी से जोड़ें जो आपके दिमाग में पहले से है, चाहे वह नई सामग्री हो जो पिछले ज्ञान पर आधारित हो, या किसी ऐसे व्यक्ति के पते के रूप में आसान हो जो सड़क पर रहता है जहां आप पहले से ही किसी को जानते हैं।","Nang∙ni gisiko chanchie donenggipa gital u∙ianirangko uiatbo, ian gitcham u∙ianirangna jakkalgipa gital bostu ong∙janaba donga ba maiba saoba jean ramao donggipako altue dakna man∙gipa jekon na∙a ma∙simangimin ong∙a."
अपनी बाहर की बत्तियाँ भी चालू रखें।,Nang﮲ni a﮲palo teng﮲atanirangkoba so﮲e donbo.
अपने प्रशिक्षण सत्रों को छोटा रखें-दिन में 2-3 बार लगभग 10 मिनट।,Nang﮲ni ranta ka﮲aniko bakkandikate minute 10 prak salo chang 2 ba 3 dake ka﮲bo.
"इस मील के पत्थर को हासिल करने और पीछे मुड़कर देखने के बाद, मैं बस इतना कह सकता हूं-यह सब इसके लायक है।",Chu∙sokanirangko man∙ani ja∙mano nipilaton‚ ian angna mairongpile gamchatgipa ong∙aha ine anga agangen
दोनों टीमों ने 97 रन बनाए हैं।,Dolgnian 97 run-ko man∙aha
अगले कुछ दिनों के लिए मौसम का पूर्वानुमान कैसा है?,Re.baenggipa salrangna mai dakgipa salrangko aganso.aniko onnaha?.
कनेक्ट सिस्टम कॉल का उपयोग करके सर्वर के पते से साकेट को कनेक्ट करें।,Connect system () cal-ko jakkale Socketko server-o tekbo.
पूरी प्रक्रिया के दौरान अपनी आँखें बंद रखें।,Nangni mikrongrangko pangnan mikchipe donna nanga.
दोनों देशों के बीच पर्यटन की स्थिति कैसी है?,A.song gegni gisepo songre songbate an.sengna rebaggiprangni namlalarang mai rokom?
"यह महसूस करते हुए कि मैं आज दुनिया से टकरा रहा हूँ,",A∙gilsak baksa da∙alo anga chatingrikenga gita chanchiman∙a.
हर समय अपने नाम का बैज लगा कर रखें।,Nang﮲ni bimungko segipa badge ko pangnan ra﮲bitbo.
वाक्य में शब्द का उपयोग कैसे किया जाता है?,Kattako maidake chyu.soke se.anio jakkala?
आँखों में कुछ महसूस करना,Mikron-o maiba donga gita nikenga.
ऑनलाइन गेम खेलकर अपने बच्चों को सुरक्षित रखें।,Nangni bi.sako simsake donbo ongenggipa kalanirangoni.
यह अन्य उत्पादों से कैसे अलग है?,Mingippin bosturangko toede iara maidake dingtangbata?
अंगनी बे एन बिगिल वा अल कामेंगा डाके चांचिया।,
"नहीं, आप नहीं कर सकते, क्योंकि वे दो पूरी तरह से अलग चीजें हैं।","Inghing, na﮲a Man﮲jawa, maina iarang minggnian namen dingtanggrika"
अपने बच्चे के वातावरण को साफ रखेंः,Nangni bi.sani dongramko rongtale rakkibo.
यह पश्चिमी यूरोप से कैसे अलग है?,Saliramo donggipa Europe a.song baksa iara maidake dingtanga?
अपने कंधों को दीवार के खिलाफ एक मिनट के लिए पीछे रखें (या जब तक आप इसे पकड़ सकते हैं)।,Nang﮲ni pakkreko pakmao dandane minute sa na dongbo ( man﮲a ong﮲ode ru﮲ute dongna jotton ka﮲bo)
"इसे कैसे संभाला जाना चाहिए, यह एक और मुद्दा है।",Maikai iako dakna nanga uade mingsa chanchiani ong.a?
चौथे टेस्ट के लिए दोनों टीमें,Dolgnian 4 gipa Test kal∙anina
बेझिझक उनके फेसबुक पेज में शामिल हों और अपनी टिप्पणियां और प्रश्न पोस्ट करें।,Maming ra∙rikani grian uni facebooko napbo aro nang∙ni agananirangko aro sing∙anirangko sing∙bo.
इसने अमेरिकी चुनावों को कैसे प्रभावित किया?,Maidake iara US o dilgipako seokaniko dingtangata?
अपने दाहिने पैर को थोड़ा झुकाए रखें।,Nang﮲ni jakrani ja﮲ako on﮲tisa kom﮲atbo.
अपने कोलेस्ट्रॉल के स्तर को सामान्य या उससे कम रखें।,Nangni be.en ni mitimrangko nama gadango ba ong.bewalo donbo.
अपने सॉफ्टवेयर को अद्यतित रखें,Nang﮲ni softwareko up-to-date dakbo.
अपने ड्राइवरों को हमेशा अद्यतित रखें।,Nangni gari ko salgiparang pangnan a.sako ong.a obostarangni gimin talrong.e donna
अपनी आँखों को सुरक्षित और स्वस्थ रखें।,Nangni mikronrangko naljoke aro ansenge rakkibo.
यह कैसे संभव है और यह कब होगा?,Iara maidake ongna ama aro basako iara onggen?
यह पारंपरिक समाधानों से कैसे अलग है?,Ma.gitcham pagitchamrangni dakbewalrangoni maidake iara dingtanga?
फोन को हर समय चालू रखें।,Nang﮲ni phone-ko pilak somoirangon on ka﮲e donbo.
"इस अपार अवसर को महसूस करते हुए, भारत में लगभग 200 उभरती हुई ए. आई. कंपनियाँ विभिन्न उद्योगों के लिए ए. आई.-आधारित समाधानों का नवाचार और निर्माण कर रही हैं।","Bilakgipa cholko man∙enga gita nikenga jean mikkangchi ong∙gnigipa, India-o ge-200 AI company-rang dingtang dingtang karkanarangna namatani cholo pangchake AI-ko tarienga aro ong∙katatenga."
"इसे कैसे प्रस्तुत किया जाता है, यह एक विशेष प्रश्न है।",Maidake dingtange mesokanina sing.anide dintangmancha?
दोनों उपकरणों को अपने कंप्यूटर से कनेक्ट करें।,Ge∙gni deviceko nang∙ni computer-o tekbo
यह शरीर के अंदर कैसे काम करता है?,Maidake iara been ningao kam ka.a?
टिप्पणियों पर सवाल पूछने के लिए स्वतंत्र महसूस करें।,Maming ra∙rikani grian agangimin-rango pangchake sing∙bo.
दिन के समय खुद को हाइड्रेटेड रखें।,Na﮲a an﮲tangni be﮲enko ran﮲angija salgimik chi gnang rakkibo.
अपने कार्ड को सुरक्षित स्थान पर रखें।,Nangni nanga lekkarangko kadongna manggipa biapo donbo.
दूसरों के लिए अपना दिमाग खुला रखें।,Na﮲a sakgipinrangni giminba chanchigipa ong﮲bo.
पहले 45 मिनट तक दोनों टीमें गोलरहित रहीं।,Dolgnian minit 45-na darangkoba chipgrikjaha
अपनी दवाएं ठंडे पानी के साथ न लें।,Nang∙ni samko chi ka∙sinchi ringnabe
संतुलन बनाए रखने के लिए अपनी आंखें खुली रखें।,Nangni mikronrangko apsan ongatnagita tarie donbo
अपना मोबाइल अपने पास रखें।,Nangni ku.siliting ku.rang ong.atgipa ko nang baksa donbo
लगभग बीस मिनट के आराम के बाद मैं फिर से वहाँ गया।,Minist kolgrikrangna neng∙takani ja∙man anga uanona re∙angpila.
अपने फोन को कमरे के तापमान पर रखें।,Nang﮲ni phone-ko nokningni temperatureo donbo.
"यह तब होता है जब शरीर द्वारा बहुत अधिक यूरिक एसिड छोड़ा जाता है, या पर्याप्त यूरिक एसिड अवशोषित नहीं होता है।",Nanggijagipa moilarang be.enoni ongkata ba nangagita uko be.en ningao rana manjaha unon ia ongrongbata.
आराम महसूस करें और खेल के लिए तैयार रहें।,Kal∙susana tarimanaha aro gisik dongtobatenga.
"लगभग एक घंटे के बाद, मैं घर वापस चलता हूँ।",Baditaba kantani ja∙mano anga nokchi re∙angpilaha.
आपके पास जो कुछ भी है उसे अपने घर पर इस्तेमाल करने के लिए स्वतंत्र महसूस करें।,Ja·jaman·gijaan nang·ni noko donggako jakkalbo.
समाजवाद के साथ यह कैसे काम नहीं किया,Maidake iara jinma sorkario bak ra.anio chusokgipa ongjaha?
"नहीं, आपको अपने टिकट का पूरा पैसा वापस मिल जाएगा।","inghing, na﮲a nang﮲ni ticket-ni damko chu﮲gimik man﮲pilgen"
अपना मुँह सूरज की ओर रखें और आप कभी छाया नहीं देखेंगे।-हेलेन केलर,Nangni mikkangko salchi nangatbo aro na.a Shadow Helen Keller koba nikjawa.
"नहीं, आप इसे जावा में नहीं कर सकते।","inghing, na﮲aiako java -o dakna man﮲jawa"
यह अन्य जीवन बीमा से कैसे अलग है,Maidake iara naljoke rakkiana donggipa tangakoni dingtang.a?
लगभग एक घंटे के बाद वे सभी बैठक कक्ष में लौट आए।,Adita kantarangni ja∙mano uamang plakan asongchakram dringona pil∙batokaha.
कार्ड को अपने कंप्यूटर सिस्टम से कनेक्ट करें।,Card-ko nang∙ni computer system-o tekbo.
ड्राइव को यूएसबी 3.0 पोर्ट से कनेक्ट करें।,USB-ni 3.0 port-o driveko tekbo.
इकाई को किसी अन्य बिजली स्रोत से जोड़ें।,Ia bostuko ge∙gipin bijoli man∙ao tekbo.
अपने अंदर की शक्ति को महसूस करें।,An∙tangni ning∙ani bilko u∙ibo.
इसे पीसी या मैक से कनेक्ट करें।,Iako PC ba Mac-o tekbo
अगर आप हैं तो अपना मुंह बंद रखें।,Na﮲a man﮲a dipet jrip dongbo.
"नहीं, आप अपना सारा डेटा नहीं खोएंगे।","Inghing, na﮲a nang﮲ni gimik data-ko gimaatjawa"
इस उपकरण के लिए समान या पूरी तरह से अलग मुद्दों के लिए इस पृष्ठ पर जाने के लिए स्वतंत्र महसूस करें।,Ja·jaman·gijaan ia bostuni dingtanggipa ba apsangipa neng·nikanirangna ia page-ko nibo.
अस्पताल से घर लौटने के बाद अपने कुत्ते को ठीक करने के लिए लगभग दो सप्ताह तक चुप रखें।,Nangni a.chako nokningao jripjrip antigni rangna dongbo jensalo bia sanram biapo noktango rebaa maina ua nama gita somoirangko nanga.
अपने तेल के अर्क को लगभग एक साल तक रखें।,Nang﮲ni to tarianiko bilsisarangna donbo.
कुछ दिनों तक बुरा महसूस करना आम बात है।,Baditaba salna namgija dake nikaniara ramramsa.
यह भविष्य में इंटरनेट को कैसे बदल देगा?,Altue skie rani cholko onggipani ambino maidake dingtanggen?
जब आप खाते हैं तो आप नियंत्रण से बाहर महसूस करते हैं?,Cha·on na·a dontongna man·jawajok ine chanchiama?
क्या आपको अपने काम पर गर्व नहीं है?,Na∙a nang∙ni kamo rasong chajama?
आपके शहर में मौसम कैसा है?,Sal karirang na.songni songjinmao mai rokom?
"नहीं, आपकी मशीन बहुत तेज नहीं है।","Inghing, nang﮲ni machine indakpile ta﮲rakgipa ong﮲ja"
अक्सर अनदेखी किए जाने वाले एवोकैडो गड्ढे से थोड़ी मदद लेकर अपने ग्वाक को हरा रखें।,Nangni avocado baksa bringipako tangsimme donbo.
एक अच्छी बातचीत के लिए साथ आने के लिए स्वतंत्र महसूस करें!,Maming ra∙rikani gri nama agngrikaniko agangrikna ang baksa re∙babo
ठंड से खुद को सुरक्षित रखें।,Na﮲a an﮲tangko ka﮲sina man﮲aoni naljoke dongbo.
"नहीं, आपको कुछ भी डाउनलोड या इंस्टॉल करने की आवश्यकता नहीं है।","Inghing, na﮲a mamungkoba download aro install ka﮲na nangjawa"
पीसी को यूएसबी या आरएस232 के माध्यम से कनेक्ट करें।,USB ba RS232-ko PC-o nangdimatbo.
निम्नलिखित कदम उठाकर अपने डेटा को सुरक्षित रखेंः,Nangni pangchakaniko simsake donna ia ja.kurangko jarikkbo.
अपना चेहरा धूप की ओर रखें और आप हेलेन केलर की छाया को नहीं देख सकते हैं।,Nangni mikkangko salchi nangatbo aro na.a Shadow Helen Keller koba nikjawa.
अपने बच्चे के कमरे को शांत और ध्यान भटकाने वाली चीज़ों जैसे कि टेलीविजन या कंप्यूटर से मुक्त रखें।,Nangni bi.sani turamko jripjrang dakgipa aro bingbangatgijagipao donbo jekai noksarangko niso.ani kol ba bijolichi chalaigipa kol dakgiparangoni chele.
अपने काम को अद्यतित रखें।,Nang﮲ni kamrangko up-to-date ka﮲bo.
अपने बच्चे को तब तक पीछे की ओर रखें जब तक कि वह आपकी कार सीट के निर्माता द्वारा अनुमत शीर्ष ऊंचाई या वजन सीमा तक न पहुँच जाए।,Nangni bi.sako mikkangchi nie rena manggipagari ni biapo asongatbo jensalona bia chuongagita dalaha ba jreaha jekon gari tarigiparang tik ka.aha..
अपनी कोहनी को अपने शरीर की ओर रखें।,Nangni jaksku ko been chipakna donatbo.
विशेषज्ञ के साथ सहज महसूस करना आपके मूल्यांकन के लिए सही व्यक्ति चुनने का एक महत्वपूर्ण हिस्सा है।,Saoba dingtangmanchagipaming ong∙na man∙anio dongtoaniko man∙aniara namen gamchatgipa ong∙a jekon an∙tangko nipilna gita chong∙mot mandeko baseaha.
दोनों ही टीमें अपने सभी मैच हार गई हैं।,Uamangni jinma kal∙susanio dolgnian ama cha∙aha
अपने पैरों को एक साथ रखें और उन्हें अपने शरीर के साथ संरेखित करें।,Antangni ja.arangko apsan be.enming sronge donbo.
दोनों टीमें स्टेडियम में पहुंच गई हैं और वे वार्म अप कर रही हैं।,Dolgnian kal∙chakramona sokaha aro uamang be∙en ding∙atna ranta ka∙aniko dakenga
अपने पैरों को एक दूसरे से थोड़ा दूर रखें।,Nang﮲ni ja﮲arangko ge﮲sa gegipinoni on﮲tisa cheltangate donbo.
चलते समय पैरों में दर्द महसूस होना।,Rama re∙o ja∙ao sa∙dikaniko man∙enga.
"नहीं, आप विकृत करते हैं और बिल्कुल भी नहीं समझते हैं कि जर्मन तुरंत कीव को लेने, हमारी सुरक्षा को तोड़ने और स्टेलिनग्राद पर कब्जा करने में सक्षम नहीं थे, वे भी 1 और कटुकोवा की सुरक्षा को तोड़ने में विफल रहे, इसलिए उन्हें प्रोखोरोव्का की दिशा में जाना पड़ा।","Inghing, na﮲a dingtangatako man﮲aha aro Germanrang Kiev-ko rang﮲sanra﮲naman﮲jae,An﮲chingni champenggiparangko pe﮲aha aro Stalingrad-ko chagropaha, uamangba 1 ni aro Katukova-ni champenggiparangko pe﮲na man﮲jahani gimin Prokhorovka- chipakna re﮲angskaha ine na﮲a ma﮲sichaksrangjaha"
आलस महसूस होना और शरीर में ऊर्जा की कमी होना,Be∙eno aratenga aro bilgrianiko man∙enga.
अच्छा करके अच्छा महसूस करनाः प्रामाणिक आत्म-सम्मान और कल्याण के लिए एक गाइड,Namako dake nambate nikenga: Feeling Good by Doing Good: A Guide to An∙tangni bebera∙anio kim∙kim dongna aro namgipa mande ong∙na rama
अपनी नज़रें रास्ते पर रखें।,Nangni mikronrangko kamo gisik onna nanga.
अपने कसरत को ताज़ा और चुनौतीपूर्ण रखें।,Nang﮲ni ranta ka﮲anitangko gital dakanirang aro ra﮲bianirang baksa ka﮲bo.
अपनी सुरक्षा को हल्के में न लें।,Nang∙na chel∙chakaniko altuae ra∙nabe.
किसी हानि या मृत्यु के बाद लंबे समय तक दुःख महसूस करें।,Gimaani ba siani ja·mano ru·uten simbrabejok
"आप जो भी अनुकूलन चाहते हैं, उसे करने के लिए स्वतंत्र महसूस करें।",Maming ra∙rikani gri maikoba on∙dapnakode man∙gen.
